Date,Time,Div,HomeTeam,AwayTeam,FTHG,FTAG,Status,MatchID
2026-10-09,20:00,AUT,Wolfsberger AC,Austria Vienna,,,SCHEDULED,AUT_20261009_Wolfsberger_AC_Austria_Vienna
2026-10-09,20:00,B1,Standard,Anderlecht,,,SCHEDULED,B1_20261009_Standard_Anderlecht
2026-10-09,20:00,DNK,Randers FC,Lyngby,,,SCHEDULED,DNK_20261009_Randers_FC_Lyngby
2026-10-09,20:00,E1,West Ham,QPR,,,SCHEDULED,E1_20261009_West_Ham_QPR
2026-10-09,20:00,E3,Grimsby,Colchester,,,SCHEDULED,E3_20261009_Grimsby_Colchester
2026-10-09,20:00,G1,Atromitos,Kalamata,,,SCHEDULED,G1_20261009_Atromitos_Kalamata
2026-10-09,20:00,N1,Willem II,Twente,,,SCHEDULED,N1_20261009_Willem_II_Twente
2026-10-09,20:00,P1,Porto,Rio Ave,,,SCHEDULED,P1_20261009_Porto_Rio_Ave
2026-10-09,20:00,POL,Jagiellonia,Korona Kielce,,,SCHEDULED,POL_20261009_Jagiellonia_Korona_Kielce
2026-10-09,20:00,ROU,Dinamo Bucuresti,FC Voluntari,,,SCHEDULED,ROU_20261009_Dinamo_Bucuresti_FC_Voluntari
2026-10-09,20:00,SWZ,Sion,Zurich,,,SCHEDULED,SWZ_20261009_Sion_Zurich
2026-10-09,20:00,T1,Goztep,Rizespor,,,SCHEDULED,T1_20261009_Goztep_Rizespor
2026-10-09,20:30,D1,Mainz,RB Leipzig,,,SCHEDULED,D1_20261009_Mainz_RB_Leipzig
2026-10-09,20:30,D2,St Pauli,Cottbus,,,SCHEDULED,D2_20261009_St_Pauli_Cottbus
2026-10-09,20:45,F1,Troyes,Angers,,,SCHEDULED,F1_20261009_Troyes_Angers
2026-10-09,20:45,F2,Grenoble,Clermont,,,SCHEDULED,F2_20261009_Grenoble_Clermont
2026-10-09,20:45,I1,Genoa,Inter,,,SCHEDULED,I1_20261009_Genoa_Inter
2026-10-09,20:45,I2,Cesena,Carrarese,,,SCHEDULED,I2_20261009_Cesena_Carrarese
2026-10-09,21:00,ARG,Huracan,Estudiantes Rio Cuarto,,,SCHEDULED,ARG_20261009_Huracan_Estudiantes_Rio_Cuarto
2026-10-09,21:00,ARG,Instituto,Dep. Riestra,,,SCHEDULED,ARG_20261009_Instituto_Dep_Riestra
2026-10-09,21:00,BRA,Internacional,Gremio,,,SCHEDULED,BRA_20261009_Internacional_Gremio
2026-10-09,21:00,MEX,Queretaro,Pachuca,,,SCHEDULED,MEX_20261009_Queretaro_Pachuca
2026-10-09,21:00,SP1,Sociedad,Barcelona,,,SCHEDULED,SP1_20261009_Sociedad_Barcelona
2026-10-09,21:00,SP2,Almeria,Oviedo,,,SCHEDULED,SP2_20261009_Almeria_Oviedo
2026-10-09,21:00,USA,Inter Miami,Toronto FC,,,SCHEDULED,USA_20261009_Inter_Miami_Toronto_FC
2026-10-09,21:00,USA,St. Louis City,Houston Dynamo,,,SCHEDULED,USA_20261009_St_Louis_City_Houston_Dynamo
2026-10-10,12:30,E0,Arsenal,Leeds,,,SCHEDULED,E0_20261010_Arsenal_Leeds
2026-10-10,12:30,E1,Charlton,Bristol City,,,SCHEDULED,E1_20261010_Charlton_Bristol_City
2026-10-10,12:30,E1,Swansea,Norwich,,,SCHEDULED,E1_20261010_Swansea_Norwich
2026-10-10,12:30,E1,West Brom,Birmingham,,,SCHEDULED,E1_20261010_West_Brom_Birmingham
2026-10-10,13:30,E2,Notts County,Oxford,,,SCHEDULED,E2_20261010_Notts_County_Oxford
2026-10-10,13:30,E2,Plymouth,AFC Wimbledon,,,SCHEDULED,E2_20261010_Plymouth_AFC_Wimbledon
2026-10-10,14:00,CHN,Qingdao Hainiu,Shanghai Port,,,SCHEDULED,CHN_20261010_Qingdao_Hainiu_Shanghai_Port
2026-10-10,14:00,CHN,Shandong Taishan,Liaoning Tieren,,,SCHEDULED,CHN_20261010_Shandong_Taishan_Liaoning_Tieren
2026-10-10,14:00,CHN,Shanghai Shenhua,Zhejiang Professional,,,SCHEDULED,CHN_20261010_Shanghai_Shenhua_Zhejiang_Professional
2026-10-10,14:00,JPN,Avispa Fukuoka,Kyoto,,,SCHEDULED,JPN_20261010_Avispa_Fukuoka_Kyoto
2026-10-10,14:00,JPN,Chiba,Kashiwa Reysol,,,SCHEDULED,JPN_20261010_Chiba_Kashiwa_Reysol
2026-10-10,14:00,JPN,Shimizu S-Pulse,FC Tokyo,,,SCHEDULED,JPN_20261010_Shimizu_S_Pulse_FC_Tokyo
2026-10-10,14:00,SP1,Elche,Levante,,,SCHEDULED,SP1_20261010_Elche_Levante
2026-10-10,14:00,SP1,Valencia,Vallecano,,,SCHEDULED,SP1_20261010_Valencia_Vallecano
2026-10-10,14:00,SP2,Leganes,Las Palmas,,,SCHEDULED,SP2_20261010_Leganes_Las_Palmas
2026-10-10,14:00,SP2,Mallorca,Cordoba,,,SCHEDULED,SP2_20261010_Mallorca_Cordoba
2026-10-10,15:00,E0,Aston Villa,Brentford,,,SCHEDULED,E0_20261010_Aston_Villa_Brentford
2026-10-10,15:00,E0,Chelsea,Bournemouth,,,SCHEDULED,E0_20261010_Chelsea_Bournemouth
2026-10-10,15:00,E0,Ipswich,Fulham,,,SCHEDULED,E0_20261010_Ipswich_Fulham
2026-10-10,15:00,E0,Sunderland,Brighton,,,SCHEDULED,E0_20261010_Sunderland_Brighton
2026-10-10,15:00,E1,Blackburn,Cardiff,,,SCHEDULED,E1_20261010_Blackburn_Cardiff
2026-10-10,15:00,E1,Bolton,Stoke,,,SCHEDULED,E1_20261010_Bolton_Stoke
2026-10-10,15:00,E1,Derby,Wrexham,,,SCHEDULED,E1_20261010_Derby_Wrexham
2026-10-10,15:00,E1,Middlesbrough,Wolves,,,SCHEDULED,E1_20261010_Middlesbrough_Wolves
2026-10-10,15:00,E1,Preston,Millwall,,,SCHEDULED,E1_20261010_Preston_Millwall
2026-10-10,15:00,E1,Sheffield United,Lincoln,,,SCHEDULED,E1_20261010_Sheffield_United_Lincoln
2026-10-10,15:00,E1,Watford,Burnley,,,SCHEDULED,E1_20261010_Watford_Burnley
2026-10-10,15:00,E3,Barnet,Exeter,,,SCHEDULED,E3_20261010_Barnet_Exeter
2026-10-10,15:00,E3,Cheltenham,Bristol Rvs,,,SCHEDULED,E3_20261010_Cheltenham_Bristol_Rvs
2026-10-10,15:00,E3,Crawley Town,Rochdale,,,SCHEDULED,E3_20261010_Crawley_Town_Rochdale
2026-10-10,15:00,E3,Newport County,Crewe,,,SCHEDULED,E3_20261010_Newport_County_Crewe
2026-10-10,15:00,E3,Oldham,Swindon,,,SCHEDULED,E3_20261010_Oldham_Swindon
2026-10-10,15:00,E3,Port Vale,Walsall,,,SCHEDULED,E3_20261010_Port_Vale_Walsall
2026-10-10,15:00,E3,Rotherham,Fleetwood Town,,,SCHEDULED,E3_20261010_Rotherham_Fleetwood_Town
2026-10-10,15:00,E3,Shrewsbury,Gillingham,,,SCHEDULED,E3_20261010_Shrewsbury_Gillingham
2026-10-10,15:00,I1,Lecce,Napoli,,,SCHEDULED,I1_20261010_Lecce_Napoli
2026-10-10,15:00,I1,Parma,Como,,,SCHEDULED,I1_20261010_Parma_Como
2026-10-10,15:00,I2,Cremonese,Empoli,,,SCHEDULED,I2_20261010_Cremonese_Empoli
2026-10-10,15:00,I2,Virtus Entella,Modena,,,SCHEDULED,I2_20261010_Virtus_Entella_Modena
2026-10-10,15:00,NOR,Kristiansund,Rosenborg,,,SCHEDULED,NOR_20261010_Kristiansund_Rosenborg
2026-10-10,15:00,NOR,Lillestrom,Brann,,,SCHEDULED,NOR_20261010_Lillestrom_Brann
2026-10-10,15:00,NOR,Valerenga,HamKam,,,SCHEDULED,NOR_20261010_Valerenga_HamKam
2026-10-10,15:00,SC0,Dundee,Celtic,,,SCHEDULED,SC0_20261010_Dundee_Celtic
2026-10-10,15:00,SC0,Kilmarnock,Dundee United,,,SCHEDULED,SC0_20261010_Kilmarnock_Dundee_United
2026-10-10,15:00,SC0,Rangers,Motherwell,,,SCHEDULED,SC0_20261010_Rangers_Motherwell
2026-10-10,15:00,SC0,St Mirren,Hearts,,,SCHEDULED,SC0_20261010_St_Mirren_Hearts
2026-10-10,15:00,SWE,Hammarby,GAIS,,,SCHEDULED,SWE_20261010_Hammarby_GAIS
2026-10-10,15:00,SWE,Mjallby,Goteborg,,,SCHEDULED,SWE_20261010_Mjallby_Goteborg
2026-10-10,15:00,SWE,Orgryte,Hacken,,,SCHEDULED,SWE_20261010_Orgryte_Hacken
2026-10-10,15:30,D1,Dortmund,Augsburg,,,SCHEDULED,D1_20261010_Dortmund_Augsburg
2026-10-10,15:30,D1,FC Koln,Elversberg,,,SCHEDULED,D1_20261010_FC_Koln_Elversberg
2026-10-10,15:30,D1,Hamburg,Ein Frankfurt,,,SCHEDULED,D1_20261010_Hamburg_Ein_Frankfurt
2026-10-10,15:30,D1,Leverkusen,Werder Bremen,,,SCHEDULED,D1_20261010_Leverkusen_Werder_Bremen
2026-10-10,15:30,D1,Paderborn,Schalke 04,,,SCHEDULED,D1_20261010_Paderborn_Schalke_04
2026-10-10,15:30,D2,Dresden,Karlsruhe,,,SCHEDULED,D2_20261010_Dresden_Karlsruhe
2026-10-10,15:30,D2,Kaiserslautern,Bochum,,,SCHEDULED,D2_20261010_Kaiserslautern_Bochum
2026-10-10,15:30,D2,Magdeburg,Hannover,,,SCHEDULED,D2_20261010_Magdeburg_Hannover
2026-10-10,15:30,D2,Nurnberg,Darmstadt,,,SCHEDULED,D2_20261010_Nurnberg_Darmstadt
2026-10-10,15:30,D2,Wolfsburg,Bielefeld,,,SCHEDULED,D2_20261010_Wolfsburg_Bielefeld
2026-10-10,16:00,CHN,Tianjin Jinmen Tiger,Chongqing Tonglianglong,,,SCHEDULED,CHN_20261010_Tianjin_Jinmen_Tiger_Chongqing_Tonglianglong
2026-10-10,16:00,CHN,Wuhan Three Towns,Henan Songshan Longmen,,,SCHEDULED,CHN_20261010_Wuhan_Three_Towns_Henan_Songshan_Longmen
2026-10-10,16:00,E2,Bradford,Leyton Orient,,,SCHEDULED,E2_20261010_Bradford_Leyton_Orient
2026-10-10,16:00,E2,Cambridge,Blackpool,,,SCHEDULED,E2_20261010_Cambridge_Blackpool
2026-10-10,16:00,E2,Doncaster,Burton,,,SCHEDULED,E2_20261010_Doncaster_Burton
2026-10-10,16:00,E2,Huddersfield,Sheffield Weds,,,SCHEDULED,E2_20261010_Huddersfield_Sheffield_Weds
2026-10-10,16:00,E2,Leicester,Peterboro,,,SCHEDULED,E2_20261010_Leicester_Peterboro
2026-10-10,16:00,E2,Mansfield,Bromley,,,SCHEDULED,E2_20261010_Mansfield_Bromley
2026-10-10,16:00,E2,Milton Keynes Dons,Reading,,,SCHEDULED,E2_20261010_Milton_Keynes_Dons_Reading
2026-10-10,16:00,E2,Stevenage,Wigan,,,SCHEDULED,E2_20261010_Stevenage_Wigan
2026-10-10,16:00,E2,Stockport,Barnsley,,,SCHEDULED,E2_20261010_Stockport_Barnsley
2026-10-10,16:00,E2,Wycombe,Luton,,,SCHEDULED,E2_20261010_Wycombe_Luton
2026-10-10,16:00,JPN,Kashima Antlers,Kawasaki Frontale,,,SCHEDULED,JPN_20261010_Kashima_Antlers_Kawasaki_Frontale
2026-10-10,16:00,JPN,Urawa Reds,Mito,,,SCHEDULED,JPN_20261010_Urawa_Reds_Mito
2026-10-10,16:15,SP1,Ath Madrid,Ath Bilbao,,,SCHEDULED,SP1_20261010_Ath_Madrid_Ath_Bilbao
2026-10-10,16:15,SP2,Albacete,Celta B,,,SCHEDULED,SP2_20261010_Albacete_Celta_B
2026-10-10,16:15,SP2,Eldense,Girona,,,SCHEDULED,SP2_20261010_Eldense_Girona
2026-10-10,17:00,F1,Le Havre,Lens,,,SCHEDULED,F1_20261010_Le_Havre_Lens
2026-10-10,17:00,F1,Paris SG,Paris FC,,,SCHEDULED,F1_20261010_Paris_SG_Paris_FC
2026-10-10,17:00,F2,Reims,Nancy,,,SCHEDULED,F2_20261010_Reims_Nancy
2026-10-10,17:00,F2,St Etienne,Metz,,,SCHEDULED,F2_20261010_St_Etienne_Metz
2026-10-10,17:30,E0,Man United,Tottenham,,,SCHEDULED,E0_20261010_Man_United_Tottenham
2026-10-10,17:30,E3,Accrington,Chesterfield,,,SCHEDULED,E3_20261010_Accrington_Chesterfield
2026-10-10,17:30,NOR,Sandefjord,Fredrikstad,,,SCHEDULED,NOR_20261010_Sandefjord_Fredrikstad
2026-10-10,17:30,NOR,Tromso,Bodo/Glimt,,,SCHEDULED,NOR_20261010_Tromso_Bodo_Glimt
2026-10-10,17:30,SC0,Falkirk,Aberdeen,,,SCHEDULED,SC0_20261010_Falkirk_Aberdeen
2026-10-10,17:30,SWE,AIK,Kalmar,,,SCHEDULED,SWE_20261010_AIK_Kalmar
2026-10-10,17:30,SWE,Sirius,Halmstad,,,SCHEDULED,SWE_20261010_Sirius_Halmstad
2026-10-10,18:00,AUT,SK Rapid,Tirol,,,SCHEDULED,AUT_20261010_SK_Rapid_Tirol
2026-10-10,18:00,B1,Beveren,Westerlo,,,SCHEDULED,B1_20261010_Beveren_Westerlo
2026-10-10,18:00,B1,Charleroi,Gent,,,SCHEDULED,B1_20261010_Charleroi_Gent
2026-10-10,18:00,B1,St Truiden,Mechelen,,,SCHEDULED,B1_20261010_St_Truiden_Mechelen
2026-10-10,18:00,DNK,Silkeborg,Horsens,,,SCHEDULED,DNK_20261010_Silkeborg_Horsens
2026-10-10,18:00,G1,Aris,Panathinaikos,,,SCHEDULED,G1_20261010_Aris_Panathinaikos
2026-10-10,18:00,G1,Asteras Tripolis,PAOK,,,SCHEDULED,G1_20261010_Asteras_Tripolis_PAOK
2026-10-10,18:00,I1,Atalanta,Lazio,,,SCHEDULED,I1_20261010_Atalanta_Lazio
2026-10-10,18:00,I1,Bologna,Frosinone,,,SCHEDULED,I1_20261010_Bologna_Frosinone
2026-10-10,18:00,I2,Ascoli,Verona,,,SCHEDULED,I2_20261010_Ascoli_Verona
2026-10-10,18:00,I2,Avellino,Mantova,,,SCHEDULED,I2_20261010_Avellino_Mantova
2026-10-10,18:00,N1,AZ Alkmaar,Cambuur,,,SCHEDULED,N1_20261010_AZ_Alkmaar_Cambuur
2026-10-10,18:00,N1,Excelsior,Zwolle,,,SCHEDULED,N1_20261010_Excelsior_Zwolle
2026-10-10,18:00,N1,Go Ahead Eagles,Utrecht,,,SCHEDULED,N1_20261010_Go_Ahead_Eagles_Utrecht
2026-10-10,18:00,P1,Estrela,Academico Viseu,,,SCHEDULED,P1_20261010_Estrela_Academico_Viseu
2026-10-10,18:00,P1,Famalicao,Moreirense,,,SCHEDULED,P1_20261010_Famalicao_Moreirense
2026-10-10,18:00,P1,Guimaraes,Sp Braga,,,SCHEDULED,P1_20261010_Guimaraes_Sp_Braga
2026-10-10,18:00,POL,GKS Katowice,Piast Gliwice,,,SCHEDULED,POL_20261010_GKS_Katowice_Piast_Gliwice
2026-10-10,18:00,POL,Legia,Zaglebie,,,SCHEDULED,POL_20261010_Legia_Zaglebie
2026-10-10,18:00,POL,Motor Lublin,Slask Wroclaw,,,SCHEDULED,POL_20261010_Motor_Lublin_Slask_Wroclaw
2026-10-10,18:00,ROU,CFR Cluj,FC Rapid Bucuresti,,,SCHEDULED,ROU_20261010_CFR_Cluj_FC_Rapid_Bucuresti
2026-10-10,18:00,ROU,UTA Arad,Univ. Craiova,,,SCHEDULED,ROU_20261010_UTA_Arad_Univ_Craiova
2026-10-10,18:00,SWZ,Lausanne,Vaduz,,,SCHEDULED,SWZ_20261010_Lausanne_Vaduz
2026-10-10,18:00,T1,Corum,Buyuksehyr,,,SCHEDULED,T1_20261010_Corum_Buyuksehyr
2026-10-10,18:00,T1,Fenerbahce,Eyupspor,,,SCHEDULED,T1_20261010_Fenerbahce_Eyupspor
2026-10-10,18:00,T1,Genclerbirligi,Gaziantep,,,SCHEDULED,T1_20261010_Genclerbirligi_Gaziantep
2026-10-10,18:30,D1,Bayern Munich,M'gladbach,,,SCHEDULED,D1_20261010_Bayern_Munich_M_gladbach
2026-10-10,18:30,D2,Hertha,Heidenheim,,,SCHEDULED,D2_20261010_Hertha_Heidenheim
2026-10-10,18:30,SP1,Alaves,Betis,,,SCHEDULED,SP1_20261010_Alaves_Betis
2026-10-10,18:30,SP2,Sabadell,Castellon,,,SCHEDULED,SP2_20261010_Sabadell_Castellon
2026-10-10,19:30,ARG,Boca Juniors,River Plate,,,SCHEDULED,ARG_20261010_Boca_Juniors_River_Plate
2026-10-10,19:30,ARG,Estudiantes L.P.,Union de Santa Fe,,,SCHEDULED,ARG_20261010_Estudiantes_L_P_Union_de_Santa_Fe
2026-10-10,19:30,ARG,Gimnasia Mendoza,Ind. Rivadavia,,,SCHEDULED,ARG_20261010_Gimnasia_Mendoza_Ind_Rivadavia
2026-10-10,19:30,ARG,Racing Club,Tigre,,,SCHEDULED,ARG_20261010_Racing_Club_Tigre
2026-10-10,19:30,ARG,Talleres Cordoba,Independiente,,,SCHEDULED,ARG_20261010_Talleres_Cordoba_Independiente
2026-10-10,19:30,BRA,Botafogo RJ,Chapecoense-SC,,,SCHEDULED,BRA_20261010_Botafogo_RJ_Chapecoense_SC
2026-10-10,19:30,BRA,Remo,Corinthians,,,SCHEDULED,BRA_20261010_Remo_Corinthians
2026-10-10,19:30,BRA,Vasco,Vitoria,,,SCHEDULED,BRA_20261010_Vasco_Vitoria
2026-10-10,19:30,MEX,Club America,Monterrey,,,SCHEDULED,MEX_20261010_Club_America_Monterrey
2026-10-10,19:30,MEX,Tigres UANL,Atlante,,,SCHEDULED,MEX_20261010_Tigres_UANL_Atlante
2026-10-10,19:30,MEX,Toluca,Cruz Azul,,,SCHEDULED,MEX_20261010_Toluca_Cruz_Azul
2026-10-10,19:30,USA,Chicago Fire,DC United,,,SCHEDULED,USA_20261010_Chicago_Fire_DC_United
2026-10-10,19:30,USA,Minnesota United,Los Angeles FC,,,SCHEDULED,USA_20261010_Minnesota_United_Los_Angeles_FC
2026-10-10,19:30,USA,Nashville SC,Colorado Rapids,,,SCHEDULED,USA_20261010_Nashville_SC_Colorado_Rapids
2026-10-10,19:30,USA,Portland Timbers,Real Salt Lake,,,SCHEDULED,USA_20261010_Portland_Timbers_Real_Salt_Lake
2026-10-10,19:30,USA,Vancouver Whitecaps,Philadelphia Union,,,SCHEDULED,USA_20261010_Vancouver_Whitecaps_Philadelphia_Union
2026-10-10,20:45,AUT,LASK,A. Lustenau,,,SCHEDULED,AUT_20261010_LASK_A_Lustenau
2026-10-10,20:45,B1,St. Gilloise,Club Brugge,,,SCHEDULED,B1_20261010_St_Gilloise_Club_Brugge
2026-10-10,20:45,DNK,Sonderjyske,Nordsjaelland,,,SCHEDULED,DNK_20261010_Sonderjyske_Nordsjaelland
2026-10-10,20:45,G1,OFI Crete,Volos NFC,,,SCHEDULED,G1_20261010_OFI_Crete_Volos_NFC
2026-10-10,20:45,I1,Cagliari,Fiorentina,,,SCHEDULED,I1_20261010_Cagliari_Fiorentina
2026-10-10,20:45,I2,Sudtirol,Palermo,,,SCHEDULED,I2_20261010_Sudtirol_Palermo
2026-10-10,20:45,N1,Groningen,Den Haag,,,SCHEDULED,N1_20261010_Groningen_Den_Haag
2026-10-10,20:45,P1,Sp Lisbon,Alverca,,,SCHEDULED,P1_20261010_Sp_Lisbon_Alverca
2026-10-10,20:45,POL,Radomiak Radom,Rakow,,,SCHEDULED,POL_20261010_Radomiak_Radom_Rakow
2026-10-10,20:45,ROU,Otelul,FC Arges,,,SCHEDULED,ROU_20261010_Otelul_FC_Arges
2026-10-10,20:45,SWZ,St. Gallen,Luzern,,,SCHEDULED,SWZ_20261010_St_Gallen_Luzern
2026-10-10,20:45,T1,Besiktas,Konyaspor,,,SCHEDULED,T1_20261010_Besiktas_Konyaspor
2026-10-10,21:00,ARG,Atl. Tucuman,Defensa y Justicia,,,SCHEDULED,ARG_20261010_Atl_Tucuman_Defensa_y_Justicia
2026-10-10,21:00,ARG,Gimnasia L.P.,Argentinos Jrs,,,SCHEDULED,ARG_20261010_Gimnasia_L_P_Argentinos_Jrs
2026-10-10,21:00,BRA,Mirassol,Bahia,,,SCHEDULED,BRA_20261010_Mirassol_Bahia
2026-10-10,21:00,BRA,Sao Paulo,Athletico-PR,,,SCHEDULED,BRA_20261010_Sao_Paulo_Athletico_PR
2026-10-10,21:00,F1,Marseille,Rennes,,,SCHEDULED,F1_20261010_Marseille_Rennes
2026-10-10,21:00,F2,Dunkerque,Dijon,,,SCHEDULED,F2_20261010_Dunkerque_Dijon
2026-10-10,21:00,MEX,Necaxa,Guadalajara Chivas,,,SCHEDULED,MEX_20261010_Necaxa_Guadalajara_Chivas
2026-10-10,21:00,MEX,Santos Laguna,Juarez,,,SCHEDULED,MEX_20261010_Santos_Laguna_Juarez
2026-10-10,21:00,SP1,Osasuna,Espanol,,,SCHEDULED,SP1_20261010_Osasuna_Espanol
2026-10-10,21:00,SP2,Cadiz,Tenerife,,,SCHEDULED,SP2_20261010_Cadiz_Tenerife
2026-10-10,21:00,USA,CF Montreal,Atlanta Utd,,,SCHEDULED,USA_20261010_CF_Montreal_Atlanta_Utd
2026-10-10,21:00,USA,Los Angeles Galaxy,Sporting Kansas City,,,SCHEDULED,USA_20261010_Los_Angeles_Galaxy_Sporting_Kansas_City
2026-10-11,12:00,E1,Southampton,Portsmouth,,,SCHEDULED,E1_20261011_Southampton_Portsmouth
2026-10-11,12:30,I1,Venezia,Juventus,,,SCHEDULED,I1_20261011_Venezia_Juventus
2026-10-11,12:30,I2,Sampdoria,Juve Stabia,,,SCHEDULED,I2_20261011_Sampdoria_Juve_Stabia
2026-10-11,14:00,CHN,Beijing Guoan,Chengdu Rongcheng,,,SCHEDULED,CHN_20261011_Beijing_Guoan_Chengdu_Rongcheng
2026-10-11,14:00,CHN,Qingdao West Coast,Dalian Yingbo,,,SCHEDULED,CHN_20261011_Qingdao_West_Coast_Dalian_Yingbo
2026-10-11,14:00,E0,Crystal Palace,Nott'm Forest,,,SCHEDULED,E0_20261011_Crystal_Palace_Nott_m_Forest
2026-10-11,14:00,E0,Hull,Everton,,,SCHEDULED,E0_20261011_Hull_Everton
2026-10-11,14:00,E3,York,Salford,,,SCHEDULED,E3_20261011_York_Salford
2026-10-11,14:00,JPN,Cerezo Osaka,Machida,,,SCHEDULED,JPN_20261011_Cerezo_Osaka_Machida
2026-10-11,14:00,JPN,Gamba Osaka,Sanfrecce Hiroshima,,,SCHEDULED,JPN_20261011_Gamba_Osaka_Sanfrecce_Hiroshima
2026-10-11,14:00,JPN,Nagoya Grampus,V-Varen Nagasaki,,,SCHEDULED,JPN_20261011_Nagoya_Grampus_V_Varen_Nagasaki
2026-10-11,14:00,SC0,St Johnstone,Hibernian,,,SCHEDULED,SC0_20261011_St_Johnstone_Hibernian
2026-10-11,14:00,SP1,Sevilla,Santander,,,SCHEDULED,SP1_20261011_Sevilla_Santander
2026-10-11,14:00,SP2,Eibar,Valladolid,,,SCHEDULED,SP2_20261011_Eibar_Valladolid
2026-10-11,14:30,AUT,Sturm Graz,Hartberg,,,SCHEDULED,AUT_20261011_Sturm_Graz_Hartberg
2026-10-11,14:30,B1,Cercle Brugge,Kortrijk,,,SCHEDULED,B1_20261011_Cercle_Brugge_Kortrijk
2026-10-11,14:30,B1,Genk,Waregem,,,SCHEDULED,B1_20261011_Genk_Waregem
2026-10-11,14:30,DNK,Midtjylland,Odense,,,SCHEDULED,DNK_20261011_Midtjylland_Odense
2026-10-11,14:30,G1,Kifisia,Iraklis,,,SCHEDULED,G1_20261011_Kifisia_Iraklis
2026-10-11,14:30,N1,Feyenoord,Sparta Rotterdam,,,SCHEDULED,N1_20261011_Feyenoord_Sparta_Rotterdam
2026-10-11,14:30,N1,For Sittard,PSV Eindhoven,,,SCHEDULED,N1_20261011_For_Sittard_PSV_Eindhoven
2026-10-11,14:30,P1,Maritimo,Casa Pia,,,SCHEDULED,P1_20261011_Maritimo_Casa_Pia
2026-10-11,14:30,P1,Nacional,Arouca,,,SCHEDULED,P1_20261011_Nacional_Arouca
2026-10-11,14:30,POL,Lech Poznan,Wisla,,,SCHEDULED,POL_20261011_Lech_Poznan_Wisla
2026-10-11,14:30,POL,Wisla Plock,Wieczysta Krakow,,,SCHEDULED,POL_20261011_Wisla_Plock_Wieczysta_Krakow
2026-10-11,14:30,ROU,Corvinul,Csikszereda M. Ciuc,,,SCHEDULED,ROU_20261011_Corvinul_Csikszereda_M_Ciuc
2026-10-11,14:30,ROU,Sepsi Sf. Gheorghe,U. Cluj,,,SCHEDULED,ROU_20261011_Sepsi_Sf_Gheorghe_U_Cluj
2026-10-11,14:30,SWZ,Servette,Thun,,,SCHEDULED,SWZ_20261011_Servette_Thun
2026-10-11,14:30,T1,Amedspor,Kocaelispor,,,SCHEDULED,T1_20261011_Amedspor_Kocaelispor
2026-10-11,14:30,T1,Trabzonspor,Kasimpasa,,,SCHEDULED,T1_20261011_Trabzonspor_Kasimpasa
2026-10-11,15:00,F1,Brest,Lorient,,,SCHEDULED,F1_20261011_Brest_Lorient
2026-10-11,15:00,F1,Le Mans,Toulouse,,,SCHEDULED,F1_20261011_Le_Mans_Toulouse
2026-10-11,15:00,F1,Lille,Strasbourg,,,SCHEDULED,F1_20261011_Lille_Strasbourg
2026-10-11,15:00,F2,Nantes,Boulogne,,,SCHEDULED,F2_20261011_Nantes_Boulogne
2026-10-11,15:00,F2,Red Star,Laval,,,SCHEDULED,F2_20261011_Red_Star_Laval
2026-10-11,15:00,F2,Sochaux,Rodez,,,SCHEDULED,F2_20261011_Sochaux_Rodez
2026-10-11,15:00,I1,Milan,Sassuolo,,,SCHEDULED,I1_20261011_Milan_Sassuolo
2026-10-11,15:00,I2,Padova,Catanzaro,,,SCHEDULED,I2_20261011_Padova_Catanzaro
2026-10-11,15:00,NOR,Sarpsborg 08,Start,,,SCHEDULED,NOR_20261011_Sarpsborg_08_Start
2026-10-11,15:00,NOR,Viking,KFUM Oslo,,,SCHEDULED,NOR_20261011_Viking_KFUM_Oslo
2026-10-11,15:00,SWE,Brommapojkarna,Malmo FF,,,SCHEDULED,SWE_20261011_Brommapojkarna_Malmo_FF
2026-10-11,15:00,SWE,Vasteras SK,Elfsborg,,,SCHEDULED,SWE_20261011_Vasteras_SK_Elfsborg
2026-10-11,15:30,D1,Union Berlin,Stuttgart,,,SCHEDULED,D1_20261011_Union_Berlin_Stuttgart
2026-10-11,15:30,D2,Holstein Kiel,Braunschweig,,,SCHEDULED,D2_20261011_Holstein_Kiel_Braunschweig
2026-10-11,16:00,ARG,Banfield,Aldosivi,,,SCHEDULED,ARG_20261011_Banfield_Aldosivi
2026-10-11,16:00,ARG,Lanus,San Lorenzo,,,SCHEDULED,ARG_20261011_Lanus_San_Lorenzo
2026-10-11,16:00,BRA,Atletico-MG,Santos,,,SCHEDULED,BRA_20261011_Atletico_MG_Santos
2026-10-11,16:00,BRA,Fluminense,Flamengo RJ,,,SCHEDULED,BRA_20261011_Fluminense_Flamengo_RJ
2026-10-11,16:00,CHN,Shenzhen Xinpengcheng,Yunnan Yukun,,,SCHEDULED,CHN_20261011_Shenzhen_Xinpengcheng_Yunnan_Yukun
2026-10-11,16:00,JPN,Okayama,Vissel Kobe,,,SCHEDULED,JPN_20261011_Okayama_Vissel_Kobe
2026-10-11,16:00,JPN,Yokohama F. Marinos,Verdy,,,SCHEDULED,JPN_20261011_Yokohama_F_Marinos_Verdy
2026-10-11,16:00,MEX,UNAM Pumas,Club Tijuana,,,SCHEDULED,MEX_20261011_UNAM_Pumas_Club_Tijuana
2026-10-11,16:00,USA,New York City,Charlotte,,,SCHEDULED,USA_20261011_New_York_City_Charlotte
2026-10-11,16:00,USA,San Jose Earthquakes,Seattle Sounders,,,SCHEDULED,USA_20261011_San_Jose_Earthquakes_Seattle_Sounders
2026-10-11,16:15,SP1,Getafe,Celta,,,SCHEDULED,SP1_20261011_Getafe_Celta
2026-10-11,16:15,SP2,Burgos,Ceuta,,,SCHEDULED,SP2_20261011_Burgos_Ceuta
2026-10-11,16:30,AUT,Grazer AK,Salzburg,,,SCHEDULED,AUT_20261011_Grazer_AK_Salzburg
2026-10-11,16:30,B1,Antwerp,RAAL La Louviere,,,SCHEDULED,B1_20261011_Antwerp_RAAL_La_Louviere
2026-10-11,16:30,DNK,Aarhus,Brondby,,,SCHEDULED,DNK_20261011_Aarhus_Brondby
2026-10-11,16:30,E0,Liverpool,Man City,,,SCHEDULED,E0_20261011_Liverpool_Man_City
2026-10-11,16:30,E3,Northampton,Tranmere,,,SCHEDULED,E3_20261011_Northampton_Tranmere
2026-10-11,16:30,G1,Levadeiakos,Olympiakos,,,SCHEDULED,G1_20261011_Levadeiakos_Olympiakos
2026-10-11,16:30,N1,Heerenveen,Nijmegen,,,SCHEDULED,N1_20261011_Heerenveen_Nijmegen
2026-10-11,16:30,P1,Gil Vicente,Estoril,,,SCHEDULED,P1_20261011_Gil_Vicente_Estoril
2026-10-11,16:30,POL,Gornik Zabrze,Cracovia,,,SCHEDULED,POL_20261011_Gornik_Zabrze_Cracovia
2026-10-11,16:30,ROU,FC Botosani,FCSB,,,SCHEDULED,ROU_20261011_FC_Botosani_FCSB
2026-10-11,16:30,SWZ,Young Boys,Grasshoppers,,,SCHEDULED,SWZ_20261011_Young_Boys_Grasshoppers
2026-10-11,16:30,T1,Galatasaray,Erzurumspor,,,SCHEDULED,T1_20261011_Galatasaray_Erzurumspor
2026-10-11,17:15,F1,Monaco,Lyon,,,SCHEDULED,F1_20261011_Monaco_Lyon
2026-10-11,17:15,F2,Pau FC,Montpellier,,,SCHEDULED,F2_20261011_Pau_FC_Montpellier
2026-10-11,17:30,D1,Hoffenheim,Freiburg,,,SCHEDULED,D1_20261011_Hoffenheim_Freiburg
2026-10-11,17:30,D2,Greuther Furth,Osnabruck,,,SCHEDULED,D2_20261011_Greuther_Furth_Osnabruck
2026-10-11,17:30,NOR,Aalesund,Molde,,,SCHEDULED,NOR_20261011_Aalesund_Molde
2026-10-11,17:30,SWE,Degerfors,Djurgarden,,,SCHEDULED,SWE_20261011_Degerfors_Djurgarden
2026-10-11,18:00,I1,Udinese,Monza,,,SCHEDULED,I1_20261011_Udinese_Monza
2026-10-11,18:00,I2,Pisa,Arezzo,,,SCHEDULED,I2_20261011_Pisa_Arezzo
2026-10-11,18:30,ARG,Belgrano,Rosario Central,,,SCHEDULED,ARG_20261011_Belgrano_Rosario_Central
2026-10-11,18:30,ARG,Central Cordoba,Barracas Central,,,SCHEDULED,ARG_20261011_Central_Cordoba_Barracas_Central
2026-10-11,18:30,AUT,Ried,Altach,,,SCHEDULED,AUT_20261011_Ried_Altach
2026-10-11,18:30,B1,Oud-Heverlee Leuven,Lommel SK,,,SCHEDULED,B1_20261011_Oud_Heverlee_Leuven_Lommel_SK
2026-10-11,18:30,BRA,Bragantino,Palmeiras,,,SCHEDULED,BRA_20261011_Bragantino_Palmeiras
2026-10-11,18:30,DNK,FC Copenhagen,Viborg,,,SCHEDULED,DNK_20261011_FC_Copenhagen_Viborg
2026-10-11,18:30,G1,Panetolikos,AEK,,,SCHEDULED,G1_20261011_Panetolikos_AEK
2026-10-11,18:30,MEX,Atlas,Puebla,,,SCHEDULED,MEX_20261011_Atlas_Puebla
2026-10-11,18:30,N1,Ajax,Telstar,,,SCHEDULED,N1_20261011_Ajax_Telstar
2026-10-11,18:30,P1,Benfica,Santa Clara,,,SCHEDULED,P1_20261011_Benfica_Santa_Clara
2026-10-11,18:30,POL,Widzew Lodz,Pogon Szczecin,,,SCHEDULED,POL_20261011_Widzew_Lodz_Pogon_Szczecin
2026-10-11,18:30,ROU,Farul Constanta,Petrolul,,,SCHEDULED,ROU_20261011_Farul_Constanta_Petrolul
2026-10-11,18:30,SP1,Villarreal,La Coruna,,,SCHEDULED,SP1_20261011_Villarreal_La_Coruna
2026-10-11,18:30,SP2,Sociedad B,Sp Gijon,,,SCHEDULED,SP2_20261011_Sociedad_B_Sp_Gijon
2026-10-11,18:30,SWZ,Basel,Lugano,,,SCHEDULED,SWZ_20261011_Basel_Lugano
2026-10-11,18:30,T1,Alanyaspor,Samsunspor,,,SCHEDULED,T1_20261011_Alanyaspor_Samsunspor
2026-10-11,18:30,USA,FC Dallas,Orlando City,,,SCHEDULED,USA_20261011_FC_Dallas_Orlando_City
2026-10-11,18:30,USA,New England Revolution,New York Red Bulls,,,SCHEDULED,USA_20261011_New_England_Revolution_New_York_Red_Bulls
2026-10-11,20:45,F1,Nice,Auxerre,,,SCHEDULED,F1_20261011_Nice_Auxerre
2026-10-11,20:45,F2,Annecy,Guingamp,,,SCHEDULED,F2_20261011_Annecy_Guingamp
2026-10-11,20:45,I1,Roma,Torino,,,SCHEDULED,I1_20261011_Roma_Torino
2026-10-11,20:45,I2,Benevento,Vicenza,,,SCHEDULED,I2_20261011_Benevento_Vicenza
2026-10-11,21:00,ARG,Newells Old Boys,Sarmiento Junin,,,SCHEDULED,ARG_20261011_Newells_Old_Boys_Sarmiento_Junin
2026-10-11,21:00,ARG,Velez Sarsfield,Platense,,,SCHEDULED,ARG_20261011_Velez_Sarsfield_Platense
2026-10-11,21:00,BRA,Cruzeiro,Coritiba,,,SCHEDULED,BRA_20261011_Cruzeiro_Coritiba
2026-10-11,21:00,MEX,Club Leon,Atl. San Luis,,,SCHEDULED,MEX_20261011_Club_Leon_Atl_San_Luis
2026-10-11,21:00,SP1,Malaga,Real Madrid,,,SCHEDULED,SP1_20261011_Malaga_Real_Madrid
2026-10-11,21:00,SP2,Granada,Andorra,,,SCHEDULED,SP2_20261011_Granada_Andorra
2026-10-11,21:00,USA,Austin FC,Columbus Crew,,,SCHEDULED,USA_20261011_Austin_FC_Columbus_Crew
2026-10-11,21:00,USA,San Diego FC,FC Cincinnati,,,SCHEDULED,USA_20261011_San_Diego_FC_FC_Cincinnati
2026-10-12,20:00,E0,Coventry,Newcastle,,,SCHEDULED,E0_20261012_Coventry_Newcastle
2026-10-13,19:00,JPN,Avispa Fukuoka,V-Varen Nagasaki,,,SCHEDULED,JPN_20261013_Avispa_Fukuoka_V_Varen_Nagasaki
2026-10-13,19:00,JPN,Cerezo Osaka,Kashiwa Reysol,,,SCHEDULED,JPN_20261013_Cerezo_Osaka_Kashiwa_Reysol
2026-10-13,19:00,JPN,Chiba,Kyoto,,,SCHEDULED,JPN_20261013_Chiba_Kyoto
2026-10-13,19:00,JPN,FC Tokyo,Machida,,,SCHEDULED,JPN_20261013_FC_Tokyo_Machida
2026-10-13,19:00,JPN,Gamba Osaka,Verdy,,,SCHEDULED,JPN_20261013_Gamba_Osaka_Verdy
2026-10-13,19:00,JPN,Kashima Antlers,Shimizu S-Pulse,,,SCHEDULED,JPN_20261013_Kashima_Antlers_Shimizu_S_Pulse
2026-10-13,19:00,JPN,Nagoya Grampus,Vissel Kobe,,,SCHEDULED,JPN_20261013_Nagoya_Grampus_Vissel_Kobe
2026-10-13,19:00,JPN,Okayama,Mito,,,SCHEDULED,JPN_20261013_Okayama_Mito
2026-10-13,19:00,JPN,Urawa Reds,Sanfrecce Hiroshima,,,SCHEDULED,JPN_20261013_Urawa_Reds_Sanfrecce_Hiroshima
2026-10-13,19:00,JPN,Yokohama F. Marinos,Kawasaki Frontale,,,SCHEDULED,JPN_20261013_Yokohama_F_Marinos_Kawasaki_Frontale
2026-10-13,19:45,E1,Bristol City,Blackburn,,,SCHEDULED,E1_20261013_Bristol_City_Blackburn
2026-10-13,19:45,E1,Burnley,Charlton,,,SCHEDULED,E1_20261013_Burnley_Charlton
2026-10-13,19:45,E1,Cardiff,Watford,,,SCHEDULED,E1_20261013_Cardiff_Watford
2026-10-13,19:45,E1,Millwall,Swansea,,,SCHEDULED,E1_20261013_Millwall_Swansea
2026-10-13,19:45,E1,Wolves,Bolton,,,SCHEDULED,E1_20261013_Wolves_Bolton
2026-10-13,19:45,E1,Wrexham,West Brom,,,SCHEDULED,E1_20261013_Wrexham_West_Brom
2026-10-13,19:45,E3,Accrington,Colchester,,,SCHEDULED,E3_20261013_Accrington_Colchester
2026-10-13,19:45,E3,Barnet,Tranmere,,,SCHEDULED,E3_20261013_Barnet_Tranmere
2026-10-13,19:45,E3,Cheltenham,Walsall,,,SCHEDULED,E3_20261013_Cheltenham_Walsall
2026-10-13,19:45,E3,Crawley Town,Chesterfield,,,SCHEDULED,E3_20261013_Crawley_Town_Chesterfield
2026-10-13,19:45,E3,Fleetwood Town,Swindon,,,SCHEDULED,E3_20261013_Fleetwood_Town_Swindon
2026-10-13,19:45,E3,Grimsby,Gillingham,,,SCHEDULED,E3_20261013_Grimsby_Gillingham
2026-10-13,19:45,E3,Newport County,Rotherham,,,SCHEDULED,E3_20261013_Newport_County_Rotherham
2026-10-13,19:45,E3,Northampton,Salford,,,SCHEDULED,E3_20261013_Northampton_Salford
2026-10-13,19:45,E3,Oldham,Rochdale,,,SCHEDULED,E3_20261013_Oldham_Rochdale
2026-10-13,19:45,E3,Port Vale,Exeter,,,SCHEDULED,E3_20261013_Port_Vale_Exeter
2026-10-13,19:45,E3,Shrewsbury,Bristol Rvs,,,SCHEDULED,E3_20261013_Shrewsbury_Bristol_Rvs
2026-10-13,19:45,E3,York,Crewe,,,SCHEDULED,E3_20261013_York_Crewe
2026-10-13,20:00,E1,Birmingham,Preston,,,SCHEDULED,E1_20261013_Birmingham_Preston
2026-10-13,20:00,E1,Stoke,Middlesbrough,,,SCHEDULED,E1_20261013_Stoke_Middlesbrough
2026-10-13,20:30,D1,Bayern Munich,Augsburg,,,SCHEDULED,D1_20261013_Bayern_Munich_Augsburg
2026-10-13,20:30,D1,Dortmund,Schalke 04,,,SCHEDULED,D1_20261013_Dortmund_Schalke_04
2026-10-13,20:30,D1,Ein Frankfurt,Elversberg,,,SCHEDULED,D1_20261013_Ein_Frankfurt_Elversberg
2026-10-13,20:30,D1,FC Koln,Werder Bremen,,,SCHEDULED,D1_20261013_FC_Koln_Werder_Bremen
2026-10-13,20:30,D1,Hoffenheim,M'gladbach,,,SCHEDULED,D1_20261013_Hoffenheim_M_gladbach
2026-10-13,20:30,D1,Leverkusen,Stuttgart,,,SCHEDULED,D1_20261013_Leverkusen_Stuttgart
2026-10-13,20:30,D1,Mainz,Freiburg,,,SCHEDULED,D1_20261013_Mainz_Freiburg
2026-10-13,20:30,D1,Paderborn,Hamburg,,,SCHEDULED,D1_20261013_Paderborn_Hamburg
2026-10-13,20:30,D1,Union Berlin,RB Leipzig,,,SCHEDULED,D1_20261013_Union_Berlin_RB_Leipzig
2026-10-13,20:45,I1,Atalanta,Napoli,,,SCHEDULED,I1_20261013_Atalanta_Napoli
2026-10-13,20:45,I1,Bologna,Juventus,,,SCHEDULED,I1_20261013_Bologna_Juventus
2026-10-13,20:45,I1,Cagliari,Parma,,,SCHEDULED,I1_20261013_Cagliari_Parma
2026-10-13,20:45,I1,Como,Frosinone,,,SCHEDULED,I1_20261013_Como_Frosinone
2026-10-13,20:45,I1,Genoa,Lazio,,,SCHEDULED,I1_20261013_Genoa_Lazio
2026-10-13,20:45,I1,Lecce,Torino,,,SCHEDULED,I1_20261013_Lecce_Torino
2026-10-13,20:45,I1,Milan,Fiorentina,,,SCHEDULED,I1_20261013_Milan_Fiorentina
2026-10-13,20:45,I1,Roma,Sassuolo,,,SCHEDULED,I1_20261013_Roma_Sassuolo
2026-10-13,20:45,I1,Udinese,Inter,,,SCHEDULED,I1_20261013_Udinese_Inter
2026-10-13,20:45,I1,Venezia,Monza,,,SCHEDULED,I1_20261013_Venezia_Monza
2026-10-13,20:45,I2,Ascoli,Modena,,,SCHEDULED,I2_20261013_Ascoli_Modena
2026-10-13,20:45,I2,Avellino,Juve Stabia,,,SCHEDULED,I2_20261013_Avellino_Juve_Stabia
2026-10-13,20:45,I2,Benevento,Catanzaro,,,SCHEDULED,I2_20261013_Benevento_Catanzaro
2026-10-13,20:45,I2,Cesena,Verona,,,SCHEDULED,I2_20261013_Cesena_Verona
2026-10-13,20:45,I2,Empoli,Mantova,,,SCHEDULED,I2_20261013_Empoli_Mantova
2026-10-13,20:45,I2,Padova,Palermo,,,SCHEDULED,I2_20261013_Padova_Palermo
2026-10-13,20:45,I2,Pisa,Carrarese,,,SCHEDULED,I2_20261013_Pisa_Carrarese
2026-10-13,20:45,I2,Sampdoria,Arezzo,,,SCHEDULED,I2_20261013_Sampdoria_Arezzo
2026-10-13,20:45,I2,Sudtirol,Cremonese,,,SCHEDULED,I2_20261013_Sudtirol_Cremonese
2026-10-13,20:45,I2,Virtus Entella,Vicenza,,,SCHEDULED,I2_20261013_Virtus_Entella_Vicenza
2026-10-13,21:00,SP1,Alaves,Elche,,,SCHEDULED,SP1_20261013_Alaves_Elche
2026-10-13,21:00,SP1,Ath Madrid,Espanol,,,SCHEDULED,SP1_20261013_Ath_Madrid_Espanol
2026-10-13,21:00,SP1,Getafe,Real Madrid,,,SCHEDULED,SP1_20261013_Getafe_Real_Madrid
2026-10-13,21:00,SP1,Levante,Ath Bilbao,,,SCHEDULED,SP1_20261013_Levante_Ath_Bilbao
2026-10-13,21:00,SP1,Malaga,Vallecano,,,SCHEDULED,SP1_20261013_Malaga_Vallecano
2026-10-13,21:00,SP1,Osasuna,Celta,,,SCHEDULED,SP1_20261013_Osasuna_Celta
2026-10-13,21:00,SP1,Sevilla,Betis,,,SCHEDULED,SP1_20261013_Sevilla_Betis
2026-10-13,21:00,SP1,Sociedad,La Coruna,,,SCHEDULED,SP1_20261013_Sociedad_La_Coruna
2026-10-13,21:00,SP1,Valencia,Barcelona,,,SCHEDULED,SP1_20261013_Valencia_Barcelona
2026-10-13,21:00,SP1,Villarreal,Santander,,,SCHEDULED,SP1_20261013_Villarreal_Santander
2026-10-13,21:00,SP2,Albacete,Leganes,,,SCHEDULED,SP2_20261013_Albacete_Leganes
2026-10-13,21:00,SP2,Almeria,Girona,,,SCHEDULED,SP2_20261013_Almeria_Girona
2026-10-13,21:00,SP2,Burgos,Tenerife,,,SCHEDULED,SP2_20261013_Burgos_Tenerife
2026-10-13,21:00,SP2,Cadiz,Celta B,,,SCHEDULED,SP2_20261013_Cadiz_Celta_B
2026-10-13,21:00,SP2,Eibar,Sp Gijon,,,SCHEDULED,SP2_20261013_Eibar_Sp_Gijon
2026-10-13,21:00,SP2,Eldense,Cordoba,,,SCHEDULED,SP2_20261013_Eldense_Cordoba
2026-10-13,21:00,SP2,Granada,Ceuta,,,SCHEDULED,SP2_20261013_Granada_Ceuta
2026-10-13,21:00,SP2,Las Palmas,Castellon,,,SCHEDULED,SP2_20261013_Las_Palmas_Castellon
2026-10-13,21:00,SP2,Mallorca,Andorra,,,SCHEDULED,SP2_20261013_Mallorca_Andorra
2026-10-13,21:00,SP2,Sabadell,Valladolid,,,SCHEDULED,SP2_20261013_Sabadell_Valladolid
2026-10-13,21:00,SP2,Sociedad B,Oviedo,,,SCHEDULED,SP2_20261013_Sociedad_B_Oviedo
2026-10-14,19:45,E1,Norwich,Southampton,,,SCHEDULED,E1_20261014_Norwich_Southampton
2026-10-14,19:45,E1,Portsmouth,Sheffield United,,,SCHEDULED,E1_20261014_Portsmouth_Sheffield_United
2026-10-14,19:45,E1,QPR,Derby,,,SCHEDULED,E1_20261014_QPR_Derby
2026-10-14,20:00,E1,Lincoln,West Ham,,,SCHEDULED,E1_20261014_Lincoln_West_Ham
2026-10-15,21:00,E2,Mansfield,Oxford,,,SCHEDULED,E2_20261015_Mansfield_Oxford
2026-10-16,20:00,AUT,Wolfsberger AC,Altach,,,SCHEDULED,AUT_20261016_Wolfsberger_AC_Altach
2026-10-16,20:00,B1,Beveren,Lommel SK,,,SCHEDULED,B1_20261016_Beveren_Lommel_SK
2026-10-16,20:00,DNK,Randers FC,Viborg,,,SCHEDULED,DNK_20261016_Randers_FC_Viborg
2026-10-16,20:00,E1,Burnley,Wolves,,,SCHEDULED,E1_20261016_Burnley_Wolves
2026-10-16,20:00,E3,Accrington,Gillingham,,,SCHEDULED,E3_20261016_Accrington_Gillingham
2026-10-16,20:00,G1,Aris,AEK,,,SCHEDULED,G1_20261016_Aris_AEK
2026-10-16,20:00,N1,Go Ahead Eagles,Telstar,,,SCHEDULED,N1_20261016_Go_Ahead_Eagles_Telstar
2026-10-16,20:00,P1,Famalicao,Santa Clara,,,SCHEDULED,P1_20261016_Famalicao_Santa_Clara
2026-10-16,20:00,POL,Motor Lublin,Pogon Szczecin,,,SCHEDULED,POL_20261016_Motor_Lublin_Pogon_Szczecin
2026-10-16,20:00,ROU,Farul Constanta,Univ. Craiova,,,SCHEDULED,ROU_20261016_Farul_Constanta_Univ_Craiova
2026-10-16,20:00,SWZ,Sion,Lugano,,,SCHEDULED,SWZ_20261016_Sion_Lugano
2026-10-16,20:00,T1,Alanyaspor,Buyuksehyr,,,SCHEDULED,T1_20261016_Alanyaspor_Buyuksehyr
2026-10-16,20:30,D1,Union Berlin,Freiburg,,,SCHEDULED,D1_20261016_Union_Berlin_Freiburg
2026-10-16,20:30,D2,St Pauli,Osnabruck,,,SCHEDULED,D2_20261016_St_Pauli_Osnabruck
2026-10-16,20:45,F1,Lille,Auxerre,,,SCHEDULED,F1_20261016_Lille_Auxerre
2026-10-16,20:45,F2,Red Star,Guingamp,,,SCHEDULED,F2_20261016_Red_Star_Guingamp
2026-10-16,20:45,I1,Udinese,Lazio,,,SCHEDULED,I1_20261016_Udinese_Lazio
2026-10-16,20:45,I2,Pisa,Verona,,,SCHEDULED,I2_20261016_Pisa_Verona
2026-10-16,21:00,ARG,Gimnasia Mendoza,Platense,,,SCHEDULED,ARG_20261016_Gimnasia_Mendoza_Platense
2026-10-16,21:00,ARG,Newells Old Boys,River Plate,,,SCHEDULED,ARG_20261016_Newells_Old_Boys_River_Plate
2026-10-16,21:00,BRA,Botafogo RJ,Coritiba,,,SCHEDULED,BRA_20261016_Botafogo_RJ_Coritiba
2026-10-16,21:00,MEX,Toluca,Atl. San Luis,,,SCHEDULED,MEX_20261016_Toluca_Atl_San_Luis
2026-10-16,21:00,SP1,Valencia,La Coruna,,,SCHEDULED,SP1_20261016_Valencia_La_Coruna
2026-10-16,21:00,SP2,Sociedad B,Girona,,,SCHEDULED,SP2_20261016_Sociedad_B_Girona
2026-10-16,21:00,USA,Minnesota United,Columbus Crew,,,SCHEDULED,USA_20261016_Minnesota_United_Columbus_Crew
2026-10-16,21:00,USA,San Diego FC,Colorado Rapids,,,SCHEDULED,USA_20261016_San_Diego_FC_Colorado_Rapids
2026-10-17,12:30,E0,Everton,Chelsea,,,SCHEDULED,E0_20261017_Everton_Chelsea
2026-10-17,12:30,E1,Middlesbrough,Cardiff,,,SCHEDULED,E1_20261017_Middlesbrough_Cardiff
2026-10-17,12:30,E1,Millwall,Lincoln,,,SCHEDULED,E1_20261017_Millwall_Lincoln
2026-10-17,12:30,E1,Watford,Charlton,,,SCHEDULED,E1_20261017_Watford_Charlton
2026-10-17,13:30,E2,Milton Keynes Dons,Luton,,,SCHEDULED,E2_20261017_Milton_Keynes_Dons_Luton
2026-10-17,13:30,E2,Peterboro,Burton,,,SCHEDULED,E2_20261017_Peterboro_Burton
2026-10-17,14:00,CHN,Qingdao West Coast,Yunnan Yukun,,,SCHEDULED,CHN_20261017_Qingdao_West_Coast_Yunnan_Yukun
2026-10-17,14:00,CHN,Tianjin Jinmen Tiger,Dalian Yingbo,,,SCHEDULED,CHN_20261017_Tianjin_Jinmen_Tiger_Dalian_Yingbo
2026-10-17,14:00,CHN,Wuhan Three Towns,Qingdao Hainiu,,,SCHEDULED,CHN_20261017_Wuhan_Three_Towns_Qingdao_Hainiu
2026-10-17,14:00,JPN,Cerezo Osaka,Kyoto,,,SCHEDULED,JPN_20261017_Cerezo_Osaka_Kyoto
2026-10-17,14:00,JPN,Chiba,V-Varen Nagasaki,,,SCHEDULED,JPN_20261017_Chiba_V_Varen_Nagasaki
2026-10-17,14:00,JPN,Shimizu S-Pulse,Machida,,,SCHEDULED,JPN_20261017_Shimizu_S_Pulse_Machida
2026-10-17,14:00,SP1,Alaves,Levante,,,SCHEDULED,SP1_20261017_Alaves_Levante
2026-10-17,14:00,SP1,Malaga,Barcelona,,,SCHEDULED,SP1_20261017_Malaga_Barcelona
2026-10-17,14:00,SP2,Eldense,Andorra,,,SCHEDULED,SP2_20261017_Eldense_Andorra
2026-10-17,14:00,SP2,Leganes,Castellon,,,SCHEDULED,SP2_20261017_Leganes_Castellon
2026-10-17,15:00,E0,Brentford,Liverpool,,,SCHEDULED,E0_20261017_Brentford_Liverpool
2026-10-17,15:00,E0,Fulham,Hull,,,SCHEDULED,E0_20261017_Fulham_Hull
2026-10-17,15:00,E0,Man City,Ipswich,,,SCHEDULED,E0_20261017_Man_City_Ipswich
2026-10-17,15:00,E1,Birmingham,QPR,,,SCHEDULED,E1_20261017_Birmingham_QPR
2026-10-17,15:00,E1,Bristol City,Sheffield United,,,SCHEDULED,E1_20261017_Bristol_City_Sheffield_United
2026-10-17,15:00,E1,Derby,Stoke,,,SCHEDULED,E1_20261017_Derby_Stoke
2026-10-17,15:00,E1,Norwich,Portsmouth,,,SCHEDULED,E1_20261017_Norwich_Portsmouth
2026-10-17,15:00,E1,Southampton,Bolton,,,SCHEDULED,E1_20261017_Southampton_Bolton
2026-10-17,15:00,E1,Swansea,West Ham,,,SCHEDULED,E1_20261017_Swansea_West_Ham
2026-10-17,15:00,E1,West Brom,Blackburn,,,SCHEDULED,E1_20261017_West_Brom_Blackburn
2026-10-17,15:00,E1,Wrexham,Preston,,,SCHEDULED,E1_20261017_Wrexham_Preston
2026-10-17,15:00,E3,Cheltenham,Exeter,,,SCHEDULED,E3_20261017_Cheltenham_Exeter
2026-10-17,15:00,E3,Grimsby,Bristol Rvs,,,SCHEDULED,E3_20261017_Grimsby_Bristol_Rvs
2026-10-17,15:00,E3,Newport County,Fleetwood Town,,,SCHEDULED,E3_20261017_Newport_County_Fleetwood_Town
2026-10-17,15:00,E3,Oldham,Chesterfield,,,SCHEDULED,E3_20261017_Oldham_Chesterfield
2026-10-17,15:00,E3,Port Vale,Tranmere,,,SCHEDULED,E3_20261017_Port_Vale_Tranmere
2026-10-17,15:00,E3,Shrewsbury,Walsall,,,SCHEDULED,E3_20261017_Shrewsbury_Walsall
2026-10-17,15:00,E3,Swindon,Rochdale,,,SCHEDULED,E3_20261017_Swindon_Rochdale
2026-10-17,15:00,E3,York,Rotherham,,,SCHEDULED,E3_20261017_York_Rotherham
2026-10-17,15:00,I1,Atalanta,Torino,,,SCHEDULED,I1_20261017_Atalanta_Torino
2026-10-17,15:00,I1,Cagliari,Como,,,SCHEDULED,I1_20261017_Cagliari_Como
2026-10-17,15:00,I2,Ascoli,Vicenza,,,SCHEDULED,I2_20261017_Ascoli_Vicenza
2026-10-17,15:00,I2,Sudtirol,Empoli,,,SCHEDULED,I2_20261017_Sudtirol_Empoli
2026-10-17,15:00,NOR,Sandefjord,KFUM Oslo,,,SCHEDULED,NOR_20261017_Sandefjord_KFUM_Oslo
2026-10-17,15:00,NOR,Tromso,Lillestrom,,,SCHEDULED,NOR_20261017_Tromso_Lillestrom
2026-10-17,15:00,NOR,Viking,Molde,,,SCHEDULED,NOR_20261017_Viking_Molde
2026-10-17,15:00,SC0,Hearts,Motherwell,,,SCHEDULED,SC0_20261017_Hearts_Motherwell
2026-10-17,15:00,SC0,Kilmarnock,St Mirren,,,SCHEDULED,SC0_20261017_Kilmarnock_St_Mirren
2026-10-17,15:00,SC0,Rangers,Celtic,,,SCHEDULED,SC0_20261017_Rangers_Celtic
2026-10-17,15:00,SC0,St Johnstone,Dundee United,,,SCHEDULED,SC0_20261017_St_Johnstone_Dundee_United
2026-10-17,15:00,SWE,AIK,Mjallby,,,SCHEDULED,SWE_20261017_AIK_Mjallby
2026-10-17,15:00,SWE,Sirius,Elfsborg,,,SCHEDULED,SWE_20261017_Sirius_Elfsborg
2026-10-17,15:00,SWE,Vasteras SK,Djurgarden,,,SCHEDULED,SWE_20261017_Vasteras_SK_Djurgarden
2026-10-17,15:30,D1,Bayern Munich,Schalke 04,,,SCHEDULED,D1_20261017_Bayern_Munich_Schalke_04
2026-10-17,15:30,D1,Dortmund,Paderborn,,,SCHEDULED,D1_20261017_Dortmund_Paderborn
2026-10-17,15:30,D1,Ein Frankfurt,Werder Bremen,,,SCHEDULED,D1_20261017_Ein_Frankfurt_Werder_Bremen
2026-10-17,15:30,D1,FC Koln,Stuttgart,,,SCHEDULED,D1_20261017_FC_Koln_Stuttgart
2026-10-17,15:30,D1,Hamburg,Elversberg,,,SCHEDULED,D1_20261017_Hamburg_Elversberg
2026-10-17,15:30,D2,Hannover,Darmstadt,,,SCHEDULED,D2_20261017_Hannover_Darmstadt
2026-10-17,15:30,D2,Hertha,Bielefeld,,,SCHEDULED,D2_20261017_Hertha_Bielefeld
2026-10-17,15:30,D2,Kaiserslautern,Magdeburg,,,SCHEDULED,D2_20261017_Kaiserslautern_Magdeburg
2026-10-17,15:30,D2,Nurnberg,Karlsruhe,,,SCHEDULED,D2_20261017_Nurnberg_Karlsruhe
2026-10-17,15:30,D2,Wolfsburg,Bochum,,,SCHEDULED,D2_20261017_Wolfsburg_Bochum
2026-10-17,16:00,CHN,Shandong Taishan,Chongqing Tonglianglong,,,SCHEDULED,CHN_20261017_Shandong_Taishan_Chongqing_Tonglianglong
2026-10-17,16:00,CHN,Shanghai Port,Chengdu Rongcheng,,,SCHEDULED,CHN_20261017_Shanghai_Port_Chengdu_Rongcheng
2026-10-17,16:00,E2,Barnsley,Cambridge,,,SCHEDULED,E2_20261017_Barnsley_Cambridge
2026-10-17,16:00,E2,Bradford,Stevenage,,,SCHEDULED,E2_20261017_Bradford_Stevenage
2026-10-17,16:00,E2,Leicester,Doncaster,,,SCHEDULED,E2_20261017_Leicester_Doncaster
2026-10-17,16:00,E2,Leyton Orient,Blackpool,,,SCHEDULED,E2_20261017_Leyton_Orient_Blackpool
2026-10-17,16:00,E2,Plymouth,Huddersfield,,,SCHEDULED,E2_20261017_Plymouth_Huddersfield
2026-10-17,16:00,E2,Sheffield Weds,AFC Wimbledon,,,SCHEDULED,E2_20261017_Sheffield_Weds_AFC_Wimbledon
2026-10-17,16:00,E2,Stockport,Bromley,,,SCHEDULED,E2_20261017_Stockport_Bromley
2026-10-17,16:00,E2,Wigan,Reading,,,SCHEDULED,E2_20261017_Wigan_Reading
2026-10-17,16:00,E2,Wycombe,Notts County,,,SCHEDULED,E2_20261017_Wycombe_Notts_County
2026-10-17,16:00,JPN,Okayama,Sanfrecce Hiroshima,,,SCHEDULED,JPN_20261017_Okayama_Sanfrecce_Hiroshima
2026-10-17,16:00,JPN,Yokohama F. Marinos,Kashima Antlers,,,SCHEDULED,JPN_20261017_Yokohama_F_Marinos_Kashima_Antlers
2026-10-17,16:15,SP1,Ath Bilbao,Espanol,,,SCHEDULED,SP1_20261017_Ath_Bilbao_Espanol
2026-10-17,16:15,SP2,Almeria,Cordoba,,,SCHEDULED,SP2_20261017_Almeria_Cordoba
2026-10-17,16:15,SP2,Cadiz,Albacete,,,SCHEDULED,SP2_20261017_Cadiz_Albacete
2026-10-17,17:00,F1,Le Mans,Strasbourg,,,SCHEDULED,F1_20261017_Le_Mans_Strasbourg
2026-10-17,17:00,F1,Paris FC,Rennes,,,SCHEDULED,F1_20261017_Paris_FC_Rennes
2026-10-17,17:00,F2,Metz,Dijon,,,SCHEDULED,F2_20261017_Metz_Dijon
2026-10-17,17:00,F2,Nantes,Laval,,,SCHEDULED,F2_20261017_Nantes_Laval
2026-10-17,17:30,E0,Newcastle,Aston Villa,,,SCHEDULED,E0_20261017_Newcastle_Aston_Villa
2026-10-17,17:30,E3,Crawley Town,Colchester,,,SCHEDULED,E3_20261017_Crawley_Town_Colchester
2026-10-17,17:30,NOR,Brann,Start,,,SCHEDULED,NOR_20261017_Brann_Start
2026-10-17,17:30,NOR,Valerenga,Fredrikstad,,,SCHEDULED,NOR_20261017_Valerenga_Fredrikstad
2026-10-17,17:30,SC0,Falkirk,Hibernian,,,SCHEDULED,SC0_20261017_Falkirk_Hibernian
2026-10-17,17:30,SWE,Goteborg,Malmo FF,,,SCHEDULED,SWE_20261017_Goteborg_Malmo_FF
2026-10-17,17:30,SWE,Hammarby,Halmstad,,,SCHEDULED,SWE_20261017_Hammarby_Halmstad
2026-10-17,18:00,AUT,Tirol,A. Lustenau,,,SCHEDULED,AUT_20261017_Tirol_A_Lustenau
2026-10-17,18:00,B1,Genk,Mechelen,,,SCHEDULED,B1_20261017_Genk_Mechelen
2026-10-17,18:00,B1,Gent,Club Brugge,,,SCHEDULED,B1_20261017_Gent_Club_Brugge
2026-10-17,18:00,B1,Standard,Waregem,,,SCHEDULED,B1_20261017_Standard_Waregem
2026-10-17,18:00,DNK,Horsens,Nordsjaelland,,,SCHEDULED,DNK_20261017_Horsens_Nordsjaelland
2026-10-17,18:00,G1,Atromitos,Panathinaikos,,,SCHEDULED,G1_20261017_Atromitos_Panathinaikos
2026-10-17,18:00,G1,PAOK,Volos NFC,,,SCHEDULED,G1_20261017_PAOK_Volos_NFC
2026-10-17,18:00,I1,Frosinone,Juventus,,,SCHEDULED,I1_20261017_Frosinone_Juventus
2026-10-17,18:00,I1,Genoa,Napoli,,,SCHEDULED,I1_20261017_Genoa_Napoli
2026-10-17,18:00,I2,Cesena,Modena,,,SCHEDULED,I2_20261017_Cesena_Modena
2026-10-17,18:00,I2,Mantova,Juve Stabia,,,SCHEDULED,I2_20261017_Mantova_Juve_Stabia
2026-10-17,18:00,N1,Cambuur,Den Haag,,,SCHEDULED,N1_20261017_Cambuur_Den_Haag
2026-10-17,18:00,N1,For Sittard,Zwolle,,,SCHEDULED,N1_20261017_For_Sittard_Zwolle
2026-10-17,18:00,N1,Willem II,PSV Eindhoven,,,SCHEDULED,N1_20261017_Willem_II_PSV_Eindhoven
2026-10-17,18:00,P1,Maritimo,Academico Viseu,,,SCHEDULED,P1_20261017_Maritimo_Academico_Viseu
2026-10-17,18:00,P1,Porto,Casa Pia,,,SCHEDULED,P1_20261017_Porto_Casa_Pia
2026-10-17,18:00,P1,Sp Braga,Alverca,,,SCHEDULED,P1_20261017_Sp_Braga_Alverca
2026-10-17,18:00,POL,Jagiellonia,Wisla,,,SCHEDULED,POL_20261017_Jagiellonia_Wisla
2026-10-17,18:00,POL,Lech Poznan,Zaglebie,,,SCHEDULED,POL_20261017_Lech_Poznan_Zaglebie
2026-10-17,18:00,POL,Piast Gliwice,Rakow,,,SCHEDULED,POL_20261017_Piast_Gliwice_Rakow
2026-10-17,18:00,ROU,Otelul,CFR Cluj,,,SCHEDULED,ROU_20261017_Otelul_CFR_Cluj
2026-10-17,18:00,ROU,Sepsi Sf. Gheorghe,FC Voluntari,,,SCHEDULED,ROU_20261017_Sepsi_Sf_Gheorghe_FC_Voluntari
2026-10-17,18:00,SWZ,Vaduz,Luzern,,,SCHEDULED,SWZ_20261017_Vaduz_Luzern
2026-10-17,18:00,T1,Amedspor,Rizespor,,,SCHEDULED,T1_20261017_Amedspor_Rizespor
2026-10-17,18:00,T1,Besiktas,Genclerbirligi,,,SCHEDULED,T1_20261017_Besiktas_Genclerbirligi
2026-10-17,18:00,T1,Fenerbahce,Kocaelispor,,,SCHEDULED,T1_20261017_Fenerbahce_Kocaelispor
2026-10-17,18:30,D1,Hoffenheim,Augsburg,,,SCHEDULED,D1_20261017_Hoffenheim_Augsburg
2026-10-17,18:30,D2,Dresden,Braunschweig,,,SCHEDULED,D2_20261017_Dresden_Braunschweig
2026-10-17,18:30,SP1,Sevilla,Elche,,,SCHEDULED,SP1_20261017_Sevilla_Elche
2026-10-17,18:30,SP2,Las Palmas,Valladolid,,,SCHEDULED,SP2_20261017_Las_Palmas_Valladolid
2026-10-17,19:30,ARG,Belgrano,Sarmiento Junin,,,SCHEDULED,ARG_20261017_Belgrano_Sarmiento_Junin
2026-10-17,19:30,ARG,Boca Juniors,Estudiantes Rio Cuarto,,,SCHEDULED,ARG_20261017_Boca_Juniors_Estudiantes_Rio_Cuarto
2026-10-17,19:30,ARG,Gimnasia L.P.,Talleres Cordoba,,,SCHEDULED,ARG_20261017_Gimnasia_L_P_Talleres_Cordoba
2026-10-17,19:30,ARG,Instituto,Defensa y Justicia,,,SCHEDULED,ARG_20261017_Instituto_Defensa_y_Justicia
2026-10-17,19:30,ARG,Velez Sarsfield,Barracas Central,,,SCHEDULED,ARG_20261017_Velez_Sarsfield_Barracas_Central
2026-10-17,19:30,BRA,Cruzeiro,Palmeiras,,,SCHEDULED,BRA_20261017_Cruzeiro_Palmeiras
2026-10-17,19:30,BRA,Internacional,Bahia,,,SCHEDULED,BRA_20261017_Internacional_Bahia
2026-10-17,19:30,BRA,Sao Paulo,Remo,,,SCHEDULED,BRA_20261017_Sao_Paulo_Remo
2026-10-17,19:30,MEX,Club Leon,Puebla,,,SCHEDULED,MEX_20261017_Club_Leon_Puebla
2026-10-17,19:30,MEX,Necaxa,Tigres UANL,,,SCHEDULED,MEX_20261017_Necaxa_Tigres_UANL
2026-10-17,19:30,MEX,Queretaro,Juarez,,,SCHEDULED,MEX_20261017_Queretaro_Juarez
2026-10-17,19:30,USA,Austin FC,Orlando City,,,SCHEDULED,USA_20261017_Austin_FC_Orlando_City
2026-10-17,19:30,USA,CF Montreal,Portland Timbers,,,SCHEDULED,USA_20261017_CF_Montreal_Portland_Timbers
2026-10-17,19:30,USA,Inter Miami,Sporting Kansas City,,,SCHEDULED,USA_20261017_Inter_Miami_Sporting_Kansas_City
2026-10-17,19:30,USA,Nashville SC,Houston Dynamo,,,SCHEDULED,USA_20261017_Nashville_SC_Houston_Dynamo
2026-10-17,19:30,USA,New England Revolution,FC Cincinnati,,,SCHEDULED,USA_20261017_New_England_Revolution_FC_Cincinnati
2026-10-17,20:45,AUT,Sturm Graz,SK Rapid,,,SCHEDULED,AUT_20261017_Sturm_Graz_SK_Rapid
2026-10-17,20:45,B1,Cercle Brugge,Charleroi,,,SCHEDULED,B1_20261017_Cercle_Brugge_Charleroi
2026-10-17,20:45,DNK,Midtjylland,Silkeborg,,,SCHEDULED,DNK_20261017_Midtjylland_Silkeborg
2026-10-17,20:45,G1,Kifisia,Asteras Tripolis,,,SCHEDULED,G1_20261017_Kifisia_Asteras_Tripolis
2026-10-17,20:45,I1,Milan,Parma,,,SCHEDULED,I1_20261017_Milan_Parma
2026-10-17,20:45,I2,Padova,Cremonese,,,SCHEDULED,I2_20261017_Padova_Cremonese
2026-10-17,20:45,N1,Feyenoord,AZ Alkmaar,,,SCHEDULED,N1_20261017_Feyenoord_AZ_Alkmaar
2026-10-17,20:45,P1,Nacional,Guimaraes,,,SCHEDULED,P1_20261017_Nacional_Guimaraes
2026-10-17,20:45,POL,Wisla Plock,GKS Katowice,,,SCHEDULED,POL_20261017_Wisla_Plock_GKS_Katowice
2026-10-17,20:45,ROU,FC Rapid Bucuresti,Csikszereda M. Ciuc,,,SCHEDULED,ROU_20261017_FC_Rapid_Bucuresti_Csikszereda_M_Ciuc
2026-10-17,20:45,SWZ,Servette,Lausanne,,,SCHEDULED,SWZ_20261017_Servette_Lausanne
2026-10-17,20:45,T1,Gaziantep,Kasimpasa,,,SCHEDULED,T1_20261017_Gaziantep_Kasimpasa
2026-10-17,21:00,ARG,Independiente,Aldosivi,,,SCHEDULED,ARG_20261017_Independiente_Aldosivi
2026-10-17,21:00,ARG,Lanus,Ind. Rivadavia,,,SCHEDULED,ARG_20261017_Lanus_Ind_Rivadavia
2026-10-17,21:00,BRA,Atletico-MG,Chapecoense-SC,,,SCHEDULED,BRA_20261017_Atletico_MG_Chapecoense_SC
2026-10-17,21:00,BRA,Corinthians,Flamengo RJ,,,SCHEDULED,BRA_20261017_Corinthians_Flamengo_RJ
2026-10-17,21:00,F1,Brest,Paris SG,,,SCHEDULED,F1_20261017_Brest_Paris_SG
2026-10-17,21:00,F2,Sochaux,St Etienne,,,SCHEDULED,F2_20261017_Sochaux_St_Etienne
2026-10-17,21:00,MEX,Atlante,Club Tijuana,,,SCHEDULED,MEX_20261017_Atlante_Club_Tijuana
2026-10-17,21:00,MEX,Santos Laguna,Cruz Azul,,,SCHEDULED,MEX_20261017_Santos_Laguna_Cruz_Azul
2026-10-17,21:00,SP1,Ath Madrid,Celta,,,SCHEDULED,SP1_20261017_Ath_Madrid_Celta
2026-10-17,21:00,SP2,Burgos,Celta B,,,SCHEDULED,SP2_20261017_Burgos_Celta_B
2026-10-17,21:00,USA,New York City,Los Angeles FC,,,SCHEDULED,USA_20261017_New_York_City_Los_Angeles_FC
2026-10-17,21:00,USA,Real Salt Lake,Seattle Sounders,,,SCHEDULED,USA_20261017_Real_Salt_Lake_Seattle_Sounders
2026-10-18,12:30,I1,Bologna,Monza,,,SCHEDULED,I1_20261018_Bologna_Monza
2026-10-18,12:30,I2,Avellino,Arezzo,,,SCHEDULED,I2_20261018_Avellino_Arezzo
2026-10-18,14:00,CHN,Shanghai Shenhua,Liaoning Tieren,,,SCHEDULED,CHN_20261018_Shanghai_Shenhua_Liaoning_Tieren
2026-10-18,14:00,CHN,Shenzhen Xinpengcheng,Henan Songshan Longmen,,,SCHEDULED,CHN_20261018_Shenzhen_Xinpengcheng_Henan_Songshan_Longmen
2026-10-18,14:00,E0,Bournemouth,Sunderland,,,SCHEDULED,E0_20261018_Bournemouth_Sunderland
2026-10-18,14:00,E0,Brighton,Crystal Palace,,,SCHEDULED,E0_20261018_Brighton_Crystal_Palace
2026-10-18,14:00,E0,Leeds,Man United,,,SCHEDULED,E0_20261018_Leeds_Man_United
2026-10-18,14:00,E3,Northampton,Crewe,,,SCHEDULED,E3_20261018_Northampton_Crewe
2026-10-18,14:00,JPN,Avispa Fukuoka,Vissel Kobe,,,SCHEDULED,JPN_20261018_Avispa_Fukuoka_Vissel_Kobe
2026-10-18,14:00,JPN,FC Tokyo,Kashiwa Reysol,,,SCHEDULED,JPN_20261018_FC_Tokyo_Kashiwa_Reysol
2026-10-18,14:00,JPN,Urawa Reds,Verdy,,,SCHEDULED,JPN_20261018_Urawa_Reds_Verdy
2026-10-18,14:00,SC0,Dundee,Aberdeen,,,SCHEDULED,SC0_20261018_Dundee_Aberdeen
2026-10-18,14:00,SP1,Villarreal,Betis,,,SCHEDULED,SP1_20261018_Villarreal_Betis
2026-10-18,14:00,SP2,Sabadell,Sp Gijon,,,SCHEDULED,SP2_20261018_Sabadell_Sp_Gijon
2026-10-18,14:30,AUT,LASK,Salzburg,,,SCHEDULED,AUT_20261018_LASK_Salzburg
2026-10-18,14:30,B1,St Truiden,Westerlo,,,SCHEDULED,B1_20261018_St_Truiden_Westerlo
2026-10-18,14:30,B1,St. Gilloise,RAAL La Louviere,,,SCHEDULED,B1_20261018_St_Gilloise_RAAL_La_Louviere
2026-10-18,14:30,DNK,Sonderjyske,Brondby,,,SCHEDULED,DNK_20261018_Sonderjyske_Brondby
2026-10-18,14:30,G1,OFI Crete,Olympiakos,,,SCHEDULED,G1_20261018_OFI_Crete_Olympiakos
2026-10-18,14:30,N1,Excelsior,Utrecht,,,SCHEDULED,N1_20261018_Excelsior_Utrecht
2026-10-18,14:30,N1,Groningen,Nijmegen,,,SCHEDULED,N1_20261018_Groningen_Nijmegen
2026-10-18,14:30,P1,Estrela,Moreirense,,,SCHEDULED,P1_20261018_Estrela_Moreirense
2026-10-18,14:30,P1,Sp Lisbon,Estoril,,,SCHEDULED,P1_20261018_Sp_Lisbon_Estoril
2026-10-18,14:30,POL,Legia,Slask Wroclaw,,,SCHEDULED,POL_20261018_Legia_Slask_Wroclaw
2026-10-18,14:30,POL,Radomiak Radom,Cracovia,,,SCHEDULED,POL_20261018_Radomiak_Radom_Cracovia
2026-10-18,14:30,ROU,FC Botosani,FC Arges,,,SCHEDULED,ROU_20261018_FC_Botosani_FC_Arges
2026-10-18,14:30,ROU,UTA Arad,U. Cluj,,,SCHEDULED,ROU_20261018_UTA_Arad_U_Cluj
2026-10-18,14:30,SWZ,St. Gallen,Grasshoppers,,,SCHEDULED,SWZ_20261018_St_Gallen_Grasshoppers
2026-10-18,14:30,T1,Corum,Eyupspor,,,SCHEDULED,T1_20261018_Corum_Eyupspor
2026-10-18,14:30,T1,Galatasaray,Konyaspor,,,SCHEDULED,T1_20261018_Galatasaray_Konyaspor
2026-10-18,15:00,F1,Le Havre,Toulouse,,,SCHEDULED,F1_20261018_Le_Havre_Toulouse
2026-10-18,15:00,F1,Marseille,Lyon,,,SCHEDULED,F1_20261018_Marseille_Lyon
2026-10-18,15:00,F1,Troyes,Lens,,,SCHEDULED,F1_20261018_Troyes_Lens
2026-10-18,15:00,F2,Dunkerque,Montpellier,,,SCHEDULED,F2_20261018_Dunkerque_Montpellier
2026-10-18,15:00,F2,Grenoble,Nancy,,,SCHEDULED,F2_20261018_Grenoble_Nancy
2026-10-18,15:00,F2,Reims,Boulogne,,,SCHEDULED,F2_20261018_Reims_Boulogne
2026-10-18,15:00,I1,Roma,Fiorentina,,,SCHEDULED,I1_20261018_Roma_Fiorentina
2026-10-18,15:00,I2,Benevento,Palermo,,,SCHEDULED,I2_20261018_Benevento_Palermo
2026-10-18,15:00,NOR,Aalesund,Bodo/Glimt,,,SCHEDULED,NOR_20261018_Aalesund_Bodo_Glimt
2026-10-18,15:00,NOR,Kristiansund,HamKam,,,SCHEDULED,NOR_20261018_Kristiansund_HamKam
2026-10-18,15:00,SWE,Degerfors,Kalmar,,,SCHEDULED,SWE_20261018_Degerfors_Kalmar
2026-10-18,15:00,SWE,Orgryte,GAIS,,,SCHEDULED,SWE_20261018_Orgryte_GAIS
2026-10-18,15:30,D1,Leverkusen,RB Leipzig,,,SCHEDULED,D1_20261018_Leverkusen_RB_Leipzig
2026-10-18,15:30,D2,Greuther Furth,Heidenheim,,,SCHEDULED,D2_20261018_Greuther_Furth_Heidenheim
2026-10-18,16:00,ARG,Atl. Tucuman,Rosario Central,,,SCHEDULED,ARG_20261018_Atl_Tucuman_Rosario_Central
2026-10-18,16:00,ARG,Central Cordoba,Argentinos Jrs,,,SCHEDULED,ARG_20261018_Central_Cordoba_Argentinos_Jrs
2026-10-18,16:00,BRA,Bragantino,Athletico-PR,,,SCHEDULED,BRA_20261018_Bragantino_Athletico_PR
2026-10-18,16:00,BRA,Mirassol,Santos,,,SCHEDULED,BRA_20261018_Mirassol_Santos
2026-10-18,16:00,CHN,Beijing Guoan,Zhejiang Professional,,,SCHEDULED,CHN_20261018_Beijing_Guoan_Zhejiang_Professional
2026-10-18,16:00,JPN,Gamba Osaka,Kawasaki Frontale,,,SCHEDULED,JPN_20261018_Gamba_Osaka_Kawasaki_Frontale
2026-10-18,16:00,JPN,Nagoya Grampus,Mito,,,SCHEDULED,JPN_20261018_Nagoya_Grampus_Mito
2026-10-18,16:00,MEX,Atlas,Guadalajara Chivas,,,SCHEDULED,MEX_20261018_Atlas_Guadalajara_Chivas
2026-10-18,16:00,USA,FC Dallas,Atlanta Utd,,,SCHEDULED,USA_20261018_FC_Dallas_Atlanta_Utd
2026-10-18,16:00,USA,Los Angeles Galaxy,New York Red Bulls,,,SCHEDULED,USA_20261018_Los_Angeles_Galaxy_New_York_Red_Bulls
2026-10-18,16:15,SP1,Osasuna,Real Madrid,,,SCHEDULED,SP1_20261018_Osasuna_Real_Madrid
2026-10-18,16:15,SP2,Granada,Tenerife,,,SCHEDULED,SP2_20261018_Granada_Tenerife
2026-10-18,16:30,AUT,Ried,Hartberg,,,SCHEDULED,AUT_20261018_Ried_Hartberg
2026-10-18,16:30,B1,Oud-Heverlee Leuven,Kortrijk,,,SCHEDULED,B1_20261018_Oud_Heverlee_Leuven_Kortrijk
2026-10-18,16:30,DNK,FC Copenhagen,Odense,,,SCHEDULED,DNK_20261018_FC_Copenhagen_Odense
2026-10-18,16:30,E0,Nott'm Forest,Arsenal,,,SCHEDULED,E0_20261018_Nott_m_Forest_Arsenal
2026-10-18,16:30,E3,Barnet,Salford,,,SCHEDULED,E3_20261018_Barnet_Salford
2026-10-18,16:30,G1,Panetolikos,Iraklis,,,SCHEDULED,G1_20261018_Panetolikos_Iraklis
2026-10-18,16:30,N1,Ajax,Sparta Rotterdam,,,SCHEDULED,N1_20261018_Ajax_Sparta_Rotterdam
2026-10-18,16:30,P1,Benfica,Arouca,,,SCHEDULED,P1_20261018_Benfica_Arouca
2026-10-18,16:30,POL,Widzew Lodz,Wieczysta Krakow,,,SCHEDULED,POL_20261018_Widzew_Lodz_Wieczysta_Krakow
2026-10-18,16:30,ROU,Corvinul,Petrolul,,,SCHEDULED,ROU_20261018_Corvinul_Petrolul
2026-10-18,16:30,SWZ,Basel,Thun,,,SCHEDULED,SWZ_20261018_Basel_Thun
2026-10-18,16:30,T1,Trabzonspor,Samsunspor,,,SCHEDULED,T1_20261018_Trabzonspor_Samsunspor
2026-10-18,17:15,F1,Nice,Lorient,,,SCHEDULED,F1_20261018_Nice_Lorient
2026-10-18,17:15,F2,Annecy,Rodez,,,SCHEDULED,F2_20261018_Annecy_Rodez
2026-10-18,17:30,D1,Mainz,M'gladbach,,,SCHEDULED,D1_20261018_Mainz_M_gladbach
2026-10-18,17:30,D2,Holstein Kiel,Cottbus,,,SCHEDULED,D2_20261018_Holstein_Kiel_Cottbus
2026-10-18,17:30,NOR,Sarpsborg 08,Rosenborg,,,SCHEDULED,NOR_20261018_Sarpsborg_08_Rosenborg
2026-10-18,17:30,SWE,Brommapojkarna,Hacken,,,SCHEDULED,SWE_20261018_Brommapojkarna_Hacken
2026-10-18,18:00,I1,Venezia,Inter,,,SCHEDULED,I1_20261018_Venezia_Inter
2026-10-18,18:00,I2,Sampdoria,Carrarese,,,SCHEDULED,I2_20261018_Sampdoria_Carrarese
2026-10-18,18:30,ARG,Banfield,Union de Santa Fe,,,SCHEDULED,ARG_20261018_Banfield_Union_de_Santa_Fe
2026-10-18,18:30,ARG,Racing Club,San Lorenzo,,,SCHEDULED,ARG_20261018_Racing_Club_San_Lorenzo
2026-10-18,18:30,AUT,Grazer AK,Austria Vienna,,,SCHEDULED,AUT_20261018_Grazer_AK_Austria_Vienna
2026-10-18,18:30,B1,Antwerp,Anderlecht,,,SCHEDULED,B1_20261018_Antwerp_Anderlecht
2026-10-18,18:30,BRA,Fluminense,Vitoria,,,SCHEDULED,BRA_20261018_Fluminense_Vitoria
2026-10-18,18:30,DNK,Aarhus,Lyngby,,,SCHEDULED,DNK_20261018_Aarhus_Lyngby
2026-10-18,18:30,G1,Levadeiakos,Kalamata,,,SCHEDULED,G1_20261018_Levadeiakos_Kalamata
2026-10-18,18:30,MEX,UNAM Pumas,Monterrey,,,SCHEDULED,MEX_20261018_UNAM_Pumas_Monterrey
2026-10-18,18:30,N1,Heerenveen,Twente,,,SCHEDULED,N1_20261018_Heerenveen_Twente
2026-10-18,18:30,P1,Gil Vicente,Rio Ave,,,SCHEDULED,P1_20261018_Gil_Vicente_Rio_Ave
2026-10-18,18:30,POL,Gornik Zabrze,Korona Kielce,,,SCHEDULED,POL_20261018_Gornik_Zabrze_Korona_Kielce
2026-10-18,18:30,ROU,Dinamo Bucuresti,FCSB,,,SCHEDULED,ROU_20261018_Dinamo_Bucuresti_FCSB
2026-10-18,18:30,SP1,Sociedad,Santander,,,SCHEDULED,SP1_20261018_Sociedad_Santander
2026-10-18,18:30,SP2,Eibar,Oviedo,,,SCHEDULED,SP2_20261018_Eibar_Oviedo
2026-10-18,18:30,SWZ,Young Boys,Zurich,,,SCHEDULED,SWZ_20261018_Young_Boys_Zurich
2026-10-18,18:30,T1,Goztep,Erzurumspor,,,SCHEDULED,T1_20261018_Goztep_Erzurumspor
2026-10-18,18:30,USA,Chicago Fire,Charlotte,,,SCHEDULED,USA_20261018_Chicago_Fire_Charlotte
2026-10-18,18:30,USA,San Jose Earthquakes,Philadelphia Union,,,SCHEDULED,USA_20261018_San_Jose_Earthquakes_Philadelphia_Union
2026-10-18,20:45,F1,Monaco,Angers,,,SCHEDULED,F1_20261018_Monaco_Angers
2026-10-18,20:45,F2,Pau FC,Clermont,,,SCHEDULED,F2_20261018_Pau_FC_Clermont
2026-10-18,20:45,I1,Lecce,Sassuolo,,,SCHEDULED,I1_20261018_Lecce_Sassuolo
2026-10-18,20:45,I2,Virtus Entella,Catanzaro,,,SCHEDULED,I2_20261018_Virtus_Entella_Catanzaro
2026-10-18,21:00,ARG,Estudiantes L.P.,Dep. Riestra,,,SCHEDULED,ARG_20261018_Estudiantes_L_P_Dep_Riestra
2026-10-18,21:00,ARG,Huracan,Tigre,,,SCHEDULED,ARG_20261018_Huracan_Tigre
2026-10-18,21:00,BRA,Vasco,Gremio,,,SCHEDULED,BRA_20261018_Vasco_Gremio
2026-10-18,21:00,MEX,Club America,Pachuca,,,SCHEDULED,MEX_20261018_Club_America_Pachuca
2026-10-18,21:00,SP1,Getafe,Vallecano,,,SCHEDULED,SP1_20261018_Getafe_Vallecano
2026-10-18,21:00,SP2,Mallorca,Ceuta,,,SCHEDULED,SP2_20261018_Mallorca_Ceuta
2026-10-18,21:00,USA,St. Louis City,DC United,,,SCHEDULED,USA_20261018_St_Louis_City_DC_United
2026-10-18,21:00,USA,Vancouver Whitecaps,Toronto FC,,,SCHEDULED,USA_20261018_Vancouver_Whitecaps_Toronto_FC
2026-10-19,20:00,E0,Tottenham,Coventry,,,SCHEDULED,E0_20261019_Tottenham_Coventry
2026-10-20,19:45,E1,Wolves,Portsmouth,,,SCHEDULED,E1_20261020_Wolves_Portsmouth
2026-10-20,19:45,E2,Stevenage,Plymouth,,,SCHEDULED,E2_20261020_Stevenage_Plymouth
2026-10-20,20:45,E2,AFC Wimbledon,Mansfield,,,SCHEDULED,E2_20261020_AFC_Wimbledon_Mansfield
2026-10-20,20:45,E2,Blackpool,Milton Keynes Dons,,,SCHEDULED,E2_20261020_Blackpool_Milton_Keynes_Dons
2026-10-20,20:45,E2,Bromley,Leicester,,,SCHEDULED,E2_20261020_Bromley_Leicester
2026-10-20,20:45,E2,Burton,Bradford,,,SCHEDULED,E2_20261020_Burton_Bradford
2026-10-20,20:45,E2,Cambridge,Wycombe,,,SCHEDULED,E2_20261020_Cambridge_Wycombe
2026-10-20,20:45,E2,Doncaster,Stockport,,,SCHEDULED,E2_20261020_Doncaster_Stockport
2026-10-20,20:45,E2,Huddersfield,Peterboro,,,SCHEDULED,E2_20261020_Huddersfield_Peterboro
2026-10-20,20:45,E2,Luton,Barnsley,,,SCHEDULED,E2_20261020_Luton_Barnsley
2026-10-20,20:45,E2,Notts County,Sheffield Weds,,,SCHEDULED,E2_20261020_Notts_County_Sheffield_Weds
2026-10-20,20:45,E2,Oxford,Wigan,,,SCHEDULED,E2_20261020_Oxford_Wigan
2026-10-20,20:45,E2,Plymouth,Reading,,,SCHEDULED,E2_20261020_Plymouth_Reading
2026-10-20,21:00,E2,Stevenage,Leyton Orient,,,SCHEDULED,E2_20261020_Stevenage_Leyton_Orient
2026-10-21,20:00,E2,Reading,Leyton Orient,,,SCHEDULED,E2_20261021_Reading_Leyton_Orient
2026-10-23,20:00,AUT,Grazer AK,Altach,,,SCHEDULED,AUT_20261023_Grazer_AK_Altach
2026-10-23,20:00,B1,Antwerp,Waregem,,,SCHEDULED,B1_20261023_Antwerp_Waregem
2026-10-23,20:00,DNK,Aarhus,Viborg,,,SCHEDULED,DNK_20261023_Aarhus_Viborg
2026-10-23,20:00,E0,Ipswich,Nott'm Forest,,,SCHEDULED,E0_20261023_Ipswich_Nott_m_Forest
2026-10-23,20:00,E1,Bolton,Middlesbrough,,,SCHEDULED,E1_20261023_Bolton_Middlesbrough
2026-10-23,20:00,E3,Port Vale,Salford,,,SCHEDULED,E3_20261023_Port_Vale_Salford
2026-10-23,20:00,G1,Levadeiakos,Panathinaikos,,,SCHEDULED,G1_20261023_Levadeiakos_Panathinaikos
2026-10-23,20:00,N1,Heerenveen,PSV Eindhoven,,,SCHEDULED,N1_20261023_Heerenveen_PSV_Eindhoven
2026-10-23,20:00,P1,Gil Vicente,Casa Pia,,,SCHEDULED,P1_20261023_Gil_Vicente_Casa_Pia
2026-10-23,20:00,POL,Gornik Zabrze,Wisla,,,SCHEDULED,POL_20261023_Gornik_Zabrze_Wisla
2026-10-23,20:00,ROU,Sepsi Sf. Gheorghe,FCSB,,,SCHEDULED,ROU_20261023_Sepsi_Sf_Gheorghe_FCSB
2026-10-23,20:00,SWZ,Young Boys,Lugano,,,SCHEDULED,SWZ_20261023_Young_Boys_Lugano
2026-10-23,20:00,T1,Amedspor,Erzurumspor,,,SCHEDULED,T1_20261023_Amedspor_Erzurumspor
2026-10-23,20:30,D1,Union Berlin,M'gladbach,,,SCHEDULED,D1_20261023_Union_Berlin_M_gladbach
2026-10-23,20:30,D2,Holstein Kiel,Osnabruck,,,SCHEDULED,D2_20261023_Holstein_Kiel_Osnabruck
2026-10-23,20:45,F1,Monaco,Lens,,,SCHEDULED,F1_20261023_Monaco_Lens
2026-10-23,20:45,F2,Pau FC,Nancy,,,SCHEDULED,F2_20261023_Pau_FC_Nancy
2026-10-23,20:45,I1,Atalanta,Sassuolo,,,SCHEDULED,I1_20261023_Atalanta_Sassuolo
2026-10-23,20:45,I2,Ascoli,Catanzaro,,,SCHEDULED,I2_20261023_Ascoli_Catanzaro
2026-10-23,21:00,ARG,Boca Juniors,Tigre,,,SCHEDULED,ARG_20261023_Boca_Juniors_Tigre
2026-10-23,21:00,ARG,Estudiantes L.P.,Defensa y Justicia,,,SCHEDULED,ARG_20261023_Estudiantes_L_P_Defensa_y_Justicia
2026-10-23,21:00,BRA,Vasco,Bahia,,,SCHEDULED,BRA_20261023_Vasco_Bahia
2026-10-23,21:00,MEX,Club America,Juarez,,,SCHEDULED,MEX_20261023_Club_America_Juarez
2026-10-23,21:00,SP1,Getafe,Barcelona,,,SCHEDULED,SP1_20261023_Getafe_Barcelona
2026-10-23,21:00,SP2,Eldense,Ceuta,,,SCHEDULED,SP2_20261023_Eldense_Ceuta
2026-10-23,21:00,USA,Nashville SC,DC United,,,SCHEDULED,USA_20261023_Nashville_SC_DC_United
2026-10-23,21:00,USA,Vancouver Whitecaps,Sporting Kansas City,,,SCHEDULED,USA_20261023_Vancouver_Whitecaps_Sporting_Kansas_City
2026-10-24,12:30,E0,Aston Villa,Man City,,,SCHEDULED,E0_20261024_Aston_Villa_Man_City
2026-10-24,12:30,E1,Charlton,Norwich,,,SCHEDULED,E1_20261024_Charlton_Norwich
2026-10-24,12:30,E1,Portsmouth,Millwall,,,SCHEDULED,E1_20261024_Portsmouth_Millwall
2026-10-24,12:30,E1,Sheffield United,Derby,,,SCHEDULED,E1_20261024_Sheffield_United_Derby
2026-10-24,12:30,E2,Huddersfield,Wigan,,,SCHEDULED,E2_20261024_Huddersfield_Wigan
2026-10-24,12:30,E2,Luton,Leicester,,,SCHEDULED,E2_20261024_Luton_Leicester
2026-10-24,14:00,CHN,Beijing Guoan,Liaoning Tieren,,,SCHEDULED,CHN_20261024_Beijing_Guoan_Liaoning_Tieren
2026-10-24,14:00,CHN,Qingdao Hainiu,Chengdu Rongcheng,,,SCHEDULED,CHN_20261024_Qingdao_Hainiu_Chengdu_Rongcheng
2026-10-24,14:00,CHN,Shanghai Shenhua,Chongqing Tonglianglong,,,SCHEDULED,CHN_20261024_Shanghai_Shenhua_Chongqing_Tonglianglong
2026-10-24,14:00,JPN,Okayama,Verdy,,,SCHEDULED,JPN_20261024_Okayama_Verdy
2026-10-24,14:00,JPN,Urawa Reds,Kawasaki Frontale,,,SCHEDULED,JPN_20261024_Urawa_Reds_Kawasaki_Frontale
2026-10-24,14:00,JPN,Yokohama F. Marinos,Shimizu S-Pulse,,,SCHEDULED,JPN_20261024_Yokohama_F_Marinos_Shimizu_S_Pulse
2026-10-24,14:00,SP1,Levante,Espanol,,,SCHEDULED,SP1_20261024_Levante_Espanol
2026-10-24,14:00,SP1,Malaga,La Coruna,,,SCHEDULED,SP1_20261024_Malaga_La_Coruna
2026-10-24,14:00,SP2,Cadiz,Leganes,,,SCHEDULED,SP2_20261024_Cadiz_Leganes
2026-10-24,14:00,SP2,Sociedad B,Cordoba,,,SCHEDULED,SP2_20261024_Sociedad_B_Cordoba
2026-10-24,15:00,E0,Arsenal,Everton,,,SCHEDULED,E0_20261024_Arsenal_Everton
2026-10-24,15:00,E0,Coventry,Fulham,,,SCHEDULED,E0_20261024_Coventry_Fulham
2026-10-24,15:00,E1,Blackburn,Wrexham,,,SCHEDULED,E1_20261024_Blackburn_Wrexham
2026-10-24,15:00,E1,Cardiff,Birmingham,,,SCHEDULED,E1_20261024_Cardiff_Birmingham
2026-10-24,15:00,E1,Lincoln,Burnley,,,SCHEDULED,E1_20261024_Lincoln_Burnley
2026-10-24,15:00,E1,Preston,West Brom,,,SCHEDULED,E1_20261024_Preston_West_Brom
2026-10-24,15:00,E1,QPR,Swansea,,,SCHEDULED,E1_20261024_QPR_Swansea
2026-10-24,15:00,E1,Stoke,Bristol City,,,SCHEDULED,E1_20261024_Stoke_Bristol_City
2026-10-24,15:00,E1,West Ham,Southampton,,,SCHEDULED,E1_20261024_West_Ham_Southampton
2026-10-24,15:00,E1,Wolves,Watford,,,SCHEDULED,E1_20261024_Wolves_Watford
2026-10-24,15:00,E2,AFC Wimbledon,Wycombe,,,SCHEDULED,E2_20261024_AFC_Wimbledon_Wycombe
2026-10-24,15:00,E2,Blackpool,Mansfield,,,SCHEDULED,E2_20261024_Blackpool_Mansfield
2026-10-24,15:00,E2,Bromley,Peterboro,,,SCHEDULED,E2_20261024_Bromley_Peterboro
2026-10-24,15:00,E2,Burton,Leyton Orient,,,SCHEDULED,E2_20261024_Burton_Leyton_Orient
2026-10-24,15:00,E2,Cambridge,Plymouth,,,SCHEDULED,E2_20261024_Cambridge_Plymouth
2026-10-24,15:00,E2,Doncaster,Sheffield Weds,,,SCHEDULED,E2_20261024_Doncaster_Sheffield_Weds
2026-10-24,15:00,E2,Notts County,Stockport,,,SCHEDULED,E2_20261024_Notts_County_Stockport
2026-10-24,15:00,E2,Oxford,Bradford,,,SCHEDULED,E2_20261024_Oxford_Bradford
2026-10-24,15:00,E2,Reading,Barnsley,,,SCHEDULED,E2_20261024_Reading_Barnsley
2026-10-24,15:00,E2,Stevenage,Milton Keynes Dons,,,SCHEDULED,E2_20261024_Stevenage_Milton_Keynes_Dons
2026-10-24,15:00,E3,Accrington,Bristol Rvs,,,SCHEDULED,E3_20261024_Accrington_Bristol_Rvs
2026-10-24,15:00,E3,Cheltenham,Tranmere,,,SCHEDULED,E3_20261024_Cheltenham_Tranmere
2026-10-24,15:00,E3,Fleetwood Town,Rochdale,,,SCHEDULED,E3_20261024_Fleetwood_Town_Rochdale
2026-10-24,15:00,E3,Grimsby,Walsall,,,SCHEDULED,E3_20261024_Grimsby_Walsall
2026-10-24,15:00,E3,Northampton,Rotherham,,,SCHEDULED,E3_20261024_Northampton_Rotherham
2026-10-24,15:00,E3,Shrewsbury,Exeter,,,SCHEDULED,E3_20261024_Shrewsbury_Exeter
2026-10-24,15:00,E3,Swindon,Chesterfield,,,SCHEDULED,E3_20261024_Swindon_Chesterfield
2026-10-24,15:00,E3,York,Newport County,,,SCHEDULED,E3_20261024_York_Newport_County
2026-10-24,15:00,I1,Como,Juventus,,,SCHEDULED,I1_20261024_Como_Juventus
2026-10-24,15:00,I1,Udinese,Napoli,,,SCHEDULED,I1_20261024_Udinese_Napoli
2026-10-24,15:00,I2,Empoli,Juve Stabia,,,SCHEDULED,I2_20261024_Empoli_Juve_Stabia
2026-10-24,15:00,I2,Pisa,Modena,,,SCHEDULED,I2_20261024_Pisa_Modena
2026-10-24,15:00,NOR,Kristiansund,Fredrikstad,,,SCHEDULED,NOR_20261024_Kristiansund_Fredrikstad
2026-10-24,15:00,NOR,Lillestrom,Start,,,SCHEDULED,NOR_20261024_Lillestrom_Start
2026-10-24,15:00,NOR,Sarpsborg 08,HamKam,,,SCHEDULED,NOR_20261024_Sarpsborg_08_HamKam
2026-10-24,15:00,SC0,Kilmarnock,Hearts,,,SCHEDULED,SC0_20261024_Kilmarnock_Hearts
2026-10-24,15:00,SC0,Motherwell,Celtic,,,SCHEDULED,SC0_20261024_Motherwell_Celtic
2026-10-24,15:00,SC0,Rangers,Aberdeen,,,SCHEDULED,SC0_20261024_Rangers_Aberdeen
2026-10-24,15:00,SC0,St Johnstone,St Mirren,,,SCHEDULED,SC0_20261024_St_Johnstone_St_Mirren
2026-10-24,15:00,SWE,Brommapojkarna,GAIS,,,SCHEDULED,SWE_20261024_Brommapojkarna_GAIS
2026-10-24,15:00,SWE,Mjallby,Malmo FF,,,SCHEDULED,SWE_20261024_Mjallby_Malmo_FF
2026-10-24,15:00,SWE,Orgryte,Halmstad,,,SCHEDULED,SWE_20261024_Orgryte_Halmstad
2026-10-24,15:30,D1,Bayern Munich,Paderborn,,,SCHEDULED,D1_20261024_Bayern_Munich_Paderborn
2026-10-24,15:30,D1,Dortmund,Hamburg,,,SCHEDULED,D1_20261024_Dortmund_Hamburg
2026-10-24,15:30,D1,Ein Frankfurt,Stuttgart,,,SCHEDULED,D1_20261024_Ein_Frankfurt_Stuttgart
2026-10-24,15:30,D1,Elversberg,Werder Bremen,,,SCHEDULED,D1_20261024_Elversberg_Werder_Bremen
2026-10-24,15:30,D1,Hoffenheim,Schalke 04,,,SCHEDULED,D1_20261024_Hoffenheim_Schalke_04
2026-10-24,15:30,D2,Hannover,Karlsruhe,,,SCHEDULED,D2_20261024_Hannover_Karlsruhe
2026-10-24,15:30,D2,Hertha,Bochum,,,SCHEDULED,D2_20261024_Hertha_Bochum
2026-10-24,15:30,D2,Magdeburg,Darmstadt,,,SCHEDULED,D2_20261024_Magdeburg_Darmstadt
2026-10-24,15:30,D2,Nurnberg,Braunschweig,,,SCHEDULED,D2_20261024_Nurnberg_Braunschweig
2026-10-24,15:30,D2,Wolfsburg,Kaiserslautern,,,SCHEDULED,D2_20261024_Wolfsburg_Kaiserslautern
2026-10-24,16:00,CHN,Shandong Taishan,Dalian Yingbo,,,SCHEDULED,CHN_20261024_Shandong_Taishan_Dalian_Yingbo
2026-10-24,16:00,CHN,Shenzhen Xinpengcheng,Wuhan Three Towns,,,SCHEDULED,CHN_20261024_Shenzhen_Xinpengcheng_Wuhan_Three_Towns
2026-10-24,16:00,JPN,Chiba,Vissel Kobe,,,SCHEDULED,JPN_20261024_Chiba_Vissel_Kobe
2026-10-24,16:00,JPN,Machida,Kashiwa Reysol,,,SCHEDULED,JPN_20261024_Machida_Kashiwa_Reysol
2026-10-24,16:15,SP1,Sevilla,Alaves,,,SCHEDULED,SP1_20261024_Sevilla_Alaves
2026-10-24,16:15,SP2,Almeria,Andorra,,,SCHEDULED,SP2_20261024_Almeria_Andorra
2026-10-24,16:15,SP2,Castellon,Valladolid,,,SCHEDULED,SP2_20261024_Castellon_Valladolid
2026-10-24,17:00,F1,Brest,Paris FC,,,SCHEDULED,F1_20261024_Brest_Paris_FC
2026-10-24,17:00,F1,Troyes,Toulouse,,,SCHEDULED,F1_20261024_Troyes_Toulouse
2026-10-24,17:00,F2,Grenoble,Boulogne,,,SCHEDULED,F2_20261024_Grenoble_Boulogne
2026-10-24,17:00,F2,Sochaux,Metz,,,SCHEDULED,F2_20261024_Sochaux_Metz
2026-10-24,17:30,E0,Chelsea,Tottenham,,,SCHEDULED,E0_20261024_Chelsea_Tottenham
2026-10-24,17:30,E3,Barnet,Crewe,,,SCHEDULED,E3_20261024_Barnet_Crewe
2026-10-24,17:30,NOR,Aalesund,Tromso,,,SCHEDULED,NOR_20261024_Aalesund_Tromso
2026-10-24,17:30,NOR,Valerenga,KFUM Oslo,,,SCHEDULED,NOR_20261024_Valerenga_KFUM_Oslo
2026-10-24,17:30,SC0,Dundee,Hibernian,,,SCHEDULED,SC0_20261024_Dundee_Hibernian
2026-10-24,17:30,SWE,Degerfors,AIK,,,SCHEDULED,SWE_20261024_Degerfors_AIK
2026-10-24,17:30,SWE,Hammarby,Elfsborg,,,SCHEDULED,SWE_20261024_Hammarby_Elfsborg
2026-10-24,18:00,AUT,Sturm Graz,Tirol,,,SCHEDULED,AUT_20261024_Sturm_Graz_Tirol
2026-10-24,18:00,B1,Cercle Brugge,Gent,,,SCHEDULED,B1_20261024_Cercle_Brugge_Gent
2026-10-24,18:00,B1,Genk,Westerlo,,,SCHEDULED,B1_20261024_Genk_Westerlo
2026-10-24,18:00,B1,St Truiden,Lommel SK,,,SCHEDULED,B1_20261024_St_Truiden_Lommel_SK
2026-10-24,18:00,DNK,Midtjylland,Horsens,,,SCHEDULED,DNK_20261024_Midtjylland_Horsens
2026-10-24,18:00,G1,Atromitos,AEK,,,SCHEDULED,G1_20261024_Atromitos_AEK
2026-10-24,18:00,G1,Kifisia,PAOK,,,SCHEDULED,G1_20261024_Kifisia_PAOK
2026-10-24,18:00,I1,Genoa,Torino,,,SCHEDULED,I1_20261024_Genoa_Torino
2026-10-24,18:00,I1,Milan,Cagliari,,,SCHEDULED,I1_20261024_Milan_Cagliari
2026-10-24,18:00,I2,Cesena,Vicenza,,,SCHEDULED,I2_20261024_Cesena_Vicenza
2026-10-24,18:00,I2,Padova,Sudtirol,,,SCHEDULED,I2_20261024_Padova_Sudtirol
2026-10-24,18:00,N1,Excelsior,Telstar,,,SCHEDULED,N1_20261024_Excelsior_Telstar
2026-10-24,18:00,N1,Feyenoord,Cambuur,,,SCHEDULED,N1_20261024_Feyenoord_Cambuur
2026-10-24,18:00,N1,For Sittard,Utrecht,,,SCHEDULED,N1_20261024_For_Sittard_Utrecht
2026-10-24,18:00,P1,Estrela,Santa Clara,,,SCHEDULED,P1_20261024_Estrela_Santa_Clara
2026-10-24,18:00,P1,Maritimo,Moreirense,,,SCHEDULED,P1_20261024_Maritimo_Moreirense
2026-10-24,18:00,P1,Nacional,Sp Braga,,,SCHEDULED,P1_20261024_Nacional_Sp_Braga
2026-10-24,18:00,POL,Lech Poznan,Slask Wroclaw,,,SCHEDULED,POL_20261024_Lech_Poznan_Slask_Wroclaw
2026-10-24,18:00,POL,Legia,Pogon Szczecin,,,SCHEDULED,POL_20261024_Legia_Pogon_Szczecin
2026-10-24,18:00,POL,Wisla Plock,Piast Gliwice,,,SCHEDULED,POL_20261024_Wisla_Plock_Piast_Gliwice
2026-10-24,18:00,ROU,CFR Cluj,Csikszereda M. Ciuc,,,SCHEDULED,ROU_20261024_CFR_Cluj_Csikszereda_M_Ciuc
2026-10-24,18:00,ROU,Farul Constanta,U. Cluj,,,SCHEDULED,ROU_20261024_Farul_Constanta_U_Cluj
2026-10-24,18:00,SWZ,Servette,Vaduz,,,SCHEDULED,SWZ_20261024_Servette_Vaduz
2026-10-24,18:00,T1,Alanyaspor,Eyupspor,,,SCHEDULED,T1_20261024_Alanyaspor_Eyupspor
2026-10-24,18:00,T1,Corum,Kocaelispor,,,SCHEDULED,T1_20261024_Corum_Kocaelispor
2026-10-24,18:00,T1,Genclerbirligi,Kasimpasa,,,SCHEDULED,T1_20261024_Genclerbirligi_Kasimpasa
2026-10-24,18:30,D1,FC Koln,RB Leipzig,,,SCHEDULED,D1_20261024_FC_Koln_RB_Leipzig
2026-10-24,18:30,D2,Greuther Furth,Bielefeld,,,SCHEDULED,D2_20261024_Greuther_Furth_Bielefeld
2026-10-24,18:30,SP1,Ath Bilbao,Celta,,,SCHEDULED,SP1_20261024_Ath_Bilbao_Celta
2026-10-24,18:30,SP2,Burgos,Albacete,,,SCHEDULED,SP2_20261024_Burgos_Albacete
2026-10-24,19:30,ARG,Banfield,Dep. Riestra,,,SCHEDULED,ARG_20261024_Banfield_Dep_Riestra
2026-10-24,19:30,ARG,Huracan,San Lorenzo,,,SCHEDULED,ARG_20261024_Huracan_San_Lorenzo
2026-10-24,19:30,ARG,Lanus,Platense,,,SCHEDULED,ARG_20261024_Lanus_Platense
2026-10-24,19:30,ARG,Newells Old Boys,Estudiantes Rio Cuarto,,,SCHEDULED,ARG_20261024_Newells_Old_Boys_Estudiantes_Rio_Cuarto
2026-10-24,19:30,ARG,Talleres Cordoba,Aldosivi,,,SCHEDULED,ARG_20261024_Talleres_Cordoba_Aldosivi
2026-10-24,19:30,BRA,Atletico-MG,Coritiba,,,SCHEDULED,BRA_20261024_Atletico_MG_Coritiba
2026-10-24,19:30,BRA,Fluminense,Gremio,,,SCHEDULED,BRA_20261024_Fluminense_Gremio
2026-10-24,19:30,BRA,Remo,Flamengo RJ,,,SCHEDULED,BRA_20261024_Remo_Flamengo_RJ
2026-10-24,19:30,MEX,Santos Laguna,Atl. San Luis,,,SCHEDULED,MEX_20261024_Santos_Laguna_Atl_San_Luis
2026-10-24,19:30,MEX,Tigres UANL,Club Tijuana,,,SCHEDULED,MEX_20261024_Tigres_UANL_Club_Tijuana
2026-10-24,19:30,MEX,UNAM Pumas,Pachuca,,,SCHEDULED,MEX_20261024_UNAM_Pumas_Pachuca
2026-10-24,19:30,USA,New York City,Columbus Crew,,,SCHEDULED,USA_20261024_New_York_City_Columbus_Crew
2026-10-24,19:30,USA,Portland Timbers,Seattle Sounders,,,SCHEDULED,USA_20261024_Portland_Timbers_Seattle_Sounders
2026-10-24,19:30,USA,San Diego FC,Houston Dynamo,,,SCHEDULED,USA_20261024_San_Diego_FC_Houston_Dynamo
2026-10-24,19:30,USA,San Jose Earthquakes,Toronto FC,,,SCHEDULED,USA_20261024_San_Jose_Earthquakes_Toronto_FC
2026-10-24,19:30,USA,St. Louis City,Charlotte,,,SCHEDULED,USA_20261024_St_Louis_City_Charlotte
2026-10-24,20:45,AUT,A. Lustenau,Salzburg,,,SCHEDULED,AUT_20261024_A_Lustenau_Salzburg
2026-10-24,20:45,B1,Club Brugge,RAAL La Louviere,,,SCHEDULED,B1_20261024_Club_Brugge_RAAL_La_Louviere
2026-10-24,20:45,DNK,Nordsjaelland,Brondby,,,SCHEDULED,DNK_20261024_Nordsjaelland_Brondby
2026-10-24,20:45,G1,Volos NFC,Olympiakos,,,SCHEDULED,G1_20261024_Volos_NFC_Olympiakos
2026-10-24,20:45,I1,Frosinone,Monza,,,SCHEDULED,I1_20261024_Frosinone_Monza
2026-10-24,20:45,I2,Mantova,Arezzo,,,SCHEDULED,I2_20261024_Mantova_Arezzo
2026-10-24,20:45,N1,Den Haag,Nijmegen,,,SCHEDULED,N1_20261024_Den_Haag_Nijmegen
2026-10-24,20:45,P1,Alverca,Estoril,,,SCHEDULED,P1_20261024_Alverca_Estoril
2026-10-24,20:45,POL,Rakow,Cracovia,,,SCHEDULED,POL_20261024_Rakow_Cracovia
2026-10-24,20:45,ROU,FC Botosani,Otelul,,,SCHEDULED,ROU_20261024_FC_Botosani_Otelul
2026-10-24,20:45,SWZ,Luzern,Grasshoppers,,,SCHEDULED,SWZ_20261024_Luzern_Grasshoppers
2026-10-24,20:45,T1,Galatasaray,Besiktas,,,SCHEDULED,T1_20261024_Galatasaray_Besiktas
2026-10-24,21:00,ARG,Central Cordoba,Gimnasia L.P.,,,SCHEDULED,ARG_20261024_Central_Cordoba_Gimnasia_L_P
2026-10-24,21:00,ARG,Instituto,Rosario Central,,,SCHEDULED,ARG_20261024_Instituto_Rosario_Central
2026-10-24,21:00,BRA,Bragantino,Sao Paulo,,,SCHEDULED,BRA_20261024_Bragantino_Sao_Paulo
2026-10-24,21:00,BRA,Internacional,Santos,,,SCHEDULED,BRA_20261024_Internacional_Santos
2026-10-24,21:00,F1,Rennes,Lyon,,,SCHEDULED,F1_20261024_Rennes_Lyon
2026-10-24,21:00,F2,Dijon,Montpellier,,,SCHEDULED,F2_20261024_Dijon_Montpellier
2026-10-24,21:00,MEX,Atlas,Necaxa,,,SCHEDULED,MEX_20261024_Atlas_Necaxa
2026-10-24,21:00,MEX,Queretaro,Cruz Azul,,,SCHEDULED,MEX_20261024_Queretaro_Cruz_Azul
2026-10-24,21:00,SP1,Villarreal,Elche,,,SCHEDULED,SP1_20261024_Villarreal_Elche
2026-10-24,21:00,SP2,Las Palmas,Sp Gijon,,,SCHEDULED,SP2_20261024_Las_Palmas_Sp_Gijon
2026-10-24,21:00,USA,FC Dallas,CF Montreal,,,SCHEDULED,USA_20261024_FC_Dallas_CF_Montreal
2026-10-24,21:00,USA,Inter Miami,New York Red Bulls,,,SCHEDULED,USA_20261024_Inter_Miami_New_York_Red_Bulls
2026-10-25,12:30,I1,Roma,Parma,,,SCHEDULED,I1_20261025_Roma_Parma
2026-10-25,12:30,I2,Benevento,Cremonese,,,SCHEDULED,I2_20261025_Benevento_Cremonese
2026-10-25,14:00,CHN,Shanghai Port,Zhejiang Professional,,,SCHEDULED,CHN_20261025_Shanghai_Port_Zhejiang_Professional
2026-10-25,14:00,CHN,Tianjin Jinmen Tiger,Yunnan Yukun,,,SCHEDULED,CHN_20261025_Tianjin_Jinmen_Tiger_Yunnan_Yukun
2026-10-25,14:00,E0,Crystal Palace,Newcastle,,,SCHEDULED,E0_20261025_Crystal_Palace_Newcastle
2026-10-25,14:00,E0,Hull,Brentford,,,SCHEDULED,E0_20261025_Hull_Brentford
2026-10-25,14:00,E0,Liverpool,Brighton,,,SCHEDULED,E0_20261025_Liverpool_Brighton
2026-10-25,14:00,E0,Man United,Bournemouth,,,SCHEDULED,E0_20261025_Man_United_Bournemouth
2026-10-25,14:00,E3,Oldham,Colchester,,,SCHEDULED,E3_20261025_Oldham_Colchester
2026-10-25,14:00,JPN,Cerezo Osaka,V-Varen Nagasaki,,,SCHEDULED,JPN_20261025_Cerezo_Osaka_V_Varen_Nagasaki
2026-10-25,14:00,JPN,Gamba Osaka,Kashima Antlers,,,SCHEDULED,JPN_20261025_Gamba_Osaka_Kashima_Antlers
2026-10-25,14:00,JPN,Nagoya Grampus,Sanfrecce Hiroshima,,,SCHEDULED,JPN_20261025_Nagoya_Grampus_Sanfrecce_Hiroshima
2026-10-25,14:00,SC0,Falkirk,Dundee United,,,SCHEDULED,SC0_20261025_Falkirk_Dundee_United
2026-10-25,14:00,SP1,Ath Madrid,Real Madrid,,,SCHEDULED,SP1_20261025_Ath_Madrid_Real_Madrid
2026-10-25,14:00,SP2,Granada,Celta B,,,SCHEDULED,SP2_20261025_Granada_Celta_B
2026-10-25,14:30,AUT,Ried,SK Rapid,,,SCHEDULED,AUT_20261025_Ried_SK_Rapid
2026-10-25,14:30,B1,Oud-Heverlee Leuven,Charleroi,,,SCHEDULED,B1_20261025_Oud_Heverlee_Leuven_Charleroi
2026-10-25,14:30,B1,Standard,Mechelen,,,SCHEDULED,B1_20261025_Standard_Mechelen
2026-10-25,14:30,DNK,FC Copenhagen,Silkeborg,,,SCHEDULED,DNK_20261025_FC_Copenhagen_Silkeborg
2026-10-25,14:30,G1,Panetolikos,Asteras Tripolis,,,SCHEDULED,G1_20261025_Panetolikos_Asteras_Tripolis
2026-10-25,14:30,N1,Ajax,AZ Alkmaar,,,SCHEDULED,N1_20261025_Ajax_AZ_Alkmaar
2026-10-25,14:30,N1,Willem II,Zwolle,,,SCHEDULED,N1_20261025_Willem_II_Zwolle
2026-10-25,14:30,P1,Benfica,Guimaraes,,,SCHEDULED,P1_20261025_Benfica_Guimaraes
2026-10-25,14:30,P1,Porto,Academico Viseu,,,SCHEDULED,P1_20261025_Porto_Academico_Viseu
2026-10-25,14:30,POL,Jagiellonia,Zaglebie,,,SCHEDULED,POL_20261025_Jagiellonia_Zaglebie
2026-10-25,14:30,POL,Widzew Lodz,GKS Katowice,,,SCHEDULED,POL_20261025_Widzew_Lodz_GKS_Katowice
2026-10-25,14:30,ROU,FC Rapid Bucuresti,Petrolul,,,SCHEDULED,ROU_20261025_FC_Rapid_Bucuresti_Petrolul
2026-10-25,14:30,ROU,UTA Arad,FC Voluntari,,,SCHEDULED,ROU_20261025_UTA_Arad_FC_Voluntari
2026-10-25,14:30,SWZ,Basel,Lausanne,,,SCHEDULED,SWZ_20261025_Basel_Lausanne
2026-10-25,14:30,T1,Fenerbahce,Rizespor,,,SCHEDULED,T1_20261025_Fenerbahce_Rizespor
2026-10-25,14:30,T1,Gaziantep,Samsunspor,,,SCHEDULED,T1_20261025_Gaziantep_Samsunspor
2026-10-25,15:00,F1,Le Havre,Strasbourg,,,SCHEDULED,F1_20261025_Le_Havre_Strasbourg
2026-10-25,15:00,F1,Le Mans,Auxerre,,,SCHEDULED,F1_20261025_Le_Mans_Auxerre
2026-10-25,15:00,F1,Nice,Paris SG,,,SCHEDULED,F1_20261025_Nice_Paris_SG
2026-10-25,15:00,F2,Annecy,St Etienne,,,SCHEDULED,F2_20261025_Annecy_St_Etienne
2026-10-25,15:00,F2,Nantes,Guingamp,,,SCHEDULED,F2_20261025_Nantes_Guingamp
2026-10-25,15:00,F2,Reims,Laval,,,SCHEDULED,F2_20261025_Reims_Laval
2026-10-25,15:00,I1,Bologna,Inter,,,SCHEDULED,I1_20261025_Bologna_Inter
2026-10-25,15:00,I2,Avellino,Carrarese,,,SCHEDULED,I2_20261025_Avellino_Carrarese
2026-10-25,15:00,NOR,Brann,Rosenborg,,,SCHEDULED,NOR_20261025_Brann_Rosenborg
2026-10-25,15:00,NOR,Sandefjord,Molde,,,SCHEDULED,NOR_20261025_Sandefjord_Molde
2026-10-25,15:00,SWE,Goteborg,Hacken,,,SCHEDULED,SWE_20261025_Goteborg_Hacken
2026-10-25,15:00,SWE,Sirius,Djurgarden,,,SCHEDULED,SWE_20261025_Sirius_Djurgarden
2026-10-25,15:30,D1,Mainz,Augsburg,,,SCHEDULED,D1_20261025_Mainz_Augsburg
2026-10-25,15:30,D2,Dresden,Cottbus,,,SCHEDULED,D2_20261025_Dresden_Cottbus
2026-10-25,16:00,ARG,Independiente,Union de Santa Fe,,,SCHEDULED,ARG_20261025_Independiente_Union_de_Santa_Fe
2026-10-25,16:00,ARG,Racing Club,Ind. Rivadavia,,,SCHEDULED,ARG_20261025_Racing_Club_Ind_Rivadavia
2026-10-25,16:00,BRA,Corinthians,Vitoria,,,SCHEDULED,BRA_20261025_Corinthians_Vitoria
2026-10-25,16:00,BRA,Mirassol,Chapecoense-SC,,,SCHEDULED,BRA_20261025_Mirassol_Chapecoense_SC
2026-10-25,16:00,CHN,Qingdao West Coast,Henan Songshan Longmen,,,SCHEDULED,CHN_20261025_Qingdao_West_Coast_Henan_Songshan_Longmen
2026-10-25,16:00,JPN,Avispa Fukuoka,Mito,,,SCHEDULED,JPN_20261025_Avispa_Fukuoka_Mito
2026-10-25,16:00,JPN,FC Tokyo,Kyoto,,,SCHEDULED,JPN_20261025_FC_Tokyo_Kyoto
2026-10-25,16:00,MEX,Atlante,Monterrey,,,SCHEDULED,MEX_20261025_Atlante_Monterrey
2026-10-25,16:00,USA,Chicago Fire,Los Angeles FC,,,SCHEDULED,USA_20261025_Chicago_Fire_Los_Angeles_FC
2026-10-25,16:00,USA,Real Salt Lake,Philadelphia Union,,,SCHEDULED,USA_20261025_Real_Salt_Lake_Philadelphia_Union
2026-10-25,16:15,SP1,Sociedad,Betis,,,SCHEDULED,SP1_20261025_Sociedad_Betis
2026-10-25,16:15,SP2,Sabadell,Oviedo,,,SCHEDULED,SP2_20261025_Sabadell_Oviedo
2026-10-25,16:30,AUT,LASK,Austria Vienna,,,SCHEDULED,AUT_20261025_LASK_Austria_Vienna
2026-10-25,16:30,B1,St. Gilloise,Anderlecht,,,SCHEDULED,B1_20261025_St_Gilloise_Anderlecht
2026-10-25,16:30,DNK,Sonderjyske,Lyngby,,,SCHEDULED,DNK_20261025_Sonderjyske_Lyngby
2026-10-25,16:30,E0,Sunderland,Leeds,,,SCHEDULED,E0_20261025_Sunderland_Leeds
2026-10-25,16:30,E3,Crawley Town,Gillingham,,,SCHEDULED,E3_20261025_Crawley_Town_Gillingham
2026-10-25,16:30,G1,OFI Crete,Kalamata,,,SCHEDULED,G1_20261025_OFI_Crete_Kalamata
2026-10-25,16:30,N1,Groningen,Twente,,,SCHEDULED,N1_20261025_Groningen_Twente
2026-10-25,16:30,P1,Sp Lisbon,Rio Ave,,,SCHEDULED,P1_20261025_Sp_Lisbon_Rio_Ave
2026-10-25,16:30,POL,Radomiak Radom,Korona Kielce,,,SCHEDULED,POL_20261025_Radomiak_Radom_Korona_Kielce
2026-10-25,16:30,ROU,Dinamo Bucuresti,FC Arges,,,SCHEDULED,ROU_20261025_Dinamo_Bucuresti_FC_Arges
2026-10-25,16:30,SWZ,St. Gallen,Zurich,,,SCHEDULED,SWZ_20261025_St_Gallen_Zurich
2026-10-25,16:30,T1,Goztep,Konyaspor,,,SCHEDULED,T1_20261025_Goztep_Konyaspor
2026-10-25,17:15,F1,Marseille,Angers,,,SCHEDULED,F1_20261025_Marseille_Angers
2026-10-25,17:15,F2,Dunkerque,Clermont,,,SCHEDULED,F2_20261025_Dunkerque_Clermont
2026-10-25,17:30,D1,Leverkusen,Freiburg,,,SCHEDULED,D1_20261025_Leverkusen_Freiburg
2026-10-25,17:30,D2,St Pauli,Heidenheim,,,SCHEDULED,D2_20261025_St_Pauli_Heidenheim
2026-10-25,17:30,NOR,Viking,Bodo/Glimt,,,SCHEDULED,NOR_20261025_Viking_Bodo_Glimt
2026-10-25,17:30,SWE,Vasteras SK,Kalmar,,,SCHEDULED,SWE_20261025_Vasteras_SK_Kalmar
2026-10-25,18:00,I1,Lecce,Fiorentina,,,SCHEDULED,I1_20261025_Lecce_Fiorentina
2026-10-25,18:00,I2,Virtus Entella,Palermo,,,SCHEDULED,I2_20261025_Virtus_Entella_Palermo
2026-10-25,18:30,ARG,Atl. Tucuman,Sarmiento Junin,,,SCHEDULED,ARG_20261025_Atl_Tucuman_Sarmiento_Junin
2026-10-25,18:30,ARG,Velez Sarsfield,Argentinos Jrs,,,SCHEDULED,ARG_20261025_Velez_Sarsfield_Argentinos_Jrs
2026-10-25,18:30,AUT,Wolfsberger AC,Hartberg,,,SCHEDULED,AUT_20261025_Wolfsberger_AC_Hartberg
2026-10-25,18:30,B1,Beveren,Kortrijk,,,SCHEDULED,B1_20261025_Beveren_Kortrijk
2026-10-25,18:30,BRA,Cruzeiro,Athletico-PR,,,SCHEDULED,BRA_20261025_Cruzeiro_Athletico_PR
2026-10-25,18:30,DNK,Randers FC,Odense,,,SCHEDULED,DNK_20261025_Randers_FC_Odense
2026-10-25,18:30,G1,Aris,Iraklis,,,SCHEDULED,G1_20261025_Aris_Iraklis
2026-10-25,18:30,MEX,Club Leon,Guadalajara Chivas,,,SCHEDULED,MEX_20261025_Club_Leon_Guadalajara_Chivas
2026-10-25,18:30,N1,Go Ahead Eagles,Sparta Rotterdam,,,SCHEDULED,N1_20261025_Go_Ahead_Eagles_Sparta_Rotterdam
2026-10-25,18:30,P1,Famalicao,Arouca,,,SCHEDULED,P1_20261025_Famalicao_Arouca
2026-10-25,18:30,POL,Motor Lublin,Wieczysta Krakow,,,SCHEDULED,POL_20261025_Motor_Lublin_Wieczysta_Krakow
2026-10-25,18:30,ROU,Corvinul,Univ. Craiova,,,SCHEDULED,ROU_20261025_Corvinul_Univ_Craiova
2026-10-25,18:30,SP1,Osasuna,Vallecano,,,SCHEDULED,SP1_20261025_Osasuna_Vallecano
2026-10-25,18:30,SP2,Mallorca,Tenerife,,,SCHEDULED,SP2_20261025_Mallorca_Tenerife
2026-10-25,18:30,SWZ,Sion,Thun,,,SCHEDULED,SWZ_20261025_Sion_Thun
2026-10-25,18:30,T1,Trabzonspor,Buyuksehyr,,,SCHEDULED,T1_20261025_Trabzonspor_Buyuksehyr
2026-10-25,18:30,USA,Austin FC,Atlanta Utd,,,SCHEDULED,USA_20261025_Austin_FC_Atlanta_Utd
2026-10-25,18:30,USA,Los Angeles Galaxy,FC Cincinnati,,,SCHEDULED,USA_20261025_Los_Angeles_Galaxy_FC_Cincinnati
2026-10-25,20:45,F1,Lille,Lorient,,,SCHEDULED,F1_20261025_Lille_Lorient
2026-10-25,20:45,F2,Red Star,Rodez,,,SCHEDULED,F2_20261025_Red_Star_Rodez
2026-10-25,20:45,I1,Venezia,Lazio,,,SCHEDULED,I1_20261025_Venezia_Lazio
2026-10-25,20:45,I2,Sampdoria,Verona,,,SCHEDULED,I2_20261025_Sampdoria_Verona
2026-10-25,21:00,ARG,Belgrano,River Plate,,,SCHEDULED,ARG_20261025_Belgrano_River_Plate
2026-10-25,21:00,ARG,Gimnasia Mendoza,Barracas Central,,,SCHEDULED,ARG_20261025_Gimnasia_Mendoza_Barracas_Central
2026-10-25,21:00,BRA,Botafogo RJ,Palmeiras,,,SCHEDULED,BRA_20261025_Botafogo_RJ_Palmeiras
2026-10-25,21:00,MEX,Toluca,Puebla,,,SCHEDULED,MEX_20261025_Toluca_Puebla
2026-10-25,21:00,SP1,Valencia,Santander,,,SCHEDULED,SP1_20261025_Valencia_Santander
2026-10-25,21:00,SP2,Eibar,Girona,,,SCHEDULED,SP2_20261025_Eibar_Girona
2026-10-25,21:00,USA,Minnesota United,Orlando City,,,SCHEDULED,USA_20261025_Minnesota_United_Orlando_City
2026-10-25,21:00,USA,New England Revolution,Colorado Rapids,,,SCHEDULED,USA_20261025_New_England_Revolution_Colorado_Rapids
2026-10-27,20:45,E2,Leicester,Wigan,,,SCHEDULED,E2_20261027_Leicester_Wigan
2026-10-27,20:45,E2,Luton,Doncaster,,,SCHEDULED,E2_20261027_Luton_Doncaster
2026-10-27,20:45,E2,Oxford,Stockport,,,SCHEDULED,E2_20261027_Oxford_Stockport
2026-10-27,20:45,E2,Sheffield Weds,Cambridge,,,SCHEDULED,E2_20261027_Sheffield_Weds_Cambridge
2026-10-30,20:00,AUT,Grazer AK,Hartberg,,,SCHEDULED,AUT_20261030_Grazer_AK_Hartberg
2026-10-30,20:00,B1,St Truiden,Kortrijk,,,SCHEDULED,B1_20261030_St_Truiden_Kortrijk
2026-10-30,20:00,DNK,Aarhus,Odense,,,SCHEDULED,DNK_20261030_Aarhus_Odense
2026-10-30,20:00,E3,Crawley Town,Bristol Rvs,,,SCHEDULED,E3_20261030_Crawley_Town_Bristol_Rvs
2026-10-30,20:00,G1,Atromitos,Iraklis,,,SCHEDULED,G1_20261030_Atromitos_Iraklis
2026-10-30,20:00,N1,Excelsior,Sparta Rotterdam,,,SCHEDULED,N1_20261030_Excelsior_Sparta_Rotterdam
2026-10-30,20:00,P1,Estrela,Arouca,,,SCHEDULED,P1_20261030_Estrela_Arouca
2026-10-30,20:00,POL,Legia,Wieczysta Krakow,,,SCHEDULED,POL_20261030_Legia_Wieczysta_Krakow
2026-10-30,20:00,ROU,Corvinul,U. Cluj,,,SCHEDULED,ROU_20261030_Corvinul_U_Cluj
2026-10-30,20:00,SWZ,Young Boys,Thun,,,SCHEDULED,SWZ_20261030_Young_Boys_Thun
2026-10-30,20:00,T1,Trabzonspor,Eyupspor,,,SCHEDULED,T1_20261030_Trabzonspor_Eyupspor
2026-10-30,20:30,D1,Leverkusen,M'gladbach,,,SCHEDULED,D1_20261030_Leverkusen_M_gladbach
2026-10-30,20:30,D2,Holstein Kiel,Heidenheim,,,SCHEDULED,D2_20261030_Holstein_Kiel_Heidenheim
2026-10-30,20:45,F1,Le Mans,Lorient,,,SCHEDULED,F1_20261030_Le_Mans_Lorient
2026-10-30,20:45,F2,Nantes,Rodez,,,SCHEDULED,F2_20261030_Nantes_Rodez
2026-10-30,20:45,I1,Venezia,Napoli,,,SCHEDULED,I1_20261030_Venezia_Napoli
2026-10-30,20:45,I2,Sampdoria,Modena,,,SCHEDULED,I2_20261030_Sampdoria_Modena
2026-10-30,21:00,ARG,Belgrano,Estudiantes Rio Cuarto,,,SCHEDULED,ARG_20261030_Belgrano_Estudiantes_Rio_Cuarto
2026-10-30,21:00,ARG,Lanus,Barracas Central,,,SCHEDULED,ARG_20261030_Lanus_Barracas_Central
2026-10-30,21:00,BRA,Atletico-MG,Palmeiras,,,SCHEDULED,BRA_20261030_Atletico_MG_Palmeiras
2026-10-30,21:00,E1,Sheffield United,Wrexham,,,SCHEDULED,E1_20261030_Sheffield_United_Wrexham
2026-10-30,21:00,MEX,Santos Laguna,Puebla,,,SCHEDULED,MEX_20261030_Santos_Laguna_Puebla
2026-10-30,21:00,SP1,Malaga,Santander,,,SCHEDULED,SP1_20261030_Malaga_Santander
2026-10-30,21:00,SP2,Eibar,Cordoba,,,SCHEDULED,SP2_20261030_Eibar_Cordoba
2026-10-30,21:00,USA,New England Revolution,Houston Dynamo,,,SCHEDULED,USA_20261030_New_England_Revolution_Houston_Dynamo
2026-10-30,21:00,USA,New York City,Orlando City,,,SCHEDULED,USA_20261030_New_York_City_Orlando_City
2026-10-31,12:30,E0,Chelsea,Man United,,,SCHEDULED,E0_20261031_Chelsea_Man_United
2026-10-31,13:30,E1,Lincoln,Birmingham,,,SCHEDULED,E1_20261031_Lincoln_Birmingham
2026-10-31,13:30,E1,Norwich,Watford,,,SCHEDULED,E1_20261031_Norwich_Watford
2026-10-31,13:30,E1,Stoke,Preston,,,SCHEDULED,E1_20261031_Stoke_Preston
2026-10-31,13:30,E2,Bradford,Huddersfield,,,SCHEDULED,E2_20261031_Bradford_Huddersfield
2026-10-31,13:30,E2,Leyton Orient,Cambridge,,,SCHEDULED,E2_20261031_Leyton_Orient_Cambridge
2026-10-31,13:30,E2,Plymouth,Reading,,,SCHEDULED,E2_20261031_Plymouth_Reading
2026-10-31,14:00,CHN,Shandong Taishan,Yunnan Yukun,,,SCHEDULED,CHN_20261031_Shandong_Taishan_Yunnan_Yukun
2026-10-31,14:00,CHN,Shenzhen Xinpengcheng,Qingdao Hainiu,,,SCHEDULED,CHN_20261031_Shenzhen_Xinpengcheng_Qingdao_Hainiu
2026-10-31,14:00,CHN,Tianjin Jinmen Tiger,Henan Songshan Longmen,,,SCHEDULED,CHN_20261031_Tianjin_Jinmen_Tiger_Henan_Songshan_Longmen
2026-10-31,14:00,JPN,Cerezo Osaka,Vissel Kobe,,,SCHEDULED,JPN_20261031_Cerezo_Osaka_Vissel_Kobe
2026-10-31,14:00,JPN,FC Tokyo,V-Varen Nagasaki,,,SCHEDULED,JPN_20261031_FC_Tokyo_V_Varen_Nagasaki
2026-10-31,14:00,JPN,Shimizu S-Pulse,Kashiwa Reysol,,,SCHEDULED,JPN_20261031_Shimizu_S_Pulse_Kashiwa_Reysol
2026-10-31,14:00,SP1,Getafe,La Coruna,,,SCHEDULED,SP1_20261031_Getafe_La_Coruna
2026-10-31,14:00,SP1,Sevilla,Levante,,,SCHEDULED,SP1_20261031_Sevilla_Levante
2026-10-31,14:00,SP2,Almeria,Ceuta,,,SCHEDULED,SP2_20261031_Almeria_Ceuta
2026-10-31,14:00,SP2,Leganes,Valladolid,,,SCHEDULED,SP2_20261031_Leganes_Valladolid
2026-10-31,15:00,E0,Bournemouth,Leeds,,,SCHEDULED,E0_20261031_Bournemouth_Leeds
2026-10-31,15:00,E0,Brentford,Nott'm Forest,,,SCHEDULED,E0_20261031_Brentford_Nott_m_Forest
2026-10-31,15:00,E0,Coventry,Sunderland,,,SCHEDULED,E0_20261031_Coventry_Sunderland
2026-10-31,15:00,E0,Hull,Ipswich,,,SCHEDULED,E0_20261031_Hull_Ipswich
2026-10-31,15:00,E0,Man City,Brighton,,,SCHEDULED,E0_20261031_Man_City_Brighton
2026-10-31,15:00,E3,Accrington,Walsall,,,SCHEDULED,E3_20261031_Accrington_Walsall
2026-10-31,15:00,E3,Cheltenham,Salford,,,SCHEDULED,E3_20261031_Cheltenham_Salford
2026-10-31,15:00,E3,Grimsby,Exeter,,,SCHEDULED,E3_20261031_Grimsby_Exeter
2026-10-31,15:00,E3,Northampton,Newport County,,,SCHEDULED,E3_20261031_Northampton_Newport_County
2026-10-31,15:00,E3,Rochdale,Chesterfield,,,SCHEDULED,E3_20261031_Rochdale_Chesterfield
2026-10-31,15:00,E3,Shrewsbury,Tranmere,,,SCHEDULED,E3_20261031_Shrewsbury_Tranmere
2026-10-31,15:00,E3,Swindon,Colchester,,,SCHEDULED,E3_20261031_Swindon_Colchester
2026-10-31,15:00,E3,York,Fleetwood Town,,,SCHEDULED,E3_20261031_York_Fleetwood_Town
2026-10-31,15:00,I1,Genoa,Sassuolo,,,SCHEDULED,I1_20261031_Genoa_Sassuolo
2026-10-31,15:00,I1,Milan,Como,,,SCHEDULED,I1_20261031_Milan_Como
2026-10-31,15:00,I2,Cesena,Catanzaro,,,SCHEDULED,I2_20261031_Cesena_Catanzaro
2026-10-31,15:00,I2,Padova,Empoli,,,SCHEDULED,I2_20261031_Padova_Empoli
2026-10-31,15:00,NOR,Aalesund,Lillestrom,,,SCHEDULED,NOR_20261031_Aalesund_Lillestrom
2026-10-31,15:00,NOR,Sandefjord,Bodo/Glimt,,,SCHEDULED,NOR_20261031_Sandefjord_Bodo_Glimt
2026-10-31,15:00,NOR,Valerenga,Molde,,,SCHEDULED,NOR_20261031_Valerenga_Molde
2026-10-31,15:00,SC0,Falkirk,St Mirren,,,SCHEDULED,SC0_20261031_Falkirk_St_Mirren
2026-10-31,15:00,SC0,Hearts,Celtic,,,SCHEDULED,SC0_20261031_Hearts_Celtic
2026-10-31,15:00,SC0,Motherwell,Aberdeen,,,SCHEDULED,SC0_20261031_Motherwell_Aberdeen
2026-10-31,15:00,SC0,St Johnstone,Kilmarnock,,,SCHEDULED,SC0_20261031_St_Johnstone_Kilmarnock
2026-10-31,15:00,SWE,Degerfors,Mjallby,,,SCHEDULED,SWE_20261031_Degerfors_Mjallby
2026-10-31,15:00,SWE,Hammarby,Djurgarden,,,SCHEDULED,SWE_20261031_Hammarby_Djurgarden
2026-10-31,15:00,SWE,Sirius,Kalmar,,,SCHEDULED,SWE_20261031_Sirius_Kalmar
2026-10-31,15:30,D1,Bayern Munich,Dortmund,,,SCHEDULED,D1_20261031_Bayern_Munich_Dortmund
2026-10-31,15:30,D1,Ein Frankfurt,RB Leipzig,,,SCHEDULED,D1_20261031_Ein_Frankfurt_RB_Leipzig
2026-10-31,15:30,D1,Elversberg,Stuttgart,,,SCHEDULED,D1_20261031_Elversberg_Stuttgart
2026-10-31,15:30,D1,Hamburg,Werder Bremen,,,SCHEDULED,D1_20261031_Hamburg_Werder_Bremen
2026-10-31,15:30,D1,Hoffenheim,Paderborn,,,SCHEDULED,D1_20261031_Hoffenheim_Paderborn
2026-10-31,15:30,D2,Darmstadt,Karlsruhe,,,SCHEDULED,D2_20261031_Darmstadt_Karlsruhe
2026-10-31,15:30,D2,Greuther Furth,Bochum,,,SCHEDULED,D2_20261031_Greuther_Furth_Bochum
2026-10-31,15:30,D2,Hannover,Braunschweig,,,SCHEDULED,D2_20261031_Hannover_Braunschweig
2026-10-31,15:30,D2,Hertha,Kaiserslautern,,,SCHEDULED,D2_20261031_Hertha_Kaiserslautern
2026-10-31,15:30,D2,Wolfsburg,Magdeburg,,,SCHEDULED,D2_20261031_Wolfsburg_Magdeburg
2026-10-31,16:00,CHN,Chengdu Rongcheng,Zhejiang Professional,,,SCHEDULED,CHN_20261031_Chengdu_Rongcheng_Zhejiang_Professional
2026-10-31,16:00,CHN,Shanghai Shenhua,Dalian Yingbo,,,SCHEDULED,CHN_20261031_Shanghai_Shenhua_Dalian_Yingbo
2026-10-31,16:00,E1,Bolton,Bristol City,,,SCHEDULED,E1_20261031_Bolton_Bristol_City
2026-10-31,16:00,E1,Burnley,Portsmouth,,,SCHEDULED,E1_20261031_Burnley_Portsmouth
2026-10-31,16:00,E1,Middlesbrough,Charlton,,,SCHEDULED,E1_20261031_Middlesbrough_Charlton
2026-10-31,16:00,E1,Millwall,Derby,,,SCHEDULED,E1_20261031_Millwall_Derby
2026-10-31,16:00,E1,Southampton,QPR,,,SCHEDULED,E1_20261031_Southampton_QPR
2026-10-31,16:00,E1,Swansea,Blackburn,,,SCHEDULED,E1_20261031_Swansea_Blackburn
2026-10-31,16:00,E1,West Ham,West Brom,,,SCHEDULED,E1_20261031_West_Ham_West_Brom
2026-10-31,16:00,E1,Wolves,Cardiff,,,SCHEDULED,E1_20261031_Wolves_Cardiff
2026-10-31,16:00,E2,Barnsley,Oxford,,,SCHEDULED,E2_20261031_Barnsley_Oxford
2026-10-31,16:00,E2,Leicester,Stevenage,,,SCHEDULED,E2_20261031_Leicester_Stevenage
2026-10-31,16:00,E2,Mansfield,Notts County,,,SCHEDULED,E2_20261031_Mansfield_Notts_County
2026-10-31,16:00,E2,Milton Keynes Dons,Doncaster,,,SCHEDULED,E2_20261031_Milton_Keynes_Dons_Doncaster
2026-10-31,16:00,E2,Peterboro,Luton,,,SCHEDULED,E2_20261031_Peterboro_Luton
2026-10-31,16:00,E2,Stockport,AFC Wimbledon,,,SCHEDULED,E2_20261031_Stockport_AFC_Wimbledon
2026-10-31,16:00,E2,Wigan,Bromley,,,SCHEDULED,E2_20261031_Wigan_Bromley
2026-10-31,16:00,E2,Wycombe,Burton,,,SCHEDULED,E2_20261031_Wycombe_Burton
2026-10-31,16:00,JPN,Gamba Osaka,Yokohama F. Marinos,,,SCHEDULED,JPN_20261031_Gamba_Osaka_Yokohama_F_Marinos
2026-10-31,16:00,JPN,Nagoya Grampus,Verdy,,,SCHEDULED,JPN_20261031_Nagoya_Grampus_Verdy
2026-10-31,16:15,SP1,Espanol,Celta,,,SCHEDULED,SP1_20261031_Espanol_Celta
2026-10-31,16:15,SP2,Burgos,Cadiz,,,SCHEDULED,SP2_20261031_Burgos_Cadiz
2026-10-31,16:15,SP2,Sociedad B,Andorra,,,SCHEDULED,SP2_20261031_Sociedad_B_Andorra
2026-10-31,17:00,F1,Le Havre,Auxerre,,,SCHEDULED,F1_20261031_Le_Havre_Auxerre
2026-10-31,17:00,F1,Paris FC,Lyon,,,SCHEDULED,F1_20261031_Paris_FC_Lyon
2026-10-31,17:00,F2,Metz,Montpellier,,,SCHEDULED,F2_20261031_Metz_Montpellier
2026-10-31,17:00,F2,Reims,Guingamp,,,SCHEDULED,F2_20261031_Reims_Guingamp
2026-10-31,17:30,E0,Tottenham,Crystal Palace,,,SCHEDULED,E0_20261031_Tottenham_Crystal_Palace
2026-10-31,17:30,E3,Oldham,Gillingham,,,SCHEDULED,E3_20261031_Oldham_Gillingham
2026-10-31,17:30,NOR,Kristiansund,KFUM Oslo,,,SCHEDULED,NOR_20261031_Kristiansund_KFUM_Oslo
2026-10-31,17:30,NOR,Start,Rosenborg,,,SCHEDULED,NOR_20261031_Start_Rosenborg
2026-10-31,17:30,SC0,Dundee,Dundee United,,,SCHEDULED,SC0_20261031_Dundee_Dundee_United
2026-10-31,17:30,SWE,Malmo FF,Hacken,,,SCHEDULED,SWE_20261031_Malmo_FF_Hacken
2026-10-31,17:30,SWE,Orgryte,Elfsborg,,,SCHEDULED,SWE_20261031_Orgryte_Elfsborg
2026-10-31,18:00,AUT,Tirol,Salzburg,,,SCHEDULED,AUT_20261031_Tirol_Salzburg
2026-10-31,18:00,B1,Antwerp,Mechelen,,,SCHEDULED,B1_20261031_Antwerp_Mechelen
2026-10-31,18:00,B1,Gent,RAAL La Louviere,,,SCHEDULED,B1_20261031_Gent_RAAL_La_Louviere
2026-10-31,18:00,B1,Standard,Westerlo,,,SCHEDULED,B1_20261031_Standard_Westerlo
2026-10-31,18:00,DNK,Horsens,Brondby,,,SCHEDULED,DNK_20261031_Horsens_Brondby
2026-10-31,18:00,G1,Levadeiakos,AEK,,,SCHEDULED,G1_20261031_Levadeiakos_AEK
2026-10-31,18:00,G1,PAOK,Olympiakos,,,SCHEDULED,G1_20261031_PAOK_Olympiakos
2026-10-31,18:00,I1,Juventus,Monza,,,SCHEDULED,I1_20261031_Juventus_Monza
2026-10-31,18:00,I1,Udinese,Torino,,,SCHEDULED,I1_20261031_Udinese_Torino
2026-10-31,18:00,I2,Juve Stabia,Arezzo,,,SCHEDULED,I2_20261031_Juve_Stabia_Arezzo
2026-10-31,18:00,I2,Pisa,Vicenza,,,SCHEDULED,I2_20261031_Pisa_Vicenza
2026-10-31,18:00,N1,Cambuur,Nijmegen,,,SCHEDULED,N1_20261031_Cambuur_Nijmegen
2026-10-31,18:00,N1,Heerenveen,Zwolle,,,SCHEDULED,N1_20261031_Heerenveen_Zwolle
2026-10-31,18:00,N1,Willem II,Utrecht,,,SCHEDULED,N1_20261031_Willem_II_Utrecht
2026-10-31,18:00,P1,Gil Vicente,Academico Viseu,,,SCHEDULED,P1_20261031_Gil_Vicente_Academico_Viseu
2026-10-31,18:00,P1,Porto,Moreirense,,,SCHEDULED,P1_20261031_Porto_Moreirense
2026-10-31,18:00,P1,Sp Braga,Estoril,,,SCHEDULED,P1_20261031_Sp_Braga_Estoril
2026-10-31,18:00,POL,Gornik Zabrze,Zaglebie,,,SCHEDULED,POL_20261031_Gornik_Zabrze_Zaglebie
2026-10-31,18:00,POL,Jagiellonia,Slask Wroclaw,,,SCHEDULED,POL_20261031_Jagiellonia_Slask_Wroclaw
2026-10-31,18:00,POL,Piast Gliwice,Cracovia,,,SCHEDULED,POL_20261031_Piast_Gliwice_Cracovia
2026-10-31,18:00,ROU,FC Botosani,CFR Cluj,,,SCHEDULED,ROU_20261031_FC_Botosani_CFR_Cluj
2026-10-31,18:00,ROU,UTA Arad,FCSB,,,SCHEDULED,ROU_20261031_UTA_Arad_FCSB
2026-10-31,18:00,SWZ,Vaduz,Grasshoppers,,,SCHEDULED,SWZ_20261031_Vaduz_Grasshoppers
2026-10-31,18:00,T1,Corum,Rizespor,,,SCHEDULED,T1_20261031_Corum_Rizespor
2026-10-31,18:00,T1,Fenerbahce,Erzurumspor,,,SCHEDULED,T1_20261031_Fenerbahce_Erzurumspor
2026-10-31,18:00,T1,Galatasaray,Genclerbirligi,,,SCHEDULED,T1_20261031_Galatasaray_Genclerbirligi
2026-10-31,18:30,D1,Mainz,Schalke 04,,,SCHEDULED,D1_20261031_Mainz_Schalke_04
2026-10-31,18:30,D2,Nurnberg,Cottbus,,,SCHEDULED,D2_20261031_Nurnberg_Cottbus
2026-10-31,18:30,SP1,Villarreal,Alaves,,,SCHEDULED,SP1_20261031_Villarreal_Alaves
2026-10-31,18:30,SP2,Castellon,Sp Gijon,,,SCHEDULED,SP2_20261031_Castellon_Sp_Gijon
2026-10-31,19:30,ARG,Atl. Tucuman,River Plate,,,SCHEDULED,ARG_20261031_Atl_Tucuman_River_Plate
2026-10-31,19:30,ARG,Central Cordoba,Talleres Cordoba,,,SCHEDULED,ARG_20261031_Central_Cordoba_Talleres_Cordoba
2026-10-31,19:30,ARG,Estudiantes L.P.,Rosario Central,,,SCHEDULED,ARG_20261031_Estudiantes_L_P_Rosario_Central
2026-10-31,19:30,ARG,Gimnasia Mendoza,Argentinos Jrs,,,SCHEDULED,ARG_20261031_Gimnasia_Mendoza_Argentinos_Jrs
2026-10-31,19:30,ARG,Newells Old Boys,Tigre,,,SCHEDULED,ARG_20261031_Newells_Old_Boys_Tigre
2026-10-31,19:30,BRA,Botafogo RJ,Athletico-PR,,,SCHEDULED,BRA_20261031_Botafogo_RJ_Athletico_PR
2026-10-31,19:30,BRA,Bragantino,Remo,,,SCHEDULED,BRA_20261031_Bragantino_Remo
2026-10-31,19:30,BRA,Vasco,Santos,,,SCHEDULED,BRA_20261031_Vasco_Santos
2026-10-31,19:30,MEX,Atlas,Tigres UANL,,,SCHEDULED,MEX_20261031_Atlas_Tigres_UANL
2026-10-31,19:30,MEX,Club America,Cruz Azul,,,SCHEDULED,MEX_20261031_Club_America_Cruz_Azul
2026-10-31,19:30,MEX,Toluca,Guadalajara Chivas,,,SCHEDULED,MEX_20261031_Toluca_Guadalajara_Chivas
2026-10-31,19:30,USA,FC Dallas,Portland Timbers,,,SCHEDULED,USA_20261031_FC_Dallas_Portland_Timbers
2026-10-31,19:30,USA,Los Angeles Galaxy,Colorado Rapids,,,SCHEDULED,USA_20261031_Los_Angeles_Galaxy_Colorado_Rapids
2026-10-31,19:30,USA,Minnesota United,Atlanta Utd,,,SCHEDULED,USA_20261031_Minnesota_United_Atlanta_Utd
2026-10-31,19:30,USA,San Diego FC,DC United,,,SCHEDULED,USA_20261031_San_Diego_FC_DC_United
2026-10-31,19:30,USA,Vancouver Whitecaps,New York Red Bulls,,,SCHEDULED,USA_20261031_Vancouver_Whitecaps_New_York_Red_Bulls
2026-10-31,20:00,E0,Aston Villa,Fulham,,,SCHEDULED,E0_20261031_Aston_Villa_Fulham
2026-10-31,20:45,AUT,Ried,Sturm Graz,,,SCHEDULED,AUT_20261031_Ried_Sturm_Graz
2026-10-31,20:45,B1,Oud-Heverlee Leuven,Cercle Brugge,,,SCHEDULED,B1_20261031_Oud_Heverlee_Leuven_Cercle_Brugge
2026-10-31,20:45,DNK,FC Copenhagen,Midtjylland,,,SCHEDULED,DNK_20261031_FC_Copenhagen_Midtjylland
2026-10-31,20:45,G1,Panetolikos,Kifisia,,,SCHEDULED,G1_20261031_Panetolikos_Kifisia
2026-10-31,20:45,I1,Roma,Cagliari,,,SCHEDULED,I1_20261031_Roma_Cagliari
2026-10-31,20:45,I2,Benevento,Sudtirol,,,SCHEDULED,I2_20261031_Benevento_Sudtirol
2026-10-31,20:45,N1,Ajax,Feyenoord,,,SCHEDULED,N1_20261031_Ajax_Feyenoord
2026-10-31,20:45,P1,Benfica,Nacional,,,SCHEDULED,P1_20261031_Benfica_Nacional
2026-10-31,20:45,POL,Widzew Lodz,Wisla Plock,,,SCHEDULED,POL_20261031_Widzew_Lodz_Wisla_Plock
2026-10-31,20:45,ROU,Csikszereda M. Ciuc,Petrolul,,,SCHEDULED,ROU_20261031_Csikszereda_M_Ciuc_Petrolul
2026-10-31,20:45,SWZ,Basel,Servette,,,SCHEDULED,SWZ_20261031_Basel_Servette
2026-10-31,20:45,T1,Kasimpasa,Samsunspor,,,SCHEDULED,T1_20261031_Kasimpasa_Samsunspor
2026-10-31,21:00,ARG,Aldosivi,Union de Santa Fe,,,SCHEDULED,ARG_20261031_Aldosivi_Union_de_Santa_Fe
2026-10-31,21:00,ARG,Racing Club,Platense,,,SCHEDULED,ARG_20261031_Racing_Club_Platense
2026-10-31,21:00,BRA,Flamengo RJ,Vitoria,,,SCHEDULED,BRA_20261031_Flamengo_RJ_Vitoria
2026-10-31,21:00,BRA,Mirassol,Coritiba,,,SCHEDULED,BRA_20261031_Mirassol_Coritiba
2026-10-31,21:00,F1,Nice,Brest,,,SCHEDULED,F1_20261031_Nice_Brest
2026-10-31,21:00,F2,Annecy,Sochaux,,,SCHEDULED,F2_20261031_Annecy_Sochaux
2026-10-31,21:00,MEX,Club Tijuana,Monterrey,,,SCHEDULED,MEX_20261031_Club_Tijuana_Monterrey
2026-10-31,21:00,MEX,Queretaro,Atl. San Luis,,,SCHEDULED,MEX_20261031_Queretaro_Atl_San_Luis
2026-10-31,21:00,SP1,Ath Bilbao,Real Madrid,,,SCHEDULED,SP1_20261031_Ath_Bilbao_Real_Madrid
2026-10-31,21:00,SP2,Granada,Albacete,,,SCHEDULED,SP2_20261031_Granada_Albacete
2026-10-31,21:00,USA,Chicago Fire,Columbus Crew,,,SCHEDULED,USA_20261031_Chicago_Fire_Columbus_Crew
2026-10-31,21:00,USA,Seattle Sounders,Philadelphia Union,,,SCHEDULED,USA_20261031_Seattle_Sounders_Philadelphia_Union
2026-11-01,12:30,I1,Frosinone,Inter,,,SCHEDULED,I1_20261101_Frosinone_Inter
2026-11-01,12:30,I2,Mantova,Carrarese,,,SCHEDULED,I2_20261101_Mantova_Carrarese
2026-11-01,14:00,CHN,Beijing Guoan,Chongqing Tonglianglong,,,SCHEDULED,CHN_20261101_Beijing_Guoan_Chongqing_Tonglianglong
2026-11-01,14:00,CHN,Qingdao West Coast,Wuhan Three Towns,,,SCHEDULED,CHN_20261101_Qingdao_West_Coast_Wuhan_Three_Towns
2026-11-01,14:00,E3,Barnet,Rotherham,,,SCHEDULED,E3_20261101_Barnet_Rotherham
2026-11-01,14:00,JPN,Chiba,Mito,,,SCHEDULED,JPN_20261101_Chiba_Mito
2026-11-01,14:00,JPN,Machida,Kyoto,,,SCHEDULED,JPN_20261101_Machida_Kyoto
2026-11-01,14:00,JPN,Okayama,Kawasaki Frontale,,,SCHEDULED,JPN_20261101_Okayama_Kawasaki_Frontale
2026-11-01,14:00,SC0,Rangers,Hibernian,,,SCHEDULED,SC0_20261101_Rangers_Hibernian
2026-11-01,14:00,SP1,Sociedad,Elche,,,SCHEDULED,SP1_20261101_Sociedad_Elche
2026-11-01,14:00,SP2,Las Palmas,Oviedo,,,SCHEDULED,SP2_20261101_Las_Palmas_Oviedo
2026-11-01,14:30,AUT,A. Lustenau,Austria Vienna,,,SCHEDULED,AUT_20261101_A_Lustenau_Austria_Vienna
2026-11-01,14:30,B1,Club Brugge,Anderlecht,,,SCHEDULED,B1_20261101_Club_Brugge_Anderlecht
2026-11-01,14:30,B1,Genk,Lommel SK,,,SCHEDULED,B1_20261101_Genk_Lommel_SK
2026-11-01,14:30,DNK,Nordsjaelland,Lyngby,,,SCHEDULED,DNK_20261101_Nordsjaelland_Lyngby
2026-11-01,14:30,G1,Volos NFC,Kalamata,,,SCHEDULED,G1_20261101_Volos_NFC_Kalamata
2026-11-01,14:30,N1,Den Haag,Twente,,,SCHEDULED,N1_20261101_Den_Haag_Twente
2026-11-01,14:30,N1,For Sittard,Telstar,,,SCHEDULED,N1_20261101_For_Sittard_Telstar
2026-11-01,14:30,P1,Alverca,Rio Ave,,,SCHEDULED,P1_20261101_Alverca_Rio_Ave
2026-11-01,14:30,P1,Maritimo,Santa Clara,,,SCHEDULED,P1_20261101_Maritimo_Santa_Clara
2026-11-01,14:30,POL,Lech Poznan,Pogon Szczecin,,,SCHEDULED,POL_20261101_Lech_Poznan_Pogon_Szczecin
2026-11-01,14:30,POL,Rakow,Korona Kielce,,,SCHEDULED,POL_20261101_Rakow_Korona_Kielce
2026-11-01,14:30,ROU,Dinamo Bucuresti,Otelul,,,SCHEDULED,ROU_20261101_Dinamo_Bucuresti_Otelul
2026-11-01,14:30,ROU,Farul Constanta,FC Voluntari,,,SCHEDULED,ROU_20261101_Farul_Constanta_FC_Voluntari
2026-11-01,14:30,SWZ,Luzern,Zurich,,,SCHEDULED,SWZ_20261101_Luzern_Zurich
2026-11-01,14:30,T1,Alanyaspor,Kocaelispor,,,SCHEDULED,T1_20261101_Alanyaspor_Kocaelispor
2026-11-01,14:30,T1,Goztep,Besiktas,,,SCHEDULED,T1_20261101_Goztep_Besiktas
2026-11-01,15:00,E2,Sheffield Weds,Blackpool,,,SCHEDULED,E2_20261101_Sheffield_Weds_Blackpool
2026-11-01,15:00,F1,Monaco,Toulouse,,,SCHEDULED,F1_20261101_Monaco_Toulouse
2026-11-01,15:00,F1,Rennes,Angers,,,SCHEDULED,F1_20261101_Rennes_Angers
2026-11-01,15:00,F1,Troyes,Strasbourg,,,SCHEDULED,F1_20261101_Troyes_Strasbourg
2026-11-01,15:00,F2,Dijon,Clermont,,,SCHEDULED,F2_20261101_Dijon_Clermont
2026-11-01,15:00,F2,Grenoble,Laval,,,SCHEDULED,F2_20261101_Grenoble_Laval
2026-11-01,15:00,F2,Pau FC,Boulogne,,,SCHEDULED,F2_20261101_Pau_FC_Boulogne
2026-11-01,15:00,I1,Lecce,Parma,,,SCHEDULED,I1_20261101_Lecce_Parma
2026-11-01,15:00,I2,Virtus Entella,Cremonese,,,SCHEDULED,I2_20261101_Virtus_Entella_Cremonese
2026-11-01,15:00,NOR,Sarpsborg 08,Fredrikstad,,,SCHEDULED,NOR_20261101_Sarpsborg_08_Fredrikstad
2026-11-01,15:00,NOR,Viking,Tromso,,,SCHEDULED,NOR_20261101_Viking_Tromso
2026-11-01,15:00,SWE,Brommapojkarna,Halmstad,,,SCHEDULED,SWE_20261101_Brommapojkarna_Halmstad
2026-11-01,15:00,SWE,Vasteras SK,AIK,,,SCHEDULED,SWE_20261101_Vasteras_SK_AIK
2026-11-01,15:30,D1,FC Koln,Freiburg,,,SCHEDULED,D1_20261101_FC_Koln_Freiburg
2026-11-01,15:30,D2,St Pauli,Bielefeld,,,SCHEDULED,D2_20261101_St_Pauli_Bielefeld
2026-11-01,16:00,ARG,Instituto,Sarmiento Junin,,,SCHEDULED,ARG_20261101_Instituto_Sarmiento_Junin
2026-11-01,16:00,ARG,Velez Sarsfield,Gimnasia L.P.,,,SCHEDULED,ARG_20261101_Velez_Sarsfield_Gimnasia_L_P
2026-11-01,16:00,BRA,Cruzeiro,Sao Paulo,,,SCHEDULED,BRA_20261101_Cruzeiro_Sao_Paulo
2026-11-01,16:00,BRA,Internacional,Chapecoense-SC,,,SCHEDULED,BRA_20261101_Internacional_Chapecoense_SC
2026-11-01,16:00,CHN,Shanghai Port,Liaoning Tieren,,,SCHEDULED,CHN_20261101_Shanghai_Port_Liaoning_Tieren
2026-11-01,16:00,JPN,Avispa Fukuoka,Sanfrecce Hiroshima,,,SCHEDULED,JPN_20261101_Avispa_Fukuoka_Sanfrecce_Hiroshima
2026-11-01,16:00,JPN,Urawa Reds,Kashima Antlers,,,SCHEDULED,JPN_20261101_Urawa_Reds_Kashima_Antlers
2026-11-01,16:00,MEX,Club Leon,Necaxa,,,SCHEDULED,MEX_20261101_Club_Leon_Necaxa
2026-11-01,16:00,USA,Austin FC,CF Montreal,,,SCHEDULED,USA_20261101_Austin_FC_CF_Montreal
2026-11-01,16:00,USA,Inter Miami,FC Cincinnati,,,SCHEDULED,USA_20261101_Inter_Miami_FC_Cincinnati
2026-11-01,16:15,SP1,Ath Madrid,Vallecano,,,SCHEDULED,SP1_20261101_Ath_Madrid_Vallecano
2026-11-01,16:15,SP2,Mallorca,Celta B,,,SCHEDULED,SP2_20261101_Mallorca_Celta_B
2026-11-01,16:30,AUT,Wolfsberger AC,SK Rapid,,,SCHEDULED,AUT_20261101_Wolfsberger_AC_SK_Rapid
2026-11-01,16:30,B1,Beveren,Charleroi,,,SCHEDULED,B1_20261101_Beveren_Charleroi
2026-11-01,16:30,DNK,Randers FC,Silkeborg,,,SCHEDULED,DNK_20261101_Randers_FC_Silkeborg
2026-11-01,16:30,E0,Liverpool,Arsenal,,,SCHEDULED,E0_20261101_Liverpool_Arsenal
2026-11-01,16:30,E3,Port Vale,Crewe,,,SCHEDULED,E3_20261101_Port_Vale_Crewe
2026-11-01,16:30,G1,Aris,Asteras Tripolis,,,SCHEDULED,G1_20261101_Aris_Asteras_Tripolis
2026-11-01,16:30,N1,Go Ahead Eagles,AZ Alkmaar,,,SCHEDULED,N1_20261101_Go_Ahead_Eagles_AZ_Alkmaar
2026-11-01,16:30,P1,Famalicao,Guimaraes,,,SCHEDULED,P1_20261101_Famalicao_Guimaraes
2026-11-01,16:30,POL,Motor Lublin,GKS Katowice,,,SCHEDULED,POL_20261101_Motor_Lublin_GKS_Katowice
2026-11-01,16:30,ROU,FC Rapid Bucuresti,Univ. Craiova,,,SCHEDULED,ROU_20261101_FC_Rapid_Bucuresti_Univ_Craiova
2026-11-01,16:30,SWZ,Sion,Lausanne,,,SCHEDULED,SWZ_20261101_Sion_Lausanne
2026-11-01,16:30,T1,Gaziantep,Buyuksehyr,,,SCHEDULED,T1_20261101_Gaziantep_Buyuksehyr
2026-11-01,17:15,F1,Lille,Paris SG,,,SCHEDULED,F1_20261101_Lille_Paris_SG
2026-11-01,17:15,F2,Red Star,St Etienne,,,SCHEDULED,F2_20261101_Red_Star_St_Etienne
2026-11-01,17:30,D1,Union Berlin,Augsburg,,,SCHEDULED,D1_20261101_Union_Berlin_Augsburg
2026-11-01,17:30,D2,Dresden,Osnabruck,,,SCHEDULED,D2_20261101_Dresden_Osnabruck
2026-11-01,17:30,NOR,Brann,HamKam,,,SCHEDULED,NOR_20261101_Brann_HamKam
2026-11-01,17:30,SWE,Goteborg,GAIS,,,SCHEDULED,SWE_20261101_Goteborg_GAIS
2026-11-01,18:00,I1,Bologna,Lazio,,,SCHEDULED,I1_20261101_Bologna_Lazio
2026-11-01,18:00,I2,Avellino,Verona,,,SCHEDULED,I2_20261101_Avellino_Verona
2026-11-01,18:30,ARG,Huracan,Ind. Rivadavia,,,SCHEDULED,ARG_20261101_Huracan_Ind_Rivadavia
2026-11-01,18:30,ARG,Independiente,Dep. Riestra,,,SCHEDULED,ARG_20261101_Independiente_Dep_Riestra
2026-11-01,18:30,AUT,LASK,Altach,,,SCHEDULED,AUT_20261101_LASK_Altach
2026-11-01,18:30,B1,St. Gilloise,Waregem,,,SCHEDULED,B1_20261101_St_Gilloise_Waregem
2026-11-01,18:30,BRA,Corinthians,Gremio,,,SCHEDULED,BRA_20261101_Corinthians_Gremio
2026-11-01,18:30,DNK,Sonderjyske,Viborg,,,SCHEDULED,DNK_20261101_Sonderjyske_Viborg
2026-11-01,18:30,G1,OFI Crete,Panathinaikos,,,SCHEDULED,G1_20261101_OFI_Crete_Panathinaikos
2026-11-01,18:30,MEX,Atlante,Pachuca,,,SCHEDULED,MEX_20261101_Atlante_Pachuca
2026-11-01,18:30,N1,Groningen,PSV Eindhoven,,,SCHEDULED,N1_20261101_Groningen_PSV_Eindhoven
2026-11-01,18:30,P1,Sp Lisbon,Casa Pia,,,SCHEDULED,P1_20261101_Sp_Lisbon_Casa_Pia
2026-11-01,18:30,POL,Radomiak Radom,Wisla,,,SCHEDULED,POL_20261101_Radomiak_Radom_Wisla
2026-11-01,18:30,ROU,Sepsi Sf. Gheorghe,FC Arges,,,SCHEDULED,ROU_20261101_Sepsi_Sf_Gheorghe_FC_Arges
2026-11-01,18:30,SP1,Valencia,Betis,,,SCHEDULED,SP1_20261101_Valencia_Betis
2026-11-01,18:30,SP2,Sabadell,Girona,,,SCHEDULED,SP2_20261101_Sabadell_Girona
2026-11-01,18:30,SWZ,St. Gallen,Lugano,,,SCHEDULED,SWZ_20261101_St_Gallen_Lugano
2026-11-01,18:30,T1,Amedspor,Konyaspor,,,SCHEDULED,T1_20261101_Amedspor_Konyaspor
2026-11-01,18:30,USA,Real Salt Lake,Toronto FC,,,SCHEDULED,USA_20261101_Real_Salt_Lake_Toronto_FC
2026-11-01,18:30,USA,St. Louis City,Los Angeles FC,,,SCHEDULED,USA_20261101_St_Louis_City_Los_Angeles_FC
2026-11-01,20:45,F1,Marseille,Lens,,,SCHEDULED,F1_20261101_Marseille_Lens
2026-11-01,20:45,F2,Dunkerque,Nancy,,,SCHEDULED,F2_20261101_Dunkerque_Nancy
2026-11-01,20:45,I1,Atalanta,Fiorentina,,,SCHEDULED,I1_20261101_Atalanta_Fiorentina
2026-11-01,20:45,I2,Ascoli,Palermo,,,SCHEDULED,I2_20261101_Ascoli_Palermo
2026-11-01,21:00,ARG,Banfield,Defensa y Justicia,,,SCHEDULED,ARG_20261101_Banfield_Defensa_y_Justicia
2026-11-01,21:00,ARG,Boca Juniors,San Lorenzo,,,SCHEDULED,ARG_20261101_Boca_Juniors_San_Lorenzo
2026-11-01,21:00,BRA,Fluminense,Bahia,,,SCHEDULED,BRA_20261101_Fluminense_Bahia
2026-11-01,21:00,MEX,UNAM Pumas,Juarez,,,SCHEDULED,MEX_20261101_UNAM_Pumas_Juarez
2026-11-01,21:00,SP1,Osasuna,Barcelona,,,SCHEDULED,SP1_20261101_Osasuna_Barcelona
2026-11-01,21:00,SP2,Eldense,Tenerife,,,SCHEDULED,SP2_20261101_Eldense_Tenerife
2026-11-01,21:00,USA,Nashville SC,Charlotte,,,SCHEDULED,USA_20261101_Nashville_SC_Charlotte
2026-11-01,21:00,USA,San Jose Earthquakes,Sporting Kansas City,,,SCHEDULED,USA_20261101_San_Jose_Earthquakes_Sporting_Kansas_City
2026-11-02,20:00,E0,Newcastle,Everton,,,SCHEDULED,E0_20261102_Newcastle_Everton
2026-11-03,20:45,E1,Blackburn,Stoke,,,SCHEDULED,E1_20261103_Blackburn_Stoke
2026-11-03,20:45,E1,Charlton,Bolton,,,SCHEDULED,E1_20261103_Charlton_Bolton
2026-11-03,20:45,E1,Derby,Norwich,,,SCHEDULED,E1_20261103_Derby_Norwich
2026-11-03,20:45,E1,Portsmouth,Swansea,,,SCHEDULED,E1_20261103_Portsmouth_Swansea
2026-11-03,20:45,E1,Preston,Sheffield United,,,SCHEDULED,E1_20261103_Preston_Sheffield_United
2026-11-03,20:45,E1,QPR,Burnley,,,SCHEDULED,E1_20261103_QPR_Burnley
2026-11-03,20:45,E1,Watford,Lincoln,,,SCHEDULED,E1_20261103_Watford_Lincoln
2026-11-03,20:45,E2,Huddersfield,Luton,,,SCHEDULED,E2_20261103_Huddersfield_Luton
2026-11-03,21:00,E1,Birmingham,Millwall,,,SCHEDULED,E1_20261103_Birmingham_Millwall
2026-11-03,21:00,E1,West Brom,Southampton,,,SCHEDULED,E1_20261103_West_Brom_Southampton
2026-11-04,20:45,E1,Cardiff,West Ham,,,SCHEDULED,E1_20261104_Cardiff_West_Ham
2026-11-04,20:45,E1,Wrexham,Middlesbrough,,,SCHEDULED,E1_20261104_Wrexham_Middlesbrough
2026-11-04,20:45,E2,Oxford,Reading,,,SCHEDULED,E2_20261104_Oxford_Reading
2026-11-04,21:00,E1,Bristol City,Wolves,,,SCHEDULED,E1_20261104_Bristol_City_Wolves
2026-11-06,20:00,AUT,LASK,Hartberg,,,SCHEDULED,AUT_20261106_LASK_Hartberg
2026-11-06,20:00,B1,St. Gilloise,Mechelen,,,SCHEDULED,B1_20261106_St_Gilloise_Mechelen
2026-11-06,20:00,DNK,Sonderjyske,Odense,,,SCHEDULED,DNK_20261106_Sonderjyske_Odense
2026-11-06,20:00,E0,Everton,Coventry,,,SCHEDULED,E0_20261106_Everton_Coventry
2026-11-06,20:00,E3,Cheltenham,Crewe,,,SCHEDULED,E3_20261106_Cheltenham_Crewe
2026-11-06,20:00,G1,OFI Crete,AEK,,,SCHEDULED,G1_20261106_OFI_Crete_AEK
2026-11-06,20:00,N1,Groningen,Zwolle,,,SCHEDULED,N1_20261106_Groningen_Zwolle
2026-11-06,20:00,P1,Sp Lisbon,Academico Viseu,,,SCHEDULED,P1_20261106_Sp_Lisbon_Academico_Viseu
2026-11-06,20:00,POL,Radomiak Radom,Zaglebie,,,SCHEDULED,POL_20261106_Radomiak_Radom_Zaglebie
2026-11-06,20:00,ROU,UTA Arad,FC Arges,,,SCHEDULED,ROU_20261106_UTA_Arad_FC_Arges
2026-11-06,20:00,SWZ,St. Gallen,Thun,,,SCHEDULED,SWZ_20261106_St_Gallen_Thun
2026-11-06,20:00,T1,Fenerbahce,Konyaspor,,,SCHEDULED,T1_20261106_Fenerbahce_Konyaspor
2026-11-06,20:30,D1,Leverkusen,Augsburg,,,SCHEDULED,D1_20261106_Leverkusen_Augsburg
2026-11-06,20:30,D2,Dresden,Heidenheim,,,SCHEDULED,D2_20261106_Dresden_Heidenheim
2026-11-06,20:45,F1,Marseille,Toulouse,,,SCHEDULED,F1_20261106_Marseille_Toulouse
2026-11-06,20:45,F2,Dunkerque,Boulogne,,,SCHEDULED,F2_20261106_Dunkerque_Boulogne
2026-11-06,20:45,I1,Genoa,Fiorentina,,,SCHEDULED,I1_20261106_Genoa_Fiorentina
2026-11-06,20:45,I2,Cesena,Palermo,,,SCHEDULED,I2_20261106_Cesena_Palermo
2026-11-06,21:00,ARG,Banfield,Rosario Central,,,SCHEDULED,ARG_20261106_Banfield_Rosario_Central
2026-11-06,21:00,ARG,Newells Old Boys,San Lorenzo,,,SCHEDULED,ARG_20261106_Newells_Old_Boys_San_Lorenzo
2026-11-06,21:00,BRA,Fluminense,Santos,,,SCHEDULED,BRA_20261106_Fluminense_Santos
2026-11-06,21:00,E1,Derby,Bolton,,,SCHEDULED,E1_20261106_Derby_Bolton
2026-11-06,21:00,MEX,UNAM Pumas,Cruz Azul,,,SCHEDULED,MEX_20261106_UNAM_Pumas_Cruz_Azul
2026-11-06,21:00,SP1,Osasuna,La Coruna,,,SCHEDULED,SP1_20261106_Osasuna_La_Coruna
2026-11-06,21:00,SP2,Almeria,Tenerife,,,SCHEDULED,SP2_20261106_Almeria_Tenerife
2026-11-07,12:30,E0,Leeds,Tottenham,,,SCHEDULED,E0_20261107_Leeds_Tottenham
2026-11-07,13:30,E1,Bristol City,Norwich,,,SCHEDULED,E1_20261107_Bristol_City_Norwich
2026-11-07,13:30,E1,Portsmouth,Stoke,,,SCHEDULED,E1_20261107_Portsmouth_Stoke
2026-11-07,13:30,E1,Wrexham,Wolves,,,SCHEDULED,E1_20261107_Wrexham_Wolves
2026-11-07,14:00,CHN,Beijing Guoan,Dalian Yingbo,,,SCHEDULED,CHN_20261107_Beijing_Guoan_Dalian_Yingbo
2026-11-07,14:00,CHN,Qingdao Hainiu,Zhejiang Professional,,,SCHEDULED,CHN_20261107_Qingdao_Hainiu_Zhejiang_Professional
2026-11-07,14:00,CHN,Shanghai Port,Chongqing Tonglianglong,,,SCHEDULED,CHN_20261107_Shanghai_Port_Chongqing_Tonglianglong
2026-11-07,14:00,JPN,Gamba Osaka,Shimizu S-Pulse,,,SCHEDULED,JPN_20261107_Gamba_Osaka_Shimizu_S_Pulse
2026-11-07,14:00,JPN,Nagoya Grampus,Kawasaki Frontale,,,SCHEDULED,JPN_20261107_Nagoya_Grampus_Kawasaki_Frontale
2026-11-07,14:00,JPN,Okayama,Kashima Antlers,,,SCHEDULED,JPN_20261107_Okayama_Kashima_Antlers
2026-11-07,14:00,SP1,Getafe,Santander,,,SCHEDULED,SP1_20261107_Getafe_Santander
2026-11-07,14:00,SP1,Levante,Celta,,,SCHEDULED,SP1_20261107_Levante_Celta
2026-11-07,14:00,SP2,Burgos,Leganes,,,SCHEDULED,SP2_20261107_Burgos_Leganes
2026-11-07,14:00,SP2,Eibar,Andorra,,,SCHEDULED,SP2_20261107_Eibar_Andorra
2026-11-07,15:00,E0,Arsenal,Hull,,,SCHEDULED,E0_20261107_Arsenal_Hull
2026-11-07,15:00,E0,Fulham,Newcastle,,,SCHEDULED,E0_20261107_Fulham_Newcastle
2026-11-07,15:00,E3,Accrington,Exeter,,,SCHEDULED,E3_20261107_Accrington_Exeter
2026-11-07,15:00,E3,Barnet,Newport County,,,SCHEDULED,E3_20261107_Barnet_Newport_County
2026-11-07,15:00,E3,Crawley Town,Walsall,,,SCHEDULED,E3_20261107_Crawley_Town_Walsall
2026-11-07,15:00,E3,Fleetwood Town,Chesterfield,,,SCHEDULED,E3_20261107_Fleetwood_Town_Chesterfield
2026-11-07,15:00,E3,Grimsby,Tranmere,,,SCHEDULED,E3_20261107_Grimsby_Tranmere
2026-11-07,15:00,E3,Northampton,York,,,SCHEDULED,E3_20261107_Northampton_York
2026-11-07,15:00,E3,Rochdale,Colchester,,,SCHEDULED,E3_20261107_Rochdale_Colchester
2026-11-07,15:00,E3,Shrewsbury,Salford,,,SCHEDULED,E3_20261107_Shrewsbury_Salford
2026-11-07,15:00,I1,Como,Monza,,,SCHEDULED,I1_20261107_Como_Monza
2026-11-07,15:00,I1,Venezia,Torino,,,SCHEDULED,I1_20261107_Venezia_Torino
2026-11-07,15:00,I2,Empoli,Arezzo,,,SCHEDULED,I2_20261107_Empoli_Arezzo
2026-11-07,15:00,I2,Sampdoria,Vicenza,,,SCHEDULED,I2_20261107_Sampdoria_Vicenza
2026-11-07,15:00,NOR,Brann,Fredrikstad,,,SCHEDULED,NOR_20261107_Brann_Fredrikstad
2026-11-07,15:00,NOR,Lillestrom,Rosenborg,,,SCHEDULED,NOR_20261107_Lillestrom_Rosenborg
2026-11-07,15:00,NOR,Sarpsborg 08,KFUM Oslo,,,SCHEDULED,NOR_20261107_Sarpsborg_08_KFUM_Oslo
2026-11-07,15:00,SC0,Celtic,Aberdeen,,,SCHEDULED,SC0_20261107_Celtic_Aberdeen
2026-11-07,15:00,SC0,Falkirk,Kilmarnock,,,SCHEDULED,SC0_20261107_Falkirk_Kilmarnock
2026-11-07,15:00,SC0,Motherwell,Hibernian,,,SCHEDULED,SC0_20261107_Motherwell_Hibernian
2026-11-07,15:00,SC0,St Johnstone,Hearts,,,SCHEDULED,SC0_20261107_St_Johnstone_Hearts
2026-11-07,15:00,SWE,Brommapojkarna,Elfsborg,,,SCHEDULED,SWE_20261107_Brommapojkarna_Elfsborg
2026-11-07,15:00,SWE,Goteborg,Halmstad,,,SCHEDULED,SWE_20261107_Goteborg_Halmstad
2026-11-07,15:00,SWE,Mjallby,Hacken,,,SCHEDULED,SWE_20261107_Mjallby_Hacken
2026-11-07,15:30,D1,Bayern Munich,Hamburg,,,SCHEDULED,D1_20261107_Bayern_Munich_Hamburg
2026-11-07,15:30,D1,Elversberg,RB Leipzig,,,SCHEDULED,D1_20261107_Elversberg_RB_Leipzig
2026-11-07,15:30,D1,Hoffenheim,Dortmund,,,SCHEDULED,D1_20261107_Hoffenheim_Dortmund
2026-11-07,15:30,D1,Mainz,Paderborn,,,SCHEDULED,D1_20261107_Mainz_Paderborn
2026-11-07,15:30,D1,Werder Bremen,Stuttgart,,,SCHEDULED,D1_20261107_Werder_Bremen_Stuttgart
2026-11-07,15:30,D2,Darmstadt,Braunschweig,,,SCHEDULED,D2_20261107_Darmstadt_Braunschweig
2026-11-07,15:30,D2,Greuther Furth,Kaiserslautern,,,SCHEDULED,D2_20261107_Greuther_Furth_Kaiserslautern
2026-11-07,15:30,D2,Hannover,Cottbus,,,SCHEDULED,D2_20261107_Hannover_Cottbus
2026-11-07,15:30,D2,Hertha,Wolfsburg,,,SCHEDULED,D2_20261107_Hertha_Wolfsburg
2026-11-07,15:30,D2,Magdeburg,Karlsruhe,,,SCHEDULED,D2_20261107_Magdeburg_Karlsruhe
2026-11-07,16:00,CHN,Qingdao West Coast,Shenzhen Xinpengcheng,,,SCHEDULED,CHN_20261107_Qingdao_West_Coast_Shenzhen_Xinpengcheng
2026-11-07,16:00,CHN,Shanghai Shenhua,Yunnan Yukun,,,SCHEDULED,CHN_20261107_Shanghai_Shenhua_Yunnan_Yukun
2026-11-07,16:00,E1,Birmingham,Swansea,,,SCHEDULED,E1_20261107_Birmingham_Swansea
2026-11-07,16:00,E1,Blackburn,West Ham,,,SCHEDULED,E1_20261107_Blackburn_West_Ham
2026-11-07,16:00,E1,Cardiff,Burnley,,,SCHEDULED,E1_20261107_Cardiff_Burnley
2026-11-07,16:00,E1,Charlton,Sheffield United,,,SCHEDULED,E1_20261107_Charlton_Sheffield_United
2026-11-07,16:00,E1,Preston,Southampton,,,SCHEDULED,E1_20261107_Preston_Southampton
2026-11-07,16:00,E1,QPR,Lincoln,,,SCHEDULED,E1_20261107_QPR_Lincoln
2026-11-07,16:00,E1,Watford,Middlesbrough,,,SCHEDULED,E1_20261107_Watford_Middlesbrough
2026-11-07,16:00,E1,West Brom,Millwall,,,SCHEDULED,E1_20261107_West_Brom_Millwall
2026-11-07,16:00,JPN,Cerezo Osaka,Mito,,,SCHEDULED,JPN_20261107_Cerezo_Osaka_Mito
2026-11-07,16:00,JPN,Kashiwa Reysol,Kyoto,,,SCHEDULED,JPN_20261107_Kashiwa_Reysol_Kyoto
2026-11-07,16:15,SP1,Villarreal,Sevilla,,,SCHEDULED,SP1_20261107_Villarreal_Sevilla
2026-11-07,16:15,SP2,Sociedad B,Ceuta,,,SCHEDULED,SP2_20261107_Sociedad_B_Ceuta
2026-11-07,16:15,SP2,Valladolid,Sp Gijon,,,SCHEDULED,SP2_20261107_Valladolid_Sp_Gijon
2026-11-07,17:00,F1,Monaco,Strasbourg,,,SCHEDULED,F1_20261107_Monaco_Strasbourg
2026-11-07,17:00,F1,Nice,Paris FC,,,SCHEDULED,F1_20261107_Nice_Paris_FC
2026-11-07,17:00,F2,Annecy,Metz,,,SCHEDULED,F2_20261107_Annecy_Metz
2026-11-07,17:00,F2,Pau FC,Laval,,,SCHEDULED,F2_20261107_Pau_FC_Laval
2026-11-07,17:30,E0,Nott'm Forest,Man City,,,SCHEDULED,E0_20261107_Nott_m_Forest_Man_City
2026-11-07,17:30,E3,Port Vale,Rotherham,,,SCHEDULED,E3_20261107_Port_Vale_Rotherham
2026-11-07,17:30,NOR,Kristiansund,Molde,,,SCHEDULED,NOR_20261107_Kristiansund_Molde
2026-11-07,17:30,NOR,Viking,Aalesund,,,SCHEDULED,NOR_20261107_Viking_Aalesund
2026-11-07,17:30,SC0,Rangers,Dundee United,,,SCHEDULED,SC0_20261107_Rangers_Dundee_United
2026-11-07,17:30,SWE,Orgryte,Djurgarden,,,SCHEDULED,SWE_20261107_Orgryte_Djurgarden
2026-11-07,17:30,SWE,Vasteras SK,Degerfors,,,SCHEDULED,SWE_20261107_Vasteras_SK_Degerfors
2026-11-07,18:00,AUT,Ried,Tirol,,,SCHEDULED,AUT_20261107_Ried_Tirol
2026-11-07,18:00,B1,Genk,Kortrijk,,,SCHEDULED,B1_20261107_Genk_Kortrijk
2026-11-07,18:00,B1,Oud-Heverlee Leuven,Gent,,,SCHEDULED,B1_20261107_Oud_Heverlee_Leuven_Gent
2026-11-07,18:00,B1,Standard,Lommel SK,,,SCHEDULED,B1_20261107_Standard_Lommel_SK
2026-11-07,18:00,DNK,FC Copenhagen,Horsens,,,SCHEDULED,DNK_20261107_FC_Copenhagen_Horsens
2026-11-07,18:00,G1,Levadeiakos,Iraklis,,,SCHEDULED,G1_20261107_Levadeiakos_Iraklis
2026-11-07,18:00,G1,Panetolikos,PAOK,,,SCHEDULED,G1_20261107_Panetolikos_PAOK
2026-11-07,18:00,I1,Roma,Milan,,,SCHEDULED,I1_20261107_Roma_Milan
2026-11-07,18:00,I1,Udinese,Sassuolo,,,SCHEDULED,I1_20261107_Udinese_Sassuolo
2026-11-07,18:00,I2,Benevento,Padova,,,SCHEDULED,I2_20261107_Benevento_Padova
2026-11-07,18:00,I2,Pisa,Catanzaro,,,SCHEDULED,I2_20261107_Pisa_Catanzaro
2026-11-07,18:00,N1,Ajax,Cambuur,,,SCHEDULED,N1_20261107_Ajax_Cambuur
2026-11-07,18:00,N1,For Sittard,Sparta Rotterdam,,,SCHEDULED,N1_20261107_For_Sittard_Sparta_Rotterdam
2026-11-07,18:00,N1,Willem II,Telstar,,,SCHEDULED,N1_20261107_Willem_II_Telstar
2026-11-07,18:00,P1,Benfica,Sp Braga,,,SCHEDULED,P1_20261107_Benfica_Sp_Braga
2026-11-07,18:00,P1,Maritimo,Arouca,,,SCHEDULED,P1_20261107_Maritimo_Arouca
2026-11-07,18:00,P1,Porto,Santa Clara,,,SCHEDULED,P1_20261107_Porto_Santa_Clara
2026-11-07,18:00,POL,Jagiellonia,Pogon Szczecin,,,SCHEDULED,POL_20261107_Jagiellonia_Pogon_Szczecin
2026-11-07,18:00,POL,Lech Poznan,Wieczysta Krakow,,,SCHEDULED,POL_20261107_Lech_Poznan_Wieczysta_Krakow
2026-11-07,18:00,POL,Widzew Lodz,Piast Gliwice,,,SCHEDULED,POL_20261107_Widzew_Lodz_Piast_Gliwice
2026-11-07,18:00,ROU,CFR Cluj,Petrolul,,,SCHEDULED,ROU_20261107_CFR_Cluj_Petrolul
2026-11-07,18:00,ROU,Corvinul,FC Voluntari,,,SCHEDULED,ROU_20261107_Corvinul_FC_Voluntari
2026-11-07,18:00,SWZ,Basel,Vaduz,,,SCHEDULED,SWZ_20261107_Basel_Vaduz
2026-11-07,18:00,T1,Alanyaspor,Rizespor,,,SCHEDULED,T1_20261107_Alanyaspor_Rizespor
2026-11-07,18:00,T1,Genclerbirligi,Samsunspor,,,SCHEDULED,T1_20261107_Genclerbirligi_Samsunspor
2026-11-07,18:00,T1,Trabzonspor,Kocaelispor,,,SCHEDULED,T1_20261107_Trabzonspor_Kocaelispor
2026-11-07,18:30,D1,Ein Frankfurt,Freiburg,,,SCHEDULED,D1_20261107_Ein_Frankfurt_Freiburg
2026-11-07,18:30,D2,St Pauli,Bochum,,,SCHEDULED,D2_20261107_St_Pauli_Bochum
2026-11-07,18:30,SP1,Espanol,Real Madrid,,,SCHEDULED,SP1_20261107_Espanol_Real_Madrid
2026-11-07,18:30,SP2,Granada,Cadiz,,,SCHEDULED,SP2_20261107_Granada_Cadiz
2026-11-07,19:30,ARG,Belgrano,Tigre,,,SCHEDULED,ARG_20261107_Belgrano_Tigre
2026-11-07,19:30,ARG,Boca Juniors,Ind. Rivadavia,,,SCHEDULED,ARG_20261107_Boca_Juniors_Ind_Rivadavia
2026-11-07,19:30,ARG,Independiente,Defensa y Justicia,,,SCHEDULED,ARG_20261107_Independiente_Defensa_y_Justicia
2026-11-07,19:30,ARG,Racing Club,Barracas Central,,,SCHEDULED,ARG_20261107_Racing_Club_Barracas_Central
2026-11-07,19:30,ARG,Talleres Cordoba,Union de Santa Fe,,,SCHEDULED,ARG_20261107_Talleres_Cordoba_Union_de_Santa_Fe
2026-11-07,19:30,BRA,Corinthians,Bahia,,,SCHEDULED,BRA_20261107_Corinthians_Bahia
2026-11-07,19:30,BRA,Mirassol,Palmeiras,,,SCHEDULED,BRA_20261107_Mirassol_Palmeiras
2026-11-07,19:30,BRA,Remo,Vitoria,,,SCHEDULED,BRA_20261107_Remo_Vitoria
2026-11-07,19:30,MEX,Atlante,Juarez,,,SCHEDULED,MEX_20261107_Atlante_Juarez
2026-11-07,19:30,MEX,Queretaro,Puebla,,,SCHEDULED,MEX_20261107_Queretaro_Puebla
2026-11-07,19:30,MEX,Tigres UANL,Monterrey,,,SCHEDULED,MEX_20261107_Tigres_UANL_Monterrey
2026-11-07,20:00,USA,Austin FC,FC Dallas,,,SCHEDULED,USA_20261107_Austin_FC_FC_Dallas
2026-11-07,20:00,USA,Chicago Fire,Orlando City,,,SCHEDULED,USA_20261107_Chicago_Fire_Orlando_City
2026-11-07,20:00,USA,Inter Miami,Colorado Rapids,,,SCHEDULED,USA_20261107_Inter_Miami_Colorado_Rapids
2026-11-07,20:00,USA,Los Angeles Galaxy,Houston Dynamo,,,SCHEDULED,USA_20261107_Los_Angeles_Galaxy_Houston_Dynamo
2026-11-07,20:00,USA,Minnesota United,CF Montreal,,,SCHEDULED,USA_20261107_Minnesota_United_CF_Montreal
2026-11-07,20:00,USA,Nashville SC,Los Angeles FC,,,SCHEDULED,USA_20261107_Nashville_SC_Los_Angeles_FC
2026-11-07,20:00,USA,New England Revolution,DC United,,,SCHEDULED,USA_20261107_New_England_Revolution_DC_United
2026-11-07,20:00,USA,New York City,Atlanta Utd,,,SCHEDULED,USA_20261107_New_York_City_Atlanta_Utd
2026-11-07,20:00,USA,Portland Timbers,Philadelphia Union,,,SCHEDULED,USA_20261107_Portland_Timbers_Philadelphia_Union
2026-11-07,20:00,USA,Real Salt Lake,Sporting Kansas City,,,SCHEDULED,USA_20261107_Real_Salt_Lake_Sporting_Kansas_City
2026-11-07,20:00,USA,San Diego FC,Charlotte,,,SCHEDULED,USA_20261107_San_Diego_FC_Charlotte
2026-11-07,20:00,USA,San Jose Earthquakes,New York Red Bulls,,,SCHEDULED,USA_20261107_San_Jose_Earthquakes_New_York_Red_Bulls
2026-11-07,20:00,USA,Seattle Sounders,Toronto FC,,,SCHEDULED,USA_20261107_Seattle_Sounders_Toronto_FC
2026-11-07,20:00,USA,St. Louis City,Columbus Crew,,,SCHEDULED,USA_20261107_St_Louis_City_Columbus_Crew
2026-11-07,20:00,USA,Vancouver Whitecaps,FC Cincinnati,,,SCHEDULED,USA_20261107_Vancouver_Whitecaps_FC_Cincinnati
2026-11-07,20:45,AUT,Salzburg,Austria Vienna,,,SCHEDULED,AUT_20261107_Salzburg_Austria_Vienna
2026-11-07,20:45,B1,RAAL La Louviere,Anderlecht,,,SCHEDULED,B1_20261107_RAAL_La_Louviere_Anderlecht
2026-11-07,20:45,DNK,Brondby,Lyngby,,,SCHEDULED,DNK_20261107_Brondby_Lyngby
2026-11-07,20:45,G1,Olympiakos,Kalamata,,,SCHEDULED,G1_20261107_Olympiakos_Kalamata
2026-11-07,20:45,I1,Juventus,Inter,,,SCHEDULED,I1_20261107_Juventus_Inter
2026-11-07,20:45,I2,Juve Stabia,Carrarese,,,SCHEDULED,I2_20261107_Juve_Stabia_Carrarese
2026-11-07,20:45,N1,Nijmegen,Twente,,,SCHEDULED,N1_20261107_Nijmegen_Twente
2026-11-07,20:45,P1,Estoril,Rio Ave,,,SCHEDULED,P1_20261107_Estoril_Rio_Ave
2026-11-07,20:45,POL,Cracovia,Korona Kielce,,,SCHEDULED,POL_20261107_Cracovia_Korona_Kielce
2026-11-07,20:45,ROU,Dinamo Bucuresti,FC Botosani,,,SCHEDULED,ROU_20261107_Dinamo_Bucuresti_FC_Botosani
2026-11-07,20:45,SWZ,Grasshoppers,Zurich,,,SCHEDULED,SWZ_20261107_Grasshoppers_Zurich
2026-11-07,20:45,T1,Goztep,Galatasaray,,,SCHEDULED,T1_20261107_Goztep_Galatasaray
2026-11-07,21:00,ARG,Estudiantes L.P.,Sarmiento Junin,,,SCHEDULED,ARG_20261107_Estudiantes_L_P_Sarmiento_Junin
2026-11-07,21:00,ARG,Velez Sarsfield,Central Cordoba,,,SCHEDULED,ARG_20261107_Velez_Sarsfield_Central_Cordoba
2026-11-07,21:00,BRA,Cruzeiro,Bragantino,,,SCHEDULED,BRA_20261107_Cruzeiro_Bragantino
2026-11-07,21:00,BRA,Vasco,Chapecoense-SC,,,SCHEDULED,BRA_20261107_Vasco_Chapecoense_SC
2026-11-07,21:00,F1,Lyon,Angers,,,SCHEDULED,F1_20261107_Lyon_Angers
2026-11-07,21:00,F2,Montpellier,Clermont,,,SCHEDULED,F2_20261107_Montpellier_Clermont
2026-11-07,21:00,MEX,Club America,Atl. San Luis,,,SCHEDULED,MEX_20261107_Club_America_Atl_San_Luis
2026-11-07,21:00,MEX,Club Leon,Atlas,,,SCHEDULED,MEX_20261107_Club_Leon_Atlas
2026-11-07,21:00,SP1,Sociedad,Alaves,,,SCHEDULED,SP1_20261107_Sociedad_Alaves
2026-11-07,21:00,SP2,Castellon,Oviedo,,,SCHEDULED,SP2_20261107_Castellon_Oviedo
2026-11-08,12:30,I1,Lecce,Cagliari,,,SCHEDULED,I1_20261108_Lecce_Cagliari
2026-11-08,12:30,I2,Virtus Entella,Sudtirol,,,SCHEDULED,I2_20261108_Virtus_Entella_Sudtirol
2026-11-08,14:00,CHN,Chengdu Rongcheng,Liaoning Tieren,,,SCHEDULED,CHN_20261108_Chengdu_Rongcheng_Liaoning_Tieren
2026-11-08,14:00,CHN,Shandong Taishan,Henan Songshan Longmen,,,SCHEDULED,CHN_20261108_Shandong_Taishan_Henan_Songshan_Longmen
2026-11-08,14:00,E0,Brighton,Brentford,,,SCHEDULED,E0_20261108_Brighton_Brentford
2026-11-08,14:00,E0,Crystal Palace,Liverpool,,,SCHEDULED,E0_20261108_Crystal_Palace_Liverpool
2026-11-08,14:00,E0,Ipswich,Bournemouth,,,SCHEDULED,E0_20261108_Ipswich_Bournemouth
2026-11-08,14:00,E0,Sunderland,Chelsea,,,SCHEDULED,E0_20261108_Sunderland_Chelsea
2026-11-08,14:00,E3,Swindon,Gillingham,,,SCHEDULED,E3_20261108_Swindon_Gillingham
2026-11-08,14:00,JPN,Avispa Fukuoka,Verdy,,,SCHEDULED,JPN_20261108_Avispa_Fukuoka_Verdy
2026-11-08,14:00,JPN,FC Tokyo,Vissel Kobe,,,SCHEDULED,JPN_20261108_FC_Tokyo_Vissel_Kobe
2026-11-08,14:00,JPN,Urawa Reds,Yokohama F. Marinos,,,SCHEDULED,JPN_20261108_Urawa_Reds_Yokohama_F_Marinos
2026-11-08,14:00,SC0,Dundee,St Mirren,,,SCHEDULED,SC0_20261108_Dundee_St_Mirren
2026-11-08,14:00,SP1,Ath Bilbao,Vallecano,,,SCHEDULED,SP1_20261108_Ath_Bilbao_Vallecano
2026-11-08,14:00,SP2,Mallorca,Albacete,,,SCHEDULED,SP2_20261108_Mallorca_Albacete
2026-11-08,14:30,AUT,Wolfsberger AC,Sturm Graz,,,SCHEDULED,AUT_20261108_Wolfsberger_AC_Sturm_Graz
2026-11-08,14:30,B1,Antwerp,Westerlo,,,SCHEDULED,B1_20261108_Antwerp_Westerlo
2026-11-08,14:30,B1,Beveren,Cercle Brugge,,,SCHEDULED,B1_20261108_Beveren_Cercle_Brugge
2026-11-08,14:30,DNK,Randers FC,Midtjylland,,,SCHEDULED,DNK_20261108_Randers_FC_Midtjylland
2026-11-08,14:30,G1,Aris,Kifisia,,,SCHEDULED,G1_20261108_Aris_Kifisia
2026-11-08,14:30,N1,Go Ahead Eagles,Feyenoord,,,SCHEDULED,N1_20261108_Go_Ahead_Eagles_Feyenoord
2026-11-08,14:30,N1,Heerenveen,Utrecht,,,SCHEDULED,N1_20261108_Heerenveen_Utrecht
2026-11-08,14:30,P1,Famalicao,Nacional,,,SCHEDULED,P1_20261108_Famalicao_Nacional
2026-11-08,14:30,P1,Gil Vicente,Moreirense,,,SCHEDULED,P1_20261108_Gil_Vicente_Moreirense
2026-11-08,14:30,POL,Gornik Zabrze,Slask Wroclaw,,,SCHEDULED,POL_20261108_Gornik_Zabrze_Slask_Wroclaw
2026-11-08,14:30,POL,Motor Lublin,Wisla Plock,,,SCHEDULED,POL_20261108_Motor_Lublin_Wisla_Plock
2026-11-08,14:30,ROU,Csikszereda M. Ciuc,Univ. Craiova,,,SCHEDULED,ROU_20261108_Csikszereda_M_Ciuc_Univ_Craiova
2026-11-08,14:30,ROU,Farul Constanta,FCSB,,,SCHEDULED,ROU_20261108_Farul_Constanta_FCSB
2026-11-08,14:30,SWZ,Sion,Servette,,,SCHEDULED,SWZ_20261108_Sion_Servette
2026-11-08,14:30,T1,Corum,Erzurumspor,,,SCHEDULED,T1_20261108_Corum_Erzurumspor
2026-11-08,14:30,T1,Kasimpasa,Buyuksehyr,,,SCHEDULED,T1_20261108_Kasimpasa_Buyuksehyr
2026-11-08,15:00,F1,Le Havre,Lorient,,,SCHEDULED,F1_20261108_Le_Havre_Lorient
2026-11-08,15:00,F1,Lille,Brest,,,SCHEDULED,F1_20261108_Lille_Brest
2026-11-08,15:00,F1,Troyes,Auxerre,,,SCHEDULED,F1_20261108_Troyes_Auxerre
2026-11-08,15:00,F2,Grenoble,Guingamp,,,SCHEDULED,F2_20261108_Grenoble_Guingamp
2026-11-08,15:00,F2,Red Star,Sochaux,,,SCHEDULED,F2_20261108_Red_Star_Sochaux
2026-11-08,15:00,F2,Reims,Rodez,,,SCHEDULED,F2_20261108_Reims_Rodez
2026-11-08,15:00,I1,Frosinone,Lazio,,,SCHEDULED,I1_20261108_Frosinone_Lazio
2026-11-08,15:00,I2,Mantova,Verona,,,SCHEDULED,I2_20261108_Mantova_Verona
2026-11-08,15:00,NOR,Start,HamKam,,,SCHEDULED,NOR_20261108_Start_HamKam
2026-11-08,15:00,NOR,Valerenga,Bodo/Glimt,,,SCHEDULED,NOR_20261108_Valerenga_Bodo_Glimt
2026-11-08,15:00,SWE,Hammarby,Kalmar,,,SCHEDULED,SWE_20261108_Hammarby_Kalmar
2026-11-08,15:00,SWE,Malmo FF,GAIS,,,SCHEDULED,SWE_20261108_Malmo_FF_GAIS
2026-11-08,15:30,D1,Union Berlin,Schalke 04,,,SCHEDULED,D1_20261108_Union_Berlin_Schalke_04
2026-11-08,15:30,D2,Nurnberg,Osnabruck,,,SCHEDULED,D2_20261108_Nurnberg_Osnabruck
2026-11-08,16:00,ARG,Aldosivi,Dep. Riestra,,,SCHEDULED,ARG_20261108_Aldosivi_Dep_Riestra
2026-11-08,16:00,ARG,Huracan,Platense,,,SCHEDULED,ARG_20261108_Huracan_Platense
2026-11-08,16:00,BRA,Flamengo RJ,Gremio,,,SCHEDULED,BRA_20261108_Flamengo_RJ_Gremio
2026-11-08,16:00,BRA,Internacional,Coritiba,,,SCHEDULED,BRA_20261108_Internacional_Coritiba
2026-11-08,16:00,CHN,Tianjin Jinmen Tiger,Wuhan Three Towns,,,SCHEDULED,CHN_20261108_Tianjin_Jinmen_Tiger_Wuhan_Three_Towns
2026-11-08,16:00,JPN,Chiba,Sanfrecce Hiroshima,,,SCHEDULED,JPN_20261108_Chiba_Sanfrecce_Hiroshima
2026-11-08,16:00,JPN,Machida,V-Varen Nagasaki,,,SCHEDULED,JPN_20261108_Machida_V_Varen_Nagasaki
2026-11-08,16:00,MEX,Club Tijuana,Pachuca,,,SCHEDULED,MEX_20261108_Club_Tijuana_Pachuca
2026-11-08,16:15,SP1,Valencia,Elche,,,SCHEDULED,SP1_20261108_Valencia_Elche
2026-11-08,16:15,SP2,Las Palmas,Girona,,,SCHEDULED,SP2_20261108_Las_Palmas_Girona
2026-11-08,16:30,AUT,A. Lustenau,Altach,,,SCHEDULED,AUT_20261108_A_Lustenau_Altach
2026-11-08,16:30,B1,Club Brugge,Waregem,,,SCHEDULED,B1_20261108_Club_Brugge_Waregem
2026-11-08,16:30,DNK,Nordsjaelland,Viborg,,,SCHEDULED,DNK_20261108_Nordsjaelland_Viborg
2026-11-08,16:30,E0,Man United,Aston Villa,,,SCHEDULED,E0_20261108_Man_United_Aston_Villa
2026-11-08,16:30,E3,Oldham,Bristol Rvs,,,SCHEDULED,E3_20261108_Oldham_Bristol_Rvs
2026-11-08,16:30,G1,Volos NFC,Panathinaikos,,,SCHEDULED,G1_20261108_Volos_NFC_Panathinaikos
2026-11-08,16:30,N1,Den Haag,PSV Eindhoven,,,SCHEDULED,N1_20261108_Den_Haag_PSV_Eindhoven
2026-11-08,16:30,P1,Alverca,Casa Pia,,,SCHEDULED,P1_20261108_Alverca_Casa_Pia
2026-11-08,16:30,POL,Rakow,Wisla,,,SCHEDULED,POL_20261108_Rakow_Wisla
2026-11-08,16:30,ROU,Sepsi Sf. Gheorghe,Otelul,,,SCHEDULED,ROU_20261108_Sepsi_Sf_Gheorghe_Otelul
2026-11-08,16:30,SWZ,Luzern,Lugano,,,SCHEDULED,SWZ_20261108_Luzern_Lugano
2026-11-08,16:30,T1,Amedspor,Besiktas,,,SCHEDULED,T1_20261108_Amedspor_Besiktas
2026-11-08,17:15,F1,Rennes,Lens,,,SCHEDULED,F1_20261108_Rennes_Lens
2026-11-08,17:15,F2,Dijon,Nancy,,,SCHEDULED,F2_20261108_Dijon_Nancy
2026-11-08,17:30,D1,FC Koln,M'gladbach,,,SCHEDULED,D1_20261108_FC_Koln_M_gladbach
2026-11-08,17:30,D2,Holstein Kiel,Bielefeld,,,SCHEDULED,D2_20261108_Holstein_Kiel_Bielefeld
2026-11-08,17:30,NOR,Sandefjord,Tromso,,,SCHEDULED,NOR_20261108_Sandefjord_Tromso
2026-11-08,17:30,SWE,Sirius,AIK,,,SCHEDULED,SWE_20261108_Sirius_AIK
2026-11-08,18:00,I1,Atalanta,Parma,,,SCHEDULED,I1_20261108_Atalanta_Parma
2026-11-08,18:00,I2,Ascoli,Cremonese,,,SCHEDULED,I2_20261108_Ascoli_Cremonese
2026-11-08,18:30,ARG,Gimnasia Mendoza,Gimnasia L.P.,,,SCHEDULED,ARG_20261108_Gimnasia_Mendoza_Gimnasia_L_P
2026-11-08,18:30,ARG,Instituto,River Plate,,,SCHEDULED,ARG_20261108_Instituto_River_Plate
2026-11-08,18:30,AUT,Grazer AK,SK Rapid,,,SCHEDULED,AUT_20261108_Grazer_AK_SK_Rapid
2026-11-08,18:30,B1,St Truiden,Charleroi,,,SCHEDULED,B1_20261108_St_Truiden_Charleroi
2026-11-08,18:30,BRA,Botafogo RJ,Sao Paulo,,,SCHEDULED,BRA_20261108_Botafogo_RJ_Sao_Paulo
2026-11-08,18:30,DNK,Aarhus,Silkeborg,,,SCHEDULED,DNK_20261108_Aarhus_Silkeborg
2026-11-08,18:30,G1,Atromitos,Asteras Tripolis,,,SCHEDULED,G1_20261108_Atromitos_Asteras_Tripolis
2026-11-08,18:30,MEX,Toluca,Necaxa,,,SCHEDULED,MEX_20261108_Toluca_Necaxa
2026-11-08,18:30,N1,Excelsior,AZ Alkmaar,,,SCHEDULED,N1_20261108_Excelsior_AZ_Alkmaar
2026-11-08,18:30,P1,Estrela,Guimaraes,,,SCHEDULED,P1_20261108_Estrela_Guimaraes
2026-11-08,18:30,POL,Legia,GKS Katowice,,,SCHEDULED,POL_20261108_Legia_GKS_Katowice
2026-11-08,18:30,ROU,FC Rapid Bucuresti,U. Cluj,,,SCHEDULED,ROU_20261108_FC_Rapid_Bucuresti_U_Cluj
2026-11-08,18:30,SP1,Ath Madrid,Barcelona,,,SCHEDULED,SP1_20261108_Ath_Madrid_Barcelona
2026-11-08,18:30,SP2,Eldense,Celta B,,,SCHEDULED,SP2_20261108_Eldense_Celta_B
2026-11-08,18:30,SWZ,Young Boys,Lausanne,,,SCHEDULED,SWZ_20261108_Young_Boys_Lausanne
2026-11-08,18:30,T1,Gaziantep,Eyupspor,,,SCHEDULED,T1_20261108_Gaziantep_Eyupspor
2026-11-08,20:45,F1,Le Mans,Paris SG,,,SCHEDULED,F1_20261108_Le_Mans_Paris_SG
2026-11-08,20:45,F2,Nantes,St Etienne,,,SCHEDULED,F2_20261108_Nantes_St_Etienne
2026-11-08,20:45,I1,Bologna,Napoli,,,SCHEDULED,I1_20261108_Bologna_Napoli
2026-11-08,20:45,I2,Avellino,Modena,,,SCHEDULED,I2_20261108_Avellino_Modena
2026-11-08,21:00,ARG,Atl. Tucuman,Estudiantes Rio Cuarto,,,SCHEDULED,ARG_20261108_Atl_Tucuman_Estudiantes_Rio_Cuarto
2026-11-08,21:00,ARG,Lanus,Argentinos Jrs,,,SCHEDULED,ARG_20261108_Lanus_Argentinos_Jrs
2026-11-08,21:00,BRA,Atletico-MG,Athletico-PR,,,SCHEDULED,BRA_20261108_Atletico_MG_Athletico_PR
2026-11-08,21:00,MEX,Santos Laguna,Guadalajara Chivas,,,SCHEDULED,MEX_20261108_Santos_Laguna_Guadalajara_Chivas
2026-11-08,21:00,SP1,Malaga,Betis,,,SCHEDULED,SP1_20261108_Malaga_Betis
2026-11-08,21:00,SP2,Sabadell,Cordoba,,,SCHEDULED,SP2_20261108_Sabadell_Cordoba
2026-11-14,16:00,E2,AFC Wimbledon,Blackpool,,,SCHEDULED,E2_20261114_AFC_Wimbledon_Blackpool
2026-11-14,16:00,E2,Bromley,Notts County,,,SCHEDULED,E2_20261114_Bromley_Notts_County
2026-11-14,16:00,E2,Doncaster,Leyton Orient,,,SCHEDULED,E2_20261114_Doncaster_Leyton_Orient
2026-11-14,16:00,E2,Leicester,Bradford,,,SCHEDULED,E2_20261114_Leicester_Bradford
2026-11-14,16:00,E2,Luton,Cambridge,,,SCHEDULED,E2_20261114_Luton_Cambridge
2026-11-14,16:00,E2,Milton Keynes Dons,Burton,,,SCHEDULED,E2_20261114_Milton_Keynes_Dons_Burton
2026-11-14,16:00,E2,Peterboro,Oxford,,,SCHEDULED,E2_20261114_Peterboro_Oxford
2026-11-14,16:00,E2,Sheffield Weds,Plymouth,,,SCHEDULED,E2_20261114_Sheffield_Weds_Plymouth
2026-11-14,16:00,E2,Stevenage,Mansfield,,,SCHEDULED,E2_20261114_Stevenage_Mansfield
2026-11-14,16:00,E2,Stockport,Reading,,,SCHEDULED,E2_20261114_Stockport_Reading
2026-11-14,16:00,E2,Wigan,Barnsley,,,SCHEDULED,E2_20261114_Wigan_Barnsley
2026-11-14,16:00,E2,Wycombe,Huddersfield,,,SCHEDULED,E2_20261114_Wycombe_Huddersfield
2026-11-17,19:00,JPN,Avispa Fukuoka,Kawasaki Frontale,,,SCHEDULED,JPN_20261117_Avispa_Fukuoka_Kawasaki_Frontale
2026-11-17,19:00,JPN,Cerezo Osaka,Sanfrecce Hiroshima,,,SCHEDULED,JPN_20261117_Cerezo_Osaka_Sanfrecce_Hiroshima
2026-11-17,19:00,JPN,Chiba,Verdy,,,SCHEDULED,JPN_20261117_Chiba_Verdy
2026-11-17,19:00,JPN,FC Tokyo,Mito,,,SCHEDULED,JPN_20261117_FC_Tokyo_Mito
2026-11-17,19:00,JPN,Kashiwa Reysol,V-Varen Nagasaki,,,SCHEDULED,JPN_20261117_Kashiwa_Reysol_V_Varen_Nagasaki
2026-11-17,19:00,JPN,Machida,Vissel Kobe,,,SCHEDULED,JPN_20261117_Machida_Vissel_Kobe
2026-11-17,19:00,JPN,Nagoya Grampus,Kashima Antlers,,,SCHEDULED,JPN_20261117_Nagoya_Grampus_Kashima_Antlers
2026-11-17,19:00,JPN,Okayama,Yokohama F. Marinos,,,SCHEDULED,JPN_20261117_Okayama_Yokohama_F_Marinos
2026-11-17,19:00,JPN,Shimizu S-Pulse,Kyoto,,,SCHEDULED,JPN_20261117_Shimizu_S_Pulse_Kyoto
2026-11-17,19:00,JPN,Urawa Reds,Gamba Osaka,,,SCHEDULED,JPN_20261117_Urawa_Reds_Gamba_Osaka
2026-11-20,20:00,AUT,LASK,SK Rapid,,,SCHEDULED,AUT_20261120_LASK_SK_Rapid
2026-11-20,20:00,B1,Genk,Charleroi,,,SCHEDULED,B1_20261120_Genk_Charleroi
2026-11-20,20:00,DNK,Sonderjyske,Silkeborg,,,SCHEDULED,DNK_20261120_Sonderjyske_Silkeborg
2026-11-20,20:00,E3,Oldham,Walsall,,,SCHEDULED,E3_20261120_Oldham_Walsall
2026-11-20,20:00,G1,Levadeiakos,Asteras Tripolis,,,SCHEDULED,G1_20261120_Levadeiakos_Asteras_Tripolis
2026-11-20,20:00,N1,For Sittard,AZ Alkmaar,,,SCHEDULED,N1_20261120_For_Sittard_AZ_Alkmaar
2026-11-20,20:00,P1,Maritimo,Guimaraes,,,SCHEDULED,P1_20261120_Maritimo_Guimaraes
2026-11-20,20:00,POL,Lech Poznan,GKS Katowice,,,SCHEDULED,POL_20261120_Lech_Poznan_GKS_Katowice
2026-11-20,20:00,ROU,FC Rapid Bucuresti,FC Voluntari,,,SCHEDULED,ROU_20261120_FC_Rapid_Bucuresti_FC_Voluntari
2026-11-20,20:00,SWZ,St. Gallen,Lausanne,,,SCHEDULED,SWZ_20261120_St_Gallen_Lausanne
2026-11-20,20:00,T1,Gaziantep,Kocaelispor,,,SCHEDULED,T1_20261120_Gaziantep_Kocaelispor
2026-11-20,20:30,D1,FC Koln,Augsburg,,,SCHEDULED,D1_20261120_FC_Koln_Augsburg
2026-11-20,20:30,D2,Dresden,Bielefeld,,,SCHEDULED,D2_20261120_Dresden_Bielefeld
2026-11-20,20:45,F1,Le Havre,Paris SG,,,SCHEDULED,F1_20261120_Le_Havre_Paris_SG
2026-11-20,20:45,F2,Reims,St Etienne,,,SCHEDULED,F2_20261120_Reims_St_Etienne
2026-11-20,20:45,I1,Bologna,Torino,,,SCHEDULED,I1_20261120_Bologna_Torino
2026-11-20,20:45,I2,Avellino,Vicenza,,,SCHEDULED,I2_20261120_Avellino_Vicenza
2026-11-20,21:00,ARG,Atl. Tucuman,Tigre,,,SCHEDULED,ARG_20261120_Atl_Tucuman_Tigre
2026-11-20,21:00,ARG,Racing Club,Argentinos Jrs,,,SCHEDULED,ARG_20261120_Racing_Club_Argentinos_Jrs
2026-11-20,21:00,BRA,Mirassol,Athletico-PR,,,SCHEDULED,BRA_20261120_Mirassol_Athletico_PR
2026-11-20,21:00,E2,Barnsley,Sheffield Weds,,,SCHEDULED,E2_20261120_Barnsley_Sheffield_Weds
2026-11-20,21:00,SP1,Getafe,Betis,,,SCHEDULED,SP1_20261120_Getafe_Betis
2026-11-20,21:00,SP2,Sabadell,Andorra,,,SCHEDULED,SP2_20261120_Sabadell_Andorra
2026-11-21,12:30,E0,Man City,Fulham,,,SCHEDULED,E0_20261121_Man_City_Fulham
2026-11-21,13:30,E1,Millwall,QPR,,,SCHEDULED,E1_20261121_Millwall_QPR
2026-11-21,13:30,E1,Norwich,Cardiff,,,SCHEDULED,E1_20261121_Norwich_Cardiff
2026-11-21,13:30,E1,Southampton,Derby,,,SCHEDULED,E1_20261121_Southampton_Derby
2026-11-21,13:30,E2,Blackpool,Wigan,,,SCHEDULED,E2_20261121_Blackpool_Wigan
2026-11-21,13:30,E2,Reading,Bromley,,,SCHEDULED,E2_20261121_Reading_Bromley
2026-11-21,14:00,CHN,Qingdao West Coast,Qingdao Hainiu,,,SCHEDULED,CHN_20261121_Qingdao_West_Coast_Qingdao_Hainiu
2026-11-21,14:00,CHN,Shandong Taishan,Wuhan Three Towns,,,SCHEDULED,CHN_20261121_Shandong_Taishan_Wuhan_Three_Towns
2026-11-21,14:00,CHN,Shanghai Shenhua,Henan Songshan Longmen,,,SCHEDULED,CHN_20261121_Shanghai_Shenhua_Henan_Songshan_Longmen
2026-11-21,14:00,JPN,Avispa Fukuoka,Kashima Antlers,,,SCHEDULED,JPN_20261121_Avispa_Fukuoka_Kashima_Antlers
2026-11-21,14:00,JPN,Nagoya Grampus,Yokohama F. Marinos,,,SCHEDULED,JPN_20261121_Nagoya_Grampus_Yokohama_F_Marinos
2026-11-21,14:00,JPN,Urawa Reds,Shimizu S-Pulse,,,SCHEDULED,JPN_20261121_Urawa_Reds_Shimizu_S_Pulse
2026-11-21,14:00,SP1,Osasuna,Santander,,,SCHEDULED,SP1_20261121_Osasuna_Santander
2026-11-21,14:00,SP1,Villarreal,Levante,,,SCHEDULED,SP1_20261121_Villarreal_Levante
2026-11-21,14:00,SP2,Leganes,Sp Gijon,,,SCHEDULED,SP2_20261121_Leganes_Sp_Gijon
2026-11-21,14:00,SP2,Sociedad B,Tenerife,,,SCHEDULED,SP2_20261121_Sociedad_B_Tenerife
2026-11-21,15:00,E0,Aston Villa,Sunderland,,,SCHEDULED,E0_20261121_Aston_Villa_Sunderland
2026-11-21,15:00,E0,Bournemouth,Nott'm Forest,,,SCHEDULED,E0_20261121_Bournemouth_Nott_m_Forest
2026-11-21,15:00,E0,Chelsea,Leeds,,,SCHEDULED,E0_20261121_Chelsea_Leeds
2026-11-21,15:00,E0,Coventry,Crystal Palace,,,SCHEDULED,E0_20261121_Coventry_Crystal_Palace
2026-11-21,15:00,E0,Tottenham,Ipswich,,,SCHEDULED,E0_20261121_Tottenham_Ipswich
2026-11-21,15:00,E3,Accrington,Tranmere,,,SCHEDULED,E3_20261121_Accrington_Tranmere
2026-11-21,15:00,E3,Barnet,York,,,SCHEDULED,E3_20261121_Barnet_York
2026-11-21,15:00,E3,Chesterfield,Colchester,,,SCHEDULED,E3_20261121_Chesterfield_Colchester
2026-11-21,15:00,E3,Crawley Town,Exeter,,,SCHEDULED,E3_20261121_Crawley_Town_Exeter
2026-11-21,15:00,E3,Grimsby,Salford,,,SCHEDULED,E3_20261121_Grimsby_Salford
2026-11-21,15:00,E3,Northampton,Fleetwood Town,,,SCHEDULED,E3_20261121_Northampton_Fleetwood_Town
2026-11-21,15:00,E3,Rochdale,Gillingham,,,SCHEDULED,E3_20261121_Rochdale_Gillingham
2026-11-21,15:00,E3,Shrewsbury,Crewe,,,SCHEDULED,E3_20261121_Shrewsbury_Crewe
2026-11-21,15:00,I1,Roma,Como,,,SCHEDULED,I1_20261121_Roma_Como
2026-11-21,15:00,I1,Udinese,Fiorentina,,,SCHEDULED,I1_20261121_Udinese_Fiorentina
2026-11-21,15:00,I2,Benevento,Empoli,,,SCHEDULED,I2_20261121_Benevento_Empoli
2026-11-21,15:00,I2,Pisa,Palermo,,,SCHEDULED,I2_20261121_Pisa_Palermo
2026-11-21,15:00,NOR,Kristiansund,Bodo/Glimt,,,SCHEDULED,NOR_20261121_Kristiansund_Bodo_Glimt
2026-11-21,15:00,NOR,Valerenga,Tromso,,,SCHEDULED,NOR_20261121_Valerenga_Tromso
2026-11-21,15:00,NOR,Viking,Lillestrom,,,SCHEDULED,NOR_20261121_Viking_Lillestrom
2026-11-21,15:00,SC0,Celtic,Hibernian,,,SCHEDULED,SC0_20261121_Celtic_Hibernian
2026-11-21,15:00,SC0,Dundee,Kilmarnock,,,SCHEDULED,SC0_20261121_Dundee_Kilmarnock
2026-11-21,15:00,SC0,Falkirk,St Johnstone,,,SCHEDULED,SC0_20261121_Falkirk_St_Johnstone
2026-11-21,15:00,SC0,Hearts,Aberdeen,,,SCHEDULED,SC0_20261121_Hearts_Aberdeen
2026-11-21,15:30,D1,Elversberg,Freiburg,,,SCHEDULED,D1_20261121_Elversberg_Freiburg
2026-11-21,15:30,D1,Hamburg,Stuttgart,,,SCHEDULED,D1_20261121_Hamburg_Stuttgart
2026-11-21,15:30,D1,Hoffenheim,Bayern Munich,,,SCHEDULED,D1_20261121_Hoffenheim_Bayern_Munich
2026-11-21,15:30,D1,Mainz,Dortmund,,,SCHEDULED,D1_20261121_Mainz_Dortmund
2026-11-21,15:30,D1,Werder Bremen,RB Leipzig,,,SCHEDULED,D1_20261121_Werder_Bremen_RB_Leipzig
2026-11-21,15:30,D2,Darmstadt,Cottbus,,,SCHEDULED,D2_20261121_Darmstadt_Cottbus
2026-11-21,15:30,D2,Greuther Furth,Wolfsburg,,,SCHEDULED,D2_20261121_Greuther_Furth_Wolfsburg
2026-11-21,15:30,D2,Hertha,Magdeburg,,,SCHEDULED,D2_20261121_Hertha_Magdeburg
2026-11-21,15:30,D2,Karlsruhe,Braunschweig,,,SCHEDULED,D2_20261121_Karlsruhe_Braunschweig
2026-11-21,15:30,D2,St Pauli,Kaiserslautern,,,SCHEDULED,D2_20261121_St_Pauli_Kaiserslautern
2026-11-21,16:00,CHN,Beijing Guoan,Yunnan Yukun,,,SCHEDULED,CHN_20261121_Beijing_Guoan_Yunnan_Yukun
2026-11-21,16:00,CHN,Zhejiang Professional,Liaoning Tieren,,,SCHEDULED,CHN_20261121_Zhejiang_Professional_Liaoning_Tieren
2026-11-21,16:00,E1,Bolton,Portsmouth,,,SCHEDULED,E1_20261121_Bolton_Portsmouth
2026-11-21,16:00,E1,Lincoln,Wrexham,,,SCHEDULED,E1_20261121_Lincoln_Wrexham
2026-11-21,16:00,E1,Middlesbrough,Bristol City,,,SCHEDULED,E1_20261121_Middlesbrough_Bristol_City
2026-11-21,16:00,E1,Sheffield United,Watford,,,SCHEDULED,E1_20261121_Sheffield_United_Watford
2026-11-21,16:00,E1,Stoke,Birmingham,,,SCHEDULED,E1_20261121_Stoke_Birmingham
2026-11-21,16:00,E1,Swansea,West Brom,,,SCHEDULED,E1_20261121_Swansea_West_Brom
2026-11-21,16:00,E1,West Ham,Preston,,,SCHEDULED,E1_20261121_West_Ham_Preston
2026-11-21,16:00,E1,Wolves,Charlton,,,SCHEDULED,E1_20261121_Wolves_Charlton
2026-11-21,16:00,E2,Bradford,Doncaster,,,SCHEDULED,E2_20261121_Bradford_Doncaster
2026-11-21,16:00,E2,Burton,Luton,,,SCHEDULED,E2_20261121_Burton_Luton
2026-11-21,16:00,E2,Cambridge,Stockport,,,SCHEDULED,E2_20261121_Cambridge_Stockport
2026-11-21,16:00,E2,Huddersfield,Leicester,,,SCHEDULED,E2_20261121_Huddersfield_Leicester
2026-11-21,16:00,E2,Leyton Orient,AFC Wimbledon,,,SCHEDULED,E2_20261121_Leyton_Orient_AFC_Wimbledon
2026-11-21,16:00,E2,Mansfield,Milton Keynes Dons,,,SCHEDULED,E2_20261121_Mansfield_Milton_Keynes_Dons
2026-11-21,16:00,E2,Notts County,Stevenage,,,SCHEDULED,E2_20261121_Notts_County_Stevenage
2026-11-21,16:00,E2,Oxford,Wycombe,,,SCHEDULED,E2_20261121_Oxford_Wycombe
2026-11-21,16:00,E2,Plymouth,Peterboro,,,SCHEDULED,E2_20261121_Plymouth_Peterboro
2026-11-21,16:00,JPN,FC Tokyo,Sanfrecce Hiroshima,,,SCHEDULED,JPN_20261121_FC_Tokyo_Sanfrecce_Hiroshima
2026-11-21,16:00,JPN,Kyoto,V-Varen Nagasaki,,,SCHEDULED,JPN_20261121_Kyoto_V_Varen_Nagasaki
2026-11-21,16:15,SP1,Celta,Real Madrid,,,SCHEDULED,SP1_20261121_Celta_Real_Madrid
2026-11-21,16:15,SP2,Eibar,Ceuta,,,SCHEDULED,SP2_20261121_Eibar_Ceuta
2026-11-21,16:15,SP2,Granada,Burgos,,,SCHEDULED,SP2_20261121_Granada_Burgos
2026-11-21,17:00,F1,Paris FC,Angers,,,SCHEDULED,F1_20261121_Paris_FC_Angers
2026-11-21,17:00,F1,Troyes,Lorient,,,SCHEDULED,F1_20261121_Troyes_Lorient
2026-11-21,17:00,F2,Grenoble,Rodez,,,SCHEDULED,F2_20261121_Grenoble_Rodez
2026-11-21,17:00,F2,Metz,Clermont,,,SCHEDULED,F2_20261121_Metz_Clermont
2026-11-21,17:30,E0,Newcastle,Arsenal,,,SCHEDULED,E0_20261121_Newcastle_Arsenal
2026-11-21,17:30,E3,Swindon,Bristol Rvs,,,SCHEDULED,E3_20261121_Swindon_Bristol_Rvs
2026-11-21,17:30,NOR,Rosenborg,HamKam,,,SCHEDULED,NOR_20261121_Rosenborg_HamKam
2026-11-21,17:30,NOR,Sarpsborg 08,Molde,,,SCHEDULED,NOR_20261121_Sarpsborg_08_Molde
2026-11-21,17:30,SC0,Rangers,St Mirren,,,SCHEDULED,SC0_20261121_Rangers_St_Mirren
2026-11-21,18:00,AUT,Tirol,Austria Vienna,,,SCHEDULED,AUT_20261121_Tirol_Austria_Vienna
2026-11-21,18:00,B1,Antwerp,Lommel SK,,,SCHEDULED,B1_20261121_Antwerp_Lommel_SK
2026-11-21,18:00,B1,Gent,Anderlecht,,,SCHEDULED,B1_20261121_Gent_Anderlecht
2026-11-21,18:00,B1,St. Gilloise,Westerlo,,,SCHEDULED,B1_20261121_St_Gilloise_Westerlo
2026-11-21,18:00,DNK,Horsens,Lyngby,,,SCHEDULED,DNK_20261121_Horsens_Lyngby
2026-11-21,18:00,G1,OFI Crete,Iraklis,,,SCHEDULED,G1_20261121_OFI_Crete_Iraklis
2026-11-21,18:00,G1,PAOK,Kalamata,,,SCHEDULED,G1_20261121_PAOK_Kalamata
2026-11-21,18:00,I1,Monza,Inter,,,SCHEDULED,I1_20261121_Monza_Inter
2026-11-21,18:00,I1,Venezia,Sassuolo,,,SCHEDULED,I1_20261121_Venezia_Sassuolo
2026-11-21,18:00,I2,Arezzo,Carrarese,,,SCHEDULED,I2_20261121_Arezzo_Carrarese
2026-11-21,18:00,I2,Sampdoria,Catanzaro,,,SCHEDULED,I2_20261121_Sampdoria_Catanzaro
2026-11-21,18:00,N1,Cambuur,Twente,,,SCHEDULED,N1_20261121_Cambuur_Twente
2026-11-21,18:00,N1,Groningen,Utrecht,,,SCHEDULED,N1_20261121_Groningen_Utrecht
2026-11-21,18:00,N1,Heerenveen,Telstar,,,SCHEDULED,N1_20261121_Heerenveen_Telstar
2026-11-21,18:00,P1,Gil Vicente,Santa Clara,,,SCHEDULED,P1_20261121_Gil_Vicente_Santa_Clara
2026-11-21,18:00,P1,Sp Braga,Rio Ave,,,SCHEDULED,P1_20261121_Sp_Braga_Rio_Ave
2026-11-21,18:00,P1,Sp Lisbon,Moreirense,,,SCHEDULED,P1_20261121_Sp_Lisbon_Moreirense
2026-11-21,18:00,POL,Gornik Zabrze,Pogon Szczecin,,,SCHEDULED,POL_20261121_Gornik_Zabrze_Pogon_Szczecin
2026-11-21,18:00,POL,Piast Gliwice,Korona Kielce,,,SCHEDULED,POL_20261121_Piast_Gliwice_Korona_Kielce
2026-11-21,18:00,POL,Radomiak Radom,Slask Wroclaw,,,SCHEDULED,POL_20261121_Radomiak_Radom_Slask_Wroclaw
2026-11-21,18:00,ROU,Dinamo Bucuresti,CFR Cluj,,,SCHEDULED,ROU_20261121_Dinamo_Bucuresti_CFR_Cluj
2026-11-21,18:00,ROU,Farul Constanta,FC Arges,,,SCHEDULED,ROU_20261121_Farul_Constanta_FC_Arges
2026-11-21,18:00,SWZ,Vaduz,Zurich,,,SCHEDULED,SWZ_20261121_Vaduz_Zurich
2026-11-21,18:00,T1,Alanyaspor,Erzurumspor,,,SCHEDULED,T1_20261121_Alanyaspor_Erzurumspor
2026-11-21,18:00,T1,Corum,Konyaspor,,,SCHEDULED,T1_20261121_Corum_Konyaspor
2026-11-21,18:00,T1,Goztep,Genclerbirligi,,,SCHEDULED,T1_20261121_Goztep_Genclerbirligi
2026-11-21,18:30,D1,Union Berlin,Paderborn,,,SCHEDULED,D1_20261121_Union_Berlin_Paderborn
2026-11-21,18:30,D2,Hannover,Osnabruck,,,SCHEDULED,D2_20261121_Hannover_Osnabruck
2026-11-21,18:30,SP1,Sociedad,Sevilla,,,SCHEDULED,SP1_20261121_Sociedad_Sevilla
2026-11-21,18:30,SP2,Valladolid,Oviedo,,,SCHEDULED,SP2_20261121_Valladolid_Oviedo
2026-11-21,19:30,ARG,Banfield,Sarmiento Junin,,,SCHEDULED,ARG_20261121_Banfield_Sarmiento_Junin
2026-11-21,19:30,ARG,Belgrano,San Lorenzo,,,SCHEDULED,ARG_20261121_Belgrano_San_Lorenzo
2026-11-21,19:30,ARG,Instituto,Estudiantes Rio Cuarto,,,SCHEDULED,ARG_20261121_Instituto_Estudiantes_Rio_Cuarto
2026-11-21,19:30,ARG,Lanus,Gimnasia L.P.,,,SCHEDULED,ARG_20261121_Lanus_Gimnasia_L_P
2026-11-21,19:30,ARG,Velez Sarsfield,Talleres Cordoba,,,SCHEDULED,ARG_20261121_Velez_Sarsfield_Talleres_Cordoba
2026-11-21,19:30,BRA,Atletico-MG,Sao Paulo,,,SCHEDULED,BRA_20261121_Atletico_MG_Sao_Paulo
2026-11-21,19:30,BRA,Cruzeiro,Remo,,,SCHEDULED,BRA_20261121_Cruzeiro_Remo
2026-11-21,19:30,BRA,Fluminense,Chapecoense-SC,,,SCHEDULED,BRA_20261121_Fluminense_Chapecoense_SC
2026-11-21,20:45,AUT,Wolfsberger AC,Ried,,,SCHEDULED,AUT_20261121_Wolfsberger_AC_Ried
2026-11-21,20:45,B1,Beveren,Oud-Heverlee Leuven,,,SCHEDULED,B1_20261121_Beveren_Oud_Heverlee_Leuven
2026-11-21,20:45,DNK,Randers FC,FC Copenhagen,,,SCHEDULED,DNK_20261121_Randers_FC_FC_Copenhagen
2026-11-21,20:45,G1,Aris,Panetolikos,,,SCHEDULED,G1_20261121_Aris_Panetolikos
2026-11-21,20:45,I1,Lecce,Milan,,,SCHEDULED,I1_20261121_Lecce_Milan
2026-11-21,20:45,I2,Virtus Entella,Padova,,,SCHEDULED,I2_20261121_Virtus_Entella_Padova
2026-11-21,20:45,N1,Go Ahead Eagles,Ajax,,,SCHEDULED,N1_20261121_Go_Ahead_Eagles_Ajax
2026-11-21,20:45,P1,Famalicao,Benfica,,,SCHEDULED,P1_20261121_Famalicao_Benfica
2026-11-21,20:45,POL,Motor Lublin,Widzew Lodz,,,SCHEDULED,POL_20261121_Motor_Lublin_Widzew_Lodz
2026-11-21,20:45,ROU,Petrolul,Univ. Craiova,,,SCHEDULED,ROU_20261121_Petrolul_Univ_Craiova
2026-11-21,20:45,SWZ,Sion,Basel,,,SCHEDULED,SWZ_20261121_Sion_Basel
2026-11-21,20:45,T1,Samsunspor,Buyuksehyr,,,SCHEDULED,T1_20261121_Samsunspor_Buyuksehyr
2026-11-21,21:00,ARG,Huracan,Barracas Central,,,SCHEDULED,ARG_20261121_Huracan_Barracas_Central
2026-11-21,21:00,ARG,Union de Santa Fe,Dep. Riestra,,,SCHEDULED,ARG_20261121_Union_de_Santa_Fe_Dep_Riestra
2026-11-21,21:00,BRA,Internacional,Palmeiras,,,SCHEDULED,BRA_20261121_Internacional_Palmeiras
2026-11-21,21:00,BRA,Vitoria,Gremio,,,SCHEDULED,BRA_20261121_Vitoria_Gremio
2026-11-21,21:00,F1,Lille,Nice,,,SCHEDULED,F1_20261121_Lille_Nice
2026-11-21,21:00,F2,Red Star,Annecy,,,SCHEDULED,F2_20261121_Red_Star_Annecy
2026-11-21,21:00,SP1,Espanol,Vallecano,,,SCHEDULED,SP1_20261121_Espanol_Vallecano
2026-11-21,21:00,SP2,Mallorca,Cadiz,,,SCHEDULED,SP2_20261121_Mallorca_Cadiz
2026-11-22,12:30,I1,Juventus,Lazio,,,SCHEDULED,I1_20261122_Juventus_Lazio
2026-11-22,12:30,I2,Juve Stabia,Verona,,,SCHEDULED,I2_20261122_Juve_Stabia_Verona
2026-11-22,13:00,E1,Burnley,Blackburn,,,SCHEDULED,E1_20261122_Burnley_Blackburn
2026-11-22,14:00,CHN,Shanghai Port,Dalian Yingbo,,,SCHEDULED,CHN_20261122_Shanghai_Port_Dalian_Yingbo
2026-11-22,14:00,CHN,Tianjin Jinmen Tiger,Shenzhen Xinpengcheng,,,SCHEDULED,CHN_20261122_Tianjin_Jinmen_Tiger_Shenzhen_Xinpengcheng
2026-11-22,14:00,E0,Hull,Brighton,,,SCHEDULED,E0_20261122_Hull_Brighton
2026-11-22,14:00,E3,Port Vale,Newport County,,,SCHEDULED,E3_20261122_Port_Vale_Newport_County
2026-11-22,14:00,JPN,Chiba,Kawasaki Frontale,,,SCHEDULED,JPN_20261122_Chiba_Kawasaki_Frontale
2026-11-22,14:00,JPN,Machida,Mito,,,SCHEDULED,JPN_20261122_Machida_Mito
2026-11-22,14:00,JPN,Okayama,Gamba Osaka,,,SCHEDULED,JPN_20261122_Okayama_Gamba_Osaka
2026-11-22,14:00,SC0,Motherwell,Dundee United,,,SCHEDULED,SC0_20261122_Motherwell_Dundee_United
2026-11-22,14:00,SP1,Valencia,Alaves,,,SCHEDULED,SP1_20261122_Valencia_Alaves
2026-11-22,14:00,SP2,Castellon,Girona,,,SCHEDULED,SP2_20261122_Castellon_Girona
2026-11-22,14:30,AUT,Salzburg,Altach,,,SCHEDULED,AUT_20261122_Salzburg_Altach
2026-11-22,14:30,B1,RAAL La Louviere,Waregem,,,SCHEDULED,B1_20261122_RAAL_La_Louviere_Waregem
2026-11-22,14:30,B1,Standard,Kortrijk,,,SCHEDULED,B1_20261122_Standard_Kortrijk
2026-11-22,14:30,DNK,Brondby,Viborg,,,SCHEDULED,DNK_20261122_Brondby_Viborg
2026-11-22,14:30,G1,Olympiakos,Panathinaikos,,,SCHEDULED,G1_20261122_Olympiakos_Panathinaikos
2026-11-22,14:30,N1,Nijmegen,PSV Eindhoven,,,SCHEDULED,N1_20261122_Nijmegen_PSV_Eindhoven
2026-11-22,14:30,N1,Willem II,Sparta Rotterdam,,,SCHEDULED,N1_20261122_Willem_II_Sparta_Rotterdam
2026-11-22,14:30,P1,Estoril,Casa Pia,,,SCHEDULED,P1_20261122_Estoril_Casa_Pia
2026-11-22,14:30,P1,Porto,Arouca,,,SCHEDULED,P1_20261122_Porto_Arouca
2026-11-22,14:30,POL,Cracovia,Wisla,,,SCHEDULED,POL_20261122_Cracovia_Wisla
2026-11-22,14:30,POL,Jagiellonia,Wieczysta Krakow,,,SCHEDULED,POL_20261122_Jagiellonia_Wieczysta_Krakow
2026-11-22,14:30,ROU,Corvinul,FCSB,,,SCHEDULED,ROU_20261122_Corvinul_FCSB
2026-11-22,14:30,ROU,Sepsi Sf. Gheorghe,FC Botosani,,,SCHEDULED,ROU_20261122_Sepsi_Sf_Gheorghe_FC_Botosani
2026-11-22,14:30,SWZ,Grasshoppers,Lugano,,,SCHEDULED,SWZ_20261122_Grasshoppers_Lugano
2026-11-22,14:30,T1,Amedspor,Galatasaray,,,SCHEDULED,T1_20261122_Amedspor_Galatasaray
2026-11-22,14:30,T1,Trabzonspor,Rizespor,,,SCHEDULED,T1_20261122_Trabzonspor_Rizespor
2026-11-22,15:00,F1,Lyon,Lens,,,SCHEDULED,F1_20261122_Lyon_Lens
2026-11-22,15:00,F1,Marseille,Strasbourg,,,SCHEDULED,F1_20261122_Marseille_Strasbourg
2026-11-22,15:00,F1,Monaco,Auxerre,,,SCHEDULED,F1_20261122_Monaco_Auxerre
2026-11-22,15:00,F2,Dunkerque,Laval,,,SCHEDULED,F2_20261122_Dunkerque_Laval
2026-11-22,15:00,F2,Montpellier,Nancy,,,SCHEDULED,F2_20261122_Montpellier_Nancy
2026-11-22,15:00,F2,Pau FC,Guingamp,,,SCHEDULED,F2_20261122_Pau_FC_Guingamp
2026-11-22,15:00,I1,Atalanta,Cagliari,,,SCHEDULED,I1_20261122_Atalanta_Cagliari
2026-11-22,15:00,I2,Ascoli,Sudtirol,,,SCHEDULED,I2_20261122_Ascoli_Sudtirol
2026-11-22,15:00,NOR,Brann,KFUM Oslo,,,SCHEDULED,NOR_20261122_Brann_KFUM_Oslo
2026-11-22,15:00,NOR,Sandefjord,Aalesund,,,SCHEDULED,NOR_20261122_Sandefjord_Aalesund
2026-11-22,15:30,D1,Ein Frankfurt,M'gladbach,,,SCHEDULED,D1_20261122_Ein_Frankfurt_M_gladbach
2026-11-22,15:30,D2,Holstein Kiel,Bochum,,,SCHEDULED,D2_20261122_Holstein_Kiel_Bochum
2026-11-22,16:00,ARG,Estudiantes L.P.,River Plate,,,SCHEDULED,ARG_20261122_Estudiantes_L_P_River_Plate
2026-11-22,16:00,ARG,Gimnasia Mendoza,Central Cordoba,,,SCHEDULED,ARG_20261122_Gimnasia_Mendoza_Central_Cordoba
2026-11-22,16:00,BRA,Botafogo RJ,Bragantino,,,SCHEDULED,BRA_20261122_Botafogo_RJ_Bragantino
2026-11-22,16:00,BRA,Vasco,Coritiba,,,SCHEDULED,BRA_20261122_Vasco_Coritiba
2026-11-22,16:00,CHN,Chengdu Rongcheng,Chongqing Tonglianglong,,,SCHEDULED,CHN_20261122_Chengdu_Rongcheng_Chongqing_Tonglianglong
2026-11-22,16:00,JPN,Cerezo Osaka,Verdy,,,SCHEDULED,JPN_20261122_Cerezo_Osaka_Verdy
2026-11-22,16:00,JPN,Kashiwa Reysol,Vissel Kobe,,,SCHEDULED,JPN_20261122_Kashiwa_Reysol_Vissel_Kobe
2026-11-22,16:15,SP1,Ath Bilbao,Barcelona,,,SCHEDULED,SP1_20261122_Ath_Bilbao_Barcelona
2026-11-22,16:15,SP2,Eldense,Albacete,,,SCHEDULED,SP2_20261122_Eldense_Albacete
2026-11-22,16:30,AUT,Grazer AK,Sturm Graz,,,SCHEDULED,AUT_20261122_Grazer_AK_Sturm_Graz
2026-11-22,16:30,B1,St Truiden,Cercle Brugge,,,SCHEDULED,B1_20261122_St_Truiden_Cercle_Brugge
2026-11-22,16:30,DNK,Aarhus,Midtjylland,,,SCHEDULED,DNK_20261122_Aarhus_Midtjylland
2026-11-22,16:30,E0,Liverpool,Man United,,,SCHEDULED,E0_20261122_Liverpool_Man_United
2026-11-22,16:30,E3,Cheltenham,Rotherham,,,SCHEDULED,E3_20261122_Cheltenham_Rotherham
2026-11-22,16:30,G1,Atromitos,Kifisia,,,SCHEDULED,G1_20261122_Atromitos_Kifisia
2026-11-22,16:30,N1,Excelsior,Feyenoord,,,SCHEDULED,N1_20261122_Excelsior_Feyenoord
2026-11-22,16:30,P1,Estrela,Nacional,,,SCHEDULED,P1_20261122_Estrela_Nacional
2026-11-22,16:30,POL,Legia,Wisla Plock,,,SCHEDULED,POL_20261122_Legia_Wisla_Plock
2026-11-22,16:30,ROU,Csikszereda M. Ciuc,U. Cluj,,,SCHEDULED,ROU_20261122_Csikszereda_M_Ciuc_U_Cluj
2026-11-22,16:30,SWZ,Young Boys,Servette,,,SCHEDULED,SWZ_20261122_Young_Boys_Servette
2026-11-22,16:30,T1,Kasimpasa,Eyupspor,,,SCHEDULED,T1_20261122_Kasimpasa_Eyupspor
2026-11-22,17:15,F1,Le Mans,Brest,,,SCHEDULED,F1_20261122_Le_Mans_Brest
2026-11-22,17:15,F2,Nantes,Sochaux,,,SCHEDULED,F2_20261122_Nantes_Sochaux
2026-11-22,17:30,D1,Leverkusen,Schalke 04,,,SCHEDULED,D1_20261122_Leverkusen_Schalke_04
2026-11-22,17:30,D2,Nurnberg,Heidenheim,,,SCHEDULED,D2_20261122_Nurnberg_Heidenheim
2026-11-22,17:30,NOR,Start,Fredrikstad,,,SCHEDULED,NOR_20261122_Start_Fredrikstad
2026-11-22,18:00,I1,Frosinone,Napoli,,,SCHEDULED,I1_20261122_Frosinone_Napoli
2026-11-22,18:00,I2,Mantova,Modena,,,SCHEDULED,I2_20261122_Mantova_Modena
2026-11-22,18:30,ARG,Aldosivi,Defensa y Justicia,,,SCHEDULED,ARG_20261122_Aldosivi_Defensa_y_Justicia
2026-11-22,18:30,ARG,Boca Juniors,Platense,,,SCHEDULED,ARG_20261122_Boca_Juniors_Platense
2026-11-22,18:30,AUT,A. Lustenau,Hartberg,,,SCHEDULED,AUT_20261122_A_Lustenau_Hartberg
2026-11-22,18:30,B1,Club Brugge,Mechelen,,,SCHEDULED,B1_20261122_Club_Brugge_Mechelen
2026-11-22,18:30,BRA,Flamengo RJ,Bahia,,,SCHEDULED,BRA_20261122_Flamengo_RJ_Bahia
2026-11-22,18:30,DNK,Nordsjaelland,Odense,,,SCHEDULED,DNK_20261122_Nordsjaelland_Odense
2026-11-22,18:30,G1,Volos NFC,AEK,,,SCHEDULED,G1_20261122_Volos_NFC_AEK
2026-11-22,18:30,N1,Den Haag,Zwolle,,,SCHEDULED,N1_20261122_Den_Haag_Zwolle
2026-11-22,18:30,P1,Alverca,Academico Viseu,,,SCHEDULED,P1_20261122_Alverca_Academico_Viseu
2026-11-22,18:30,POL,Rakow,Zaglebie,,,SCHEDULED,POL_20261122_Rakow_Zaglebie
2026-11-22,18:30,ROU,UTA Arad,Otelul,,,SCHEDULED,ROU_20261122_UTA_Arad_Otelul
2026-11-22,18:30,SP1,Malaga,Elche,,,SCHEDULED,SP1_20261122_Malaga_Elche
2026-11-22,18:30,SP2,Las Palmas,Cordoba,,,SCHEDULED,SP2_20261122_Las_Palmas_Cordoba
2026-11-22,18:30,SWZ,Luzern,Thun,,,SCHEDULED,SWZ_20261122_Luzern_Thun
2026-11-22,18:30,T1,Fenerbahce,Besiktas,,,SCHEDULED,T1_20261122_Fenerbahce_Besiktas
2026-11-22,20:45,F1,Rennes,Toulouse,,,SCHEDULED,F1_20261122_Rennes_Toulouse
2026-11-22,20:45,F2,Dijon,Boulogne,,,SCHEDULED,F2_20261122_Dijon_Boulogne
2026-11-22,20:45,I1,Genoa,Parma,,,SCHEDULED,I1_20261122_Genoa_Parma
2026-11-22,20:45,I2,Cesena,Cremonese,,,SCHEDULED,I2_20261122_Cesena_Cremonese
2026-11-22,21:00,ARG,Independiente,Rosario Central,,,SCHEDULED,ARG_20261122_Independiente_Rosario_Central
2026-11-22,21:00,ARG,Newells Old Boys,Ind. Rivadavia,,,SCHEDULED,ARG_20261122_Newells_Old_Boys_Ind_Rivadavia
2026-11-22,21:00,BRA,Corinthians,Santos,,,SCHEDULED,BRA_20261122_Corinthians_Santos
2026-11-22,21:00,SP1,Ath Madrid,La Coruna,,,SCHEDULED,SP1_20261122_Ath_Madrid_La_Coruna
2026-11-22,21:00,SP2,Almeria,Celta B,,,SCHEDULED,SP2_20261122_Almeria_Celta_B
2026-11-23,20:00,E0,Brentford,Everton,,,SCHEDULED,E0_20261123_Brentford_Everton
2026-11-24,20:45,E1,Bristol City,Wrexham,,,SCHEDULED,E1_20261124_Bristol_City_Wrexham
2026-11-24,20:45,E1,Cardiff,Preston,,,SCHEDULED,E1_20261124_Cardiff_Preston
2026-11-24,20:45,E1,Charlton,Lincoln,,,SCHEDULED,E1_20261124_Charlton_Lincoln
2026-11-24,20:45,E1,Middlesbrough,Swansea,,,SCHEDULED,E1_20261124_Middlesbrough_Swansea
2026-11-24,20:45,E1,Norwich,QPR,,,SCHEDULED,E1_20261124_Norwich_QPR
2026-11-24,20:45,E1,Portsmouth,West Ham,,,SCHEDULED,E1_20261124_Portsmouth_West_Ham
2026-11-24,20:45,E1,Sheffield United,Southampton,,,SCHEDULED,E1_20261124_Sheffield_United_Southampton
2026-11-24,21:00,E1,Wolves,Derby,,,SCHEDULED,E1_20261124_Wolves_Derby
2026-11-25,20:45,E1,Bolton,West Brom,,,SCHEDULED,E1_20261125_Bolton_West_Brom
2026-11-25,20:45,E1,Burnley,Birmingham,,,SCHEDULED,E1_20261125_Burnley_Birmingham
2026-11-25,20:45,E1,Watford,Blackburn,,,SCHEDULED,E1_20261125_Watford_Blackburn
2026-11-25,21:00,E1,Stoke,Millwall,,,SCHEDULED,E1_20261125_Stoke_Millwall
2026-11-26,21:00,E2,Doncaster,Huddersfield,,,SCHEDULED,E2_20261126_Doncaster_Huddersfield
2026-11-27,20:00,AUT,A. Lustenau,SK Rapid,,,SCHEDULED,AUT_20261127_A_Lustenau_SK_Rapid
2026-11-27,20:00,B1,Club Brugge,Westerlo,,,SCHEDULED,B1_20261127_Club_Brugge_Westerlo
2026-11-27,20:00,DNK,Nordsjaelland,Silkeborg,,,SCHEDULED,DNK_20261127_Nordsjaelland_Silkeborg
2026-11-27,20:00,E0,Nott'm Forest,Chelsea,,,SCHEDULED,E0_20261127_Nott_m_Forest_Chelsea
2026-11-27,20:00,E3,Shrewsbury,Rotherham,,,SCHEDULED,E3_20261127_Shrewsbury_Rotherham
2026-11-27,20:00,G1,Volos NFC,Iraklis,,,SCHEDULED,G1_20261127_Volos_NFC_Iraklis
2026-11-27,20:00,N1,Den Haag,Utrecht,,,SCHEDULED,N1_20261127_Den_Haag_Utrecht
2026-11-27,20:00,P1,Alverca,Moreirense,,,SCHEDULED,P1_20261127_Alverca_Moreirense
2026-11-27,20:00,POL,Rakow,Slask Wroclaw,,,SCHEDULED,POL_20261127_Rakow_Slask_Wroclaw
2026-11-27,20:00,ROU,Farul Constanta,Otelul,,,SCHEDULED,ROU_20261127_Farul_Constanta_Otelul
2026-11-27,20:00,SWZ,Luzern,Lausanne,,,SCHEDULED,SWZ_20261127_Luzern_Lausanne
2026-11-27,20:00,T1,Corum,Besiktas,,,SCHEDULED,T1_20261127_Corum_Besiktas
2026-11-27,20:30,D1,FC Koln,Schalke 04,,,SCHEDULED,D1_20261127_FC_Koln_Schalke_04
2026-11-27,20:30,D2,Nurnberg,Bielefeld,,,SCHEDULED,D2_20261127_Nurnberg_Bielefeld
2026-11-27,20:45,F1,Rennes,Strasbourg,,,SCHEDULED,F1_20261127_Rennes_Strasbourg
2026-11-27,20:45,F2,Dijon,Laval,,,SCHEDULED,F2_20261127_Dijon_Laval
2026-11-27,20:45,I1,Udinese,Parma,,,SCHEDULED,I1_20261127_Udinese_Parma
2026-11-27,20:45,I2,Pisa,Cremonese,,,SCHEDULED,I2_20261127_Pisa_Cremonese
2026-11-27,21:00,BRA,Corinthians,Chapecoense-SC,,,SCHEDULED,BRA_20261127_Corinthians_Chapecoense_SC
2026-11-27,21:00,E1,Southampton,Middlesbrough,,,SCHEDULED,E1_20261127_Southampton_Middlesbrough
2026-11-27,21:00,SP1,Ath Madrid,Santander,,,SCHEDULED,SP1_20261127_Ath_Madrid_Santander
2026-11-27,21:00,SP2,Sociedad B,Celta B,,,SCHEDULED,SP2_20261127_Sociedad_B_Celta_B
2026-11-28,13:30,E1,Blackburn,Charlton,,,SCHEDULED,E1_20261128_Blackburn_Charlton
2026-11-28,13:30,E1,Lincoln,Wolves,,,SCHEDULED,E1_20261128_Lincoln_Wolves
2026-11-28,13:30,E1,Preston,Norwich,,,SCHEDULED,E1_20261128_Preston_Norwich
2026-11-28,13:30,E2,Milton Keynes Dons,Notts County,,,SCHEDULED,E2_20261128_Milton_Keynes_Dons_Notts_County
2026-11-28,13:30,E2,Peterboro,Cambridge,,,SCHEDULED,E2_20261128_Peterboro_Cambridge
2026-11-28,14:00,JPN,Kashiwa Reysol,Mito,,,SCHEDULED,JPN_20261128_Kashiwa_Reysol_Mito
2026-11-28,14:00,JPN,Machida,Sanfrecce Hiroshima,,,SCHEDULED,JPN_20261128_Machida_Sanfrecce_Hiroshima
2026-11-28,14:00,JPN,Shimizu S-Pulse,V-Varen Nagasaki,,,SCHEDULED,JPN_20261128_Shimizu_S_Pulse_V_Varen_Nagasaki
2026-11-28,14:00,SP1,Levante,Real Madrid,,,SCHEDULED,SP1_20261128_Levante_Real_Madrid
2026-11-28,14:00,SP1,Osasuna,Betis,,,SCHEDULED,SP1_20261128_Osasuna_Betis
2026-11-28,14:00,SP2,Granada,Leganes,,,SCHEDULED,SP2_20261128_Granada_Leganes
2026-11-28,14:00,SP2,Sabadell,Ceuta,,,SCHEDULED,SP2_20261128_Sabadell_Ceuta
2026-11-28,15:00,E0,Leeds,Coventry,,,SCHEDULED,E0_20261128_Leeds_Coventry
2026-11-28,15:00,E0,Man United,Brentford,,,SCHEDULED,E0_20261128_Man_United_Brentford
2026-11-28,15:00,E3,Accrington,Salford,,,SCHEDULED,E3_20261128_Accrington_Salford
2026-11-28,15:00,E3,Barnet,Northampton,,,SCHEDULED,E3_20261128_Barnet_Northampton
2026-11-28,15:00,E3,Chesterfield,Gillingham,,,SCHEDULED,E3_20261128_Chesterfield_Gillingham
2026-11-28,15:00,E3,Crawley Town,Tranmere,,,SCHEDULED,E3_20261128_Crawley_Town_Tranmere
2026-11-28,15:00,E3,Fleetwood Town,Colchester,,,SCHEDULED,E3_20261128_Fleetwood_Town_Colchester
2026-11-28,15:00,E3,Grimsby,Crewe,,,SCHEDULED,E3_20261128_Grimsby_Crewe
2026-11-28,15:00,E3,Oldham,Exeter,,,SCHEDULED,E3_20261128_Oldham_Exeter
2026-11-28,15:00,E3,Port Vale,York,,,SCHEDULED,E3_20261128_Port_Vale_York
2026-11-28,15:00,I1,Bologna,Sassuolo,,,SCHEDULED,I1_20261128_Bologna_Sassuolo
2026-11-28,15:00,I1,Como,Inter,,,SCHEDULED,I1_20261128_Como_Inter
2026-11-28,15:00,I2,Avellino,Catanzaro,,,SCHEDULED,I2_20261128_Avellino_Catanzaro
2026-11-28,15:00,I2,Empoli,Carrarese,,,SCHEDULED,I2_20261128_Empoli_Carrarese
2026-11-28,15:00,NOR,Brann,Molde,,,SCHEDULED,NOR_20261128_Brann_Molde
2026-11-28,15:00,NOR,Lillestrom,HamKam,,,SCHEDULED,NOR_20261128_Lillestrom_HamKam
2026-11-28,15:00,NOR,Start,KFUM Oslo,,,SCHEDULED,NOR_20261128_Start_KFUM_Oslo
2026-11-28,15:00,SC0,Aberdeen,Hibernian,,,SCHEDULED,SC0_20261128_Aberdeen_Hibernian
2026-11-28,15:00,SC0,Celtic,Dundee United,,,SCHEDULED,SC0_20261128_Celtic_Dundee_United
2026-11-28,15:00,SC0,Dundee,St Johnstone,,,SCHEDULED,SC0_20261128_Dundee_St_Johnstone
2026-11-28,15:00,SC0,Falkirk,Hearts,,,SCHEDULED,SC0_20261128_Falkirk_Hearts
2026-11-28,15:30,D1,Hoffenheim,Hamburg,,,SCHEDULED,D1_20261128_Hoffenheim_Hamburg
2026-11-28,15:30,D1,Mainz,Bayern Munich,,,SCHEDULED,D1_20261128_Mainz_Bayern_Munich
2026-11-28,15:30,D1,Stuttgart,RB Leipzig,,,SCHEDULED,D1_20261128_Stuttgart_RB_Leipzig
2026-11-28,15:30,D1,Union Berlin,Dortmund,,,SCHEDULED,D1_20261128_Union_Berlin_Dortmund
2026-11-28,15:30,D1,Werder Bremen,Freiburg,,,SCHEDULED,D1_20261128_Werder_Bremen_Freiburg
2026-11-28,15:30,D2,Darmstadt,Osnabruck,,,SCHEDULED,D2_20261128_Darmstadt_Osnabruck
2026-11-28,15:30,D2,Greuther Furth,Hertha,,,SCHEDULED,D2_20261128_Greuther_Furth_Hertha
2026-11-28,15:30,D2,Karlsruhe,Cottbus,,,SCHEDULED,D2_20261128_Karlsruhe_Cottbus
2026-11-28,15:30,D2,Magdeburg,Braunschweig,,,SCHEDULED,D2_20261128_Magdeburg_Braunschweig
2026-11-28,15:30,D2,St Pauli,Wolfsburg,,,SCHEDULED,D2_20261128_St_Pauli_Wolfsburg
2026-11-28,16:00,E1,Birmingham,Bolton,,,SCHEDULED,E1_20261128_Birmingham_Bolton
2026-11-28,16:00,E1,Derby,Watford,,,SCHEDULED,E1_20261128_Derby_Watford
2026-11-28,16:00,E1,Millwall,Burnley,,,SCHEDULED,E1_20261128_Millwall_Burnley
2026-11-28,16:00,E1,QPR,Sheffield United,,,SCHEDULED,E1_20261128_QPR_Sheffield_United
2026-11-28,16:00,E1,West Brom,Bristol City,,,SCHEDULED,E1_20261128_West_Brom_Bristol_City
2026-11-28,16:00,E1,West Ham,Stoke,,,SCHEDULED,E1_20261128_West_Ham_Stoke
2026-11-28,16:00,E1,Wrexham,Portsmouth,,,SCHEDULED,E1_20261128_Wrexham_Portsmouth
2026-11-28,16:00,E2,AFC Wimbledon,Barnsley,,,SCHEDULED,E2_20261128_AFC_Wimbledon_Barnsley
2026-11-28,16:00,E2,Bromley,Burton,,,SCHEDULED,E2_20261128_Bromley_Burton
2026-11-28,16:00,E2,Leicester,Mansfield,,,SCHEDULED,E2_20261128_Leicester_Mansfield
2026-11-28,16:00,E2,Luton,Oxford,,,SCHEDULED,E2_20261128_Luton_Oxford
2026-11-28,16:00,E2,Sheffield Weds,Reading,,,SCHEDULED,E2_20261128_Sheffield_Weds_Reading
2026-11-28,16:00,E2,Stevenage,Blackpool,,,SCHEDULED,E2_20261128_Stevenage_Blackpool
2026-11-28,16:00,E2,Stockport,Leyton Orient,,,SCHEDULED,E2_20261128_Stockport_Leyton_Orient
2026-11-28,16:00,E2,Wigan,Plymouth,,,SCHEDULED,E2_20261128_Wigan_Plymouth
2026-11-28,16:00,E2,Wycombe,Bradford,,,SCHEDULED,E2_20261128_Wycombe_Bradford
2026-11-28,16:00,JPN,Chiba,Kashima Antlers,,,SCHEDULED,JPN_20261128_Chiba_Kashima_Antlers
2026-11-28,16:00,JPN,Okayama,Urawa Reds,,,SCHEDULED,JPN_20261128_Okayama_Urawa_Reds
2026-11-28,16:15,SP1,Sociedad,Villarreal,,,SCHEDULED,SP1_20261128_Sociedad_Villarreal
2026-11-28,16:15,SP2,Eibar,Tenerife,,,SCHEDULED,SP2_20261128_Eibar_Tenerife
2026-11-28,16:15,SP2,Sp Gijon,Oviedo,,,SCHEDULED,SP2_20261128_Sp_Gijon_Oviedo
2026-11-28,17:00,F1,Lille,Paris FC,,,SCHEDULED,F1_20261128_Lille_Paris_FC
2026-11-28,17:00,F1,Marseille,Auxerre,,,SCHEDULED,F1_20261128_Marseille_Auxerre
2026-11-28,17:00,F2,Dunkerque,Guingamp,,,SCHEDULED,F2_20261128_Dunkerque_Guingamp
2026-11-28,17:00,F2,Red Star,Metz,,,SCHEDULED,F2_20261128_Red_Star_Metz
2026-11-28,17:30,E0,Ipswich,Aston Villa,,,SCHEDULED,E0_20261128_Ipswich_Aston_Villa
2026-11-28,17:30,E3,Cheltenham,Newport County,,,SCHEDULED,E3_20261128_Cheltenham_Newport_County
2026-11-28,17:30,NOR,Sandefjord,Viking,,,SCHEDULED,NOR_20261128_Sandefjord_Viking
2026-11-28,17:30,NOR,Sarpsborg 08,Bodo/Glimt,,,SCHEDULED,NOR_20261128_Sarpsborg_08_Bodo_Glimt
2026-11-28,17:30,SC0,Motherwell,St Mirren,,,SCHEDULED,SC0_20261128_Motherwell_St_Mirren
2026-11-28,18:00,AUT,Wolfsberger AC,Tirol,,,SCHEDULED,AUT_20261128_Wolfsberger_AC_Tirol
2026-11-28,18:00,B1,Antwerp,Kortrijk,,,SCHEDULED,B1_20261128_Antwerp_Kortrijk
2026-11-28,18:00,B1,Beveren,Gent,,,SCHEDULED,B1_20261128_Beveren_Gent
2026-11-28,18:00,B1,Standard,Charleroi,,,SCHEDULED,B1_20261128_Standard_Charleroi
2026-11-28,18:00,DNK,Randers FC,Horsens,,,SCHEDULED,DNK_20261128_Randers_FC_Horsens
2026-11-28,18:00,G1,Aris,PAOK,,,SCHEDULED,G1_20261128_Aris_PAOK
2026-11-28,18:00,G1,OFI Crete,Asteras Tripolis,,,SCHEDULED,G1_20261128_OFI_Crete_Asteras_Tripolis
2026-11-28,18:00,I1,Lecce,Roma,,,SCHEDULED,I1_20261128_Lecce_Roma
2026-11-28,18:00,I1,Venezia,Fiorentina,,,SCHEDULED,I1_20261128_Venezia_Fiorentina
2026-11-28,18:00,I2,Sampdoria,Palermo,,,SCHEDULED,I2_20261128_Sampdoria_Palermo
2026-11-28,18:00,I2,Virtus Entella,Benevento,,,SCHEDULED,I2_20261128_Virtus_Entella_Benevento
2026-11-28,18:00,N1,Go Ahead Eagles,Cambuur,,,SCHEDULED,N1_20261128_Go_Ahead_Eagles_Cambuur
2026-11-28,18:00,N1,Heerenveen,Sparta Rotterdam,,,SCHEDULED,N1_20261128_Heerenveen_Sparta_Rotterdam
2026-11-28,18:00,N1,Willem II,AZ Alkmaar,,,SCHEDULED,N1_20261128_Willem_II_AZ_Alkmaar
2026-11-28,18:00,P1,Famalicao,Sp Braga,,,SCHEDULED,P1_20261128_Famalicao_Sp_Braga
2026-11-28,18:00,P1,Gil Vicente,Arouca,,,SCHEDULED,P1_20261128_Gil_Vicente_Arouca
2026-11-28,18:00,P1,Porto,Guimaraes,,,SCHEDULED,P1_20261128_Porto_Guimaraes
2026-11-28,18:00,POL,Gornik Zabrze,Wieczysta Krakow,,,SCHEDULED,POL_20261128_Gornik_Zabrze_Wieczysta_Krakow
2026-11-28,18:00,POL,Jagiellonia,GKS Katowice,,,SCHEDULED,POL_20261128_Jagiellonia_GKS_Katowice
2026-11-28,18:00,POL,Motor Lublin,Piast Gliwice,,,SCHEDULED,POL_20261128_Motor_Lublin_Piast_Gliwice
2026-11-28,18:00,ROU,CFR Cluj,Univ. Craiova,,,SCHEDULED,ROU_20261128_CFR_Cluj_Univ_Craiova
2026-11-28,18:00,ROU,FC Rapid Bucuresti,FCSB,,,SCHEDULED,ROU_20261128_FC_Rapid_Bucuresti_FCSB
2026-11-28,18:00,SWZ,Sion,Vaduz,,,SCHEDULED,SWZ_20261128_Sion_Vaduz
2026-11-28,18:00,T1,Gaziantep,Rizespor,,,SCHEDULED,T1_20261128_Gaziantep_Rizespor
2026-11-28,18:00,T1,Genclerbirligi,Buyuksehyr,,,SCHEDULED,T1_20261128_Genclerbirligi_Buyuksehyr
2026-11-28,18:00,T1,Trabzonspor,Erzurumspor,,,SCHEDULED,T1_20261128_Trabzonspor_Erzurumspor
2026-11-28,18:30,D1,Elversberg,M'gladbach,,,SCHEDULED,D1_20261128_Elversberg_M_gladbach
2026-11-28,18:30,D2,Holstein Kiel,Kaiserslautern,,,SCHEDULED,D2_20261128_Holstein_Kiel_Kaiserslautern
2026-11-28,18:30,SP1,Celta,Vallecano,,,SCHEDULED,SP1_20261128_Celta_Vallecano
2026-11-28,18:30,SP2,Mallorca,Burgos,,,SCHEDULED,SP2_20261128_Mallorca_Burgos
2026-11-28,19:30,BRA,Flamengo RJ,Santos,,,SCHEDULED,BRA_20261128_Flamengo_RJ_Santos
2026-11-28,19:30,BRA,Internacional,Athletico-PR,,,SCHEDULED,BRA_20261128_Internacional_Athletico_PR
2026-11-28,19:30,BRA,Remo,Gremio,,,SCHEDULED,BRA_20261128_Remo_Gremio
2026-11-28,20:45,AUT,Austria Vienna,Altach,,,SCHEDULED,AUT_20261128_Austria_Vienna_Altach
2026-11-28,20:45,B1,Anderlecht,Waregem,,,SCHEDULED,B1_20261128_Anderlecht_Waregem
2026-11-28,20:45,DNK,Lyngby,Viborg,,,SCHEDULED,DNK_20261128_Lyngby_Viborg
2026-11-28,20:45,G1,Kalamata,Panathinaikos,,,SCHEDULED,G1_20261128_Kalamata_Panathinaikos
2026-11-28,20:45,I1,Monza,Lazio,,,SCHEDULED,I1_20261128_Monza_Lazio
2026-11-28,20:45,I2,Arezzo,Verona,,,SCHEDULED,I2_20261128_Arezzo_Verona
2026-11-28,20:45,N1,Twente,PSV Eindhoven,,,SCHEDULED,N1_20261128_Twente_PSV_Eindhoven
2026-11-28,20:45,P1,Rio Ave,Casa Pia,,,SCHEDULED,P1_20261128_Rio_Ave_Casa_Pia
2026-11-28,20:45,POL,Korona Kielce,Wisla,,,SCHEDULED,POL_20261128_Korona_Kielce_Wisla
2026-11-28,20:45,ROU,Sepsi Sf. Gheorghe,Dinamo Bucuresti,,,SCHEDULED,ROU_20261128_Sepsi_Sf_Gheorghe_Dinamo_Bucuresti
2026-11-28,20:45,SWZ,Zurich,Lugano,,,SCHEDULED,SWZ_20261128_Zurich_Lugano
2026-11-28,20:45,T1,Amedspor,Goztep,,,SCHEDULED,T1_20261128_Amedspor_Goztep
2026-11-28,21:00,BRA,Botafogo RJ,Cruzeiro,,,SCHEDULED,BRA_20261128_Botafogo_RJ_Cruzeiro
2026-11-28,21:00,BRA,Fluminense,Coritiba,,,SCHEDULED,BRA_20261128_Fluminense_Coritiba
2026-11-28,21:00,F1,Angers,Lens,,,SCHEDULED,F1_20261128_Angers_Lens
2026-11-28,21:00,F2,Clermont,Nancy,,,SCHEDULED,F2_20261128_Clermont_Nancy
2026-11-28,21:00,SP1,Valencia,Sevilla,,,SCHEDULED,SP1_20261128_Valencia_Sevilla
2026-11-28,21:00,SP2,Valladolid,Girona,,,SCHEDULED,SP2_20261128_Valladolid_Girona
2026-11-29,12:00,E0,Everton,Liverpool,,,SCHEDULED,E0_20261129_Everton_Liverpool
2026-11-29,12:30,I1,Atalanta,Milan,,,SCHEDULED,I1_20261129_Atalanta_Milan
2026-11-29,12:30,I2,Ascoli,Padova,,,SCHEDULED,I2_20261129_Ascoli_Padova
2026-11-29,13:00,E1,Swansea,Cardiff,,,SCHEDULED,E1_20261129_Swansea_Cardiff
2026-11-29,14:00,E3,Rochdale,Bristol Rvs,,,SCHEDULED,E3_20261129_Rochdale_Bristol_Rvs
2026-11-29,14:00,JPN,Avispa Fukuoka,Yokohama F. Marinos,,,SCHEDULED,JPN_20261129_Avispa_Fukuoka_Yokohama_F_Marinos
2026-11-29,14:00,JPN,FC Tokyo,Verdy,,,SCHEDULED,JPN_20261129_FC_Tokyo_Verdy
2026-11-29,14:00,JPN,Kyoto,Vissel Kobe,,,SCHEDULED,JPN_20261129_Kyoto_Vissel_Kobe
2026-11-29,14:00,SC0,Rangers,Kilmarnock,,,SCHEDULED,SC0_20261129_Rangers_Kilmarnock
2026-11-29,14:00,SP1,Espanol,Barcelona,,,SCHEDULED,SP1_20261129_Espanol_Barcelona
2026-11-29,14:00,SP2,Eldense,Cadiz,,,SCHEDULED,SP2_20261129_Eldense_Cadiz
2026-11-29,14:05,E0,Brighton,Newcastle,,,SCHEDULED,E0_20261129_Brighton_Newcastle
2026-11-29,14:05,E0,Crystal Palace,Hull,,,SCHEDULED,E0_20261129_Crystal_Palace_Hull
2026-11-29,14:05,E0,Fulham,Bournemouth,,,SCHEDULED,E0_20261129_Fulham_Bournemouth
2026-11-29,14:05,E0,Sunderland,Tottenham,,,SCHEDULED,E0_20261129_Sunderland_Tottenham
2026-11-29,14:30,AUT,Grazer AK,Ried,,,SCHEDULED,AUT_20261129_Grazer_AK_Ried
2026-11-29,14:30,B1,St Truiden,Oud-Heverlee Leuven,,,SCHEDULED,B1_20261129_St_Truiden_Oud_Heverlee_Leuven
2026-11-29,14:30,B1,St. Gilloise,Lommel SK,,,SCHEDULED,B1_20261129_St_Gilloise_Lommel_SK
2026-11-29,14:30,DNK,Aarhus,FC Copenhagen,,,SCHEDULED,DNK_20261129_Aarhus_FC_Copenhagen
2026-11-29,14:30,G1,Atromitos,Panetolikos,,,SCHEDULED,G1_20261129_Atromitos_Panetolikos
2026-11-29,14:30,N1,Excelsior,Ajax,,,SCHEDULED,N1_20261129_Excelsior_Ajax
2026-11-29,14:30,N1,Groningen,Telstar,,,SCHEDULED,N1_20261129_Groningen_Telstar
2026-11-29,14:30,P1,Estrela,Benfica,,,SCHEDULED,P1_20261129_Estrela_Benfica
2026-11-29,14:30,P1,Sp Lisbon,Santa Clara,,,SCHEDULED,P1_20261129_Sp_Lisbon_Santa_Clara
2026-11-29,14:30,POL,Legia,Widzew Lodz,,,SCHEDULED,POL_20261129_Legia_Widzew_Lodz
2026-11-29,14:30,POL,Radomiak Radom,Pogon Szczecin,,,SCHEDULED,POL_20261129_Radomiak_Radom_Pogon_Szczecin
2026-11-29,14:30,ROU,Corvinul,FC Arges,,,SCHEDULED,ROU_20261129_Corvinul_FC_Arges
2026-11-29,14:30,ROU,Petrolul,U. Cluj,,,SCHEDULED,ROU_20261129_Petrolul_U_Cluj
2026-11-29,14:30,SWZ,Young Boys,Basel,,,SCHEDULED,SWZ_20261129_Young_Boys_Basel
2026-11-29,14:30,T1,Alanyaspor,Konyaspor,,,SCHEDULED,T1_20261129_Alanyaspor_Konyaspor
2026-11-29,14:30,T1,Samsunspor,Eyupspor,,,SCHEDULED,T1_20261129_Samsunspor_Eyupspor
2026-11-29,15:00,F1,Le Mans,Nice,,,SCHEDULED,F1_20261129_Le_Mans_Nice
2026-11-29,15:00,F1,Monaco,Lorient,,,SCHEDULED,F1_20261129_Monaco_Lorient
2026-11-29,15:00,F1,Troyes,Paris SG,,,SCHEDULED,F1_20261129_Troyes_Paris_SG
2026-11-29,15:00,F2,Grenoble,St Etienne,,,SCHEDULED,F2_20261129_Grenoble_St_Etienne
2026-11-29,15:00,F2,Nantes,Annecy,,,SCHEDULED,F2_20261129_Nantes_Annecy
2026-11-29,15:00,F2,Pau FC,Rodez,,,SCHEDULED,F2_20261129_Pau_FC_Rodez
2026-11-29,15:00,I1,Juventus,Napoli,,,SCHEDULED,I1_20261129_Juventus_Napoli
2026-11-29,15:00,I2,Juve Stabia,Modena,,,SCHEDULED,I2_20261129_Juve_Stabia_Modena
2026-11-29,15:00,NOR,Kristiansund,Tromso,,,SCHEDULED,NOR_20261129_Kristiansund_Tromso
2026-11-29,15:00,NOR,Rosenborg,Fredrikstad,,,SCHEDULED,NOR_20261129_Rosenborg_Fredrikstad
2026-11-29,15:30,D1,Leverkusen,Paderborn,,,SCHEDULED,D1_20261129_Leverkusen_Paderborn
2026-11-29,15:30,D2,Hannover,Heidenheim,,,SCHEDULED,D2_20261129_Hannover_Heidenheim
2026-11-29,16:00,BRA,Vasco,Palmeiras,,,SCHEDULED,BRA_20261129_Vasco_Palmeiras
2026-11-29,16:00,BRA,Vitoria,Bahia,,,SCHEDULED,BRA_20261129_Vitoria_Bahia
2026-11-29,16:00,JPN,Cerezo Osaka,Kawasaki Frontale,,,SCHEDULED,JPN_20261129_Cerezo_Osaka_Kawasaki_Frontale
2026-11-29,16:00,JPN,Nagoya Grampus,Gamba Osaka,,,SCHEDULED,JPN_20261129_Nagoya_Grampus_Gamba_Osaka
2026-11-29,16:15,SP1,Malaga,Alaves,,,SCHEDULED,SP1_20261129_Malaga_Alaves
2026-11-29,16:15,SP2,Castellon,Cordoba,,,SCHEDULED,SP2_20261129_Castellon_Cordoba
2026-11-29,16:30,AUT,Salzburg,Hartberg,,,SCHEDULED,AUT_20261129_Salzburg_Hartberg
2026-11-29,16:30,B1,RAAL La Louviere,Mechelen,,,SCHEDULED,B1_20261129_RAAL_La_Louviere_Mechelen
2026-11-29,16:30,DNK,Brondby,Odense,,,SCHEDULED,DNK_20261129_Brondby_Odense
2026-11-29,16:30,E0,Arsenal,Man City,,,SCHEDULED,E0_20261129_Arsenal_Man_City
2026-11-29,16:30,E3,Swindon,Walsall,,,SCHEDULED,E3_20261129_Swindon_Walsall
2026-11-29,16:30,G1,Olympiakos,AEK,,,SCHEDULED,G1_20261129_Olympiakos_AEK
2026-11-29,16:30,N1,Nijmegen,Zwolle,,,SCHEDULED,N1_20261129_Nijmegen_Zwolle
2026-11-29,16:30,P1,Estoril,Academico Viseu,,,SCHEDULED,P1_20261129_Estoril_Academico_Viseu
2026-11-29,16:30,POL,Cracovia,Zaglebie,,,SCHEDULED,POL_20261129_Cracovia_Zaglebie
2026-11-29,16:30,ROU,UTA Arad,FC Botosani,,,SCHEDULED,ROU_20261129_UTA_Arad_FC_Botosani
2026-11-29,16:30,SWZ,Grasshoppers,Thun,,,SCHEDULED,SWZ_20261129_Grasshoppers_Thun
2026-11-29,16:30,T1,Fenerbahce,Galatasaray,,,SCHEDULED,T1_20261129_Fenerbahce_Galatasaray
2026-11-29,17:15,F1,Lyon,Toulouse,,,SCHEDULED,F1_20261129_Lyon_Toulouse
2026-11-29,17:15,F2,Montpellier,Boulogne,,,SCHEDULED,F2_20261129_Montpellier_Boulogne
2026-11-29,17:30,D1,Ein Frankfurt,Augsburg,,,SCHEDULED,D1_20261129_Ein_Frankfurt_Augsburg
2026-11-29,17:30,D2,Dresden,Bochum,,,SCHEDULED,D2_20261129_Dresden_Bochum
2026-11-29,17:30,NOR,Valerenga,Aalesund,,,SCHEDULED,NOR_20261129_Valerenga_Aalesund
2026-11-29,18:00,I1,Genoa,Cagliari,,,SCHEDULED,I1_20261129_Genoa_Cagliari
2026-11-29,18:00,I2,Cesena,Sudtirol,,,SCHEDULED,I2_20261129_Cesena_Sudtirol
2026-11-29,18:30,AUT,LASK,Sturm Graz,,,SCHEDULED,AUT_20261129_LASK_Sturm_Graz
2026-11-29,18:30,B1,Genk,Cercle Brugge,,,SCHEDULED,B1_20261129_Genk_Cercle_Brugge
2026-11-29,18:30,BRA,Atletico-MG,Bragantino,,,SCHEDULED,BRA_20261129_Atletico_MG_Bragantino
2026-11-29,18:30,DNK,Sonderjyske,Midtjylland,,,SCHEDULED,DNK_20261129_Sonderjyske_Midtjylland
2026-11-29,18:30,G1,Levadeiakos,Kifisia,,,SCHEDULED,G1_20261129_Levadeiakos_Kifisia
2026-11-29,18:30,N1,For Sittard,Feyenoord,,,SCHEDULED,N1_20261129_For_Sittard_Feyenoord
2026-11-29,18:30,P1,Maritimo,Nacional,,,SCHEDULED,P1_20261129_Maritimo_Nacional
2026-11-29,18:30,POL,Lech Poznan,Wisla Plock,,,SCHEDULED,POL_20261129_Lech_Poznan_Wisla_Plock
2026-11-29,18:30,ROU,Csikszereda M. Ciuc,FC Voluntari,,,SCHEDULED,ROU_20261129_Csikszereda_M_Ciuc_FC_Voluntari
2026-11-29,18:30,SP1,Ath Bilbao,La Coruna,,,SCHEDULED,SP1_20261129_Ath_Bilbao_La_Coruna
2026-11-29,18:30,SP2,Almeria,Albacete,,,SCHEDULED,SP2_20261129_Almeria_Albacete
2026-11-29,18:30,SWZ,St. Gallen,Servette,,,SCHEDULED,SWZ_20261129_St_Gallen_Servette
2026-11-29,18:30,T1,Kasimpasa,Kocaelispor,,,SCHEDULED,T1_20261129_Kasimpasa_Kocaelispor
2026-11-29,20:45,F1,Le Havre,Brest,,,SCHEDULED,F1_20261129_Le_Havre_Brest
2026-11-29,20:45,F2,Reims,Sochaux,,,SCHEDULED,F2_20261129_Reims_Sochaux
2026-11-29,20:45,I1,Frosinone,Torino,,,SCHEDULED,I1_20261129_Frosinone_Torino
2026-11-29,20:45,I2,Mantova,Vicenza,,,SCHEDULED,I2_20261129_Mantova_Vicenza
2026-11-29,21:00,BRA,Mirassol,Sao Paulo,,,SCHEDULED,BRA_20261129_Mirassol_Sao_Paulo
2026-11-29,21:00,SP1,Getafe,Elche,,,SCHEDULED,SP1_20261129_Getafe_Elche
2026-11-29,21:00,SP2,Las Palmas,Andorra,,,SCHEDULED,SP2_20261129_Las_Palmas_Andorra
2026-12-01,19:45,E3,Accrington,Crewe,,,SCHEDULED,E3_20261201_Accrington_Crewe
2026-12-01,19:45,E3,Barnet,Fleetwood Town,,,SCHEDULED,E3_20261201_Barnet_Fleetwood_Town
2026-12-01,19:45,E3,Cheltenham,York,,,SCHEDULED,E3_20261201_Cheltenham_York
2026-12-01,19:45,E3,Chesterfield,Bristol Rvs,,,SCHEDULED,E3_20261201_Chesterfield_Bristol_Rvs
2026-12-01,19:45,E3,Colchester,Gillingham,,,SCHEDULED,E3_20261201_Colchester_Gillingham
2026-12-01,19:45,E3,Crawley Town,Salford,,,SCHEDULED,E3_20261201_Crawley_Town_Salford
2026-12-01,19:45,E3,Grimsby,Rotherham,,,SCHEDULED,E3_20261201_Grimsby_Rotherham
2026-12-01,19:45,E3,Oldham,Tranmere,,,SCHEDULED,E3_20261201_Oldham_Tranmere
2026-12-01,19:45,E3,Port Vale,Northampton,,,SCHEDULED,E3_20261201_Port_Vale_Northampton
2026-12-01,19:45,E3,Rochdale,Walsall,,,SCHEDULED,E3_20261201_Rochdale_Walsall
2026-12-01,19:45,E3,Shrewsbury,Newport County,,,SCHEDULED,E3_20261201_Shrewsbury_Newport_County
2026-12-01,19:45,E3,Swindon,Exeter,,,SCHEDULED,E3_20261201_Swindon_Exeter
2026-12-01,20:45,E2,Barnsley,Wycombe,,,SCHEDULED,E2_20261201_Barnsley_Wycombe
2026-12-01,20:45,E2,Blackpool,Luton,,,SCHEDULED,E2_20261201_Blackpool_Luton
2026-12-01,20:45,E2,Bradford,Milton Keynes Dons,,,SCHEDULED,E2_20261201_Bradford_Milton_Keynes_Dons
2026-12-01,20:45,E2,Burton,Wigan,,,SCHEDULED,E2_20261201_Burton_Wigan
2026-12-01,20:45,E2,Cambridge,Leicester,,,SCHEDULED,E2_20261201_Cambridge_Leicester
2026-12-01,20:45,E2,Huddersfield,Stevenage,,,SCHEDULED,E2_20261201_Huddersfield_Stevenage
2026-12-01,20:45,E2,Leyton Orient,Peterboro,,,SCHEDULED,E2_20261201_Leyton_Orient_Peterboro
2026-12-01,20:45,E2,Mansfield,Stockport,,,SCHEDULED,E2_20261201_Mansfield_Stockport
2026-12-01,20:45,E2,Notts County,AFC Wimbledon,,,SCHEDULED,E2_20261201_Notts_County_AFC_Wimbledon
2026-12-01,20:45,E2,Oxford,Sheffield Weds,,,SCHEDULED,E2_20261201_Oxford_Sheffield_Weds
2026-12-01,20:45,E2,Plymouth,Bromley,,,SCHEDULED,E2_20261201_Plymouth_Bromley
2026-12-01,21:00,E2,Reading,Doncaster,,,SCHEDULED,E2_20261201_Reading_Doncaster
2026-12-02,20:00,E0,Aston Villa,Everton,,,SCHEDULED,E0_20261202_Aston_Villa_Everton
2026-12-02,20:00,E0,Bournemouth,Brighton,,,SCHEDULED,E0_20261202_Bournemouth_Brighton
2026-12-02,20:00,E0,Brentford,Arsenal,,,SCHEDULED,E0_20261202_Brentford_Arsenal
2026-12-02,20:00,E0,Chelsea,Crystal Palace,,,SCHEDULED,E0_20261202_Chelsea_Crystal_Palace
2026-12-02,20:00,E0,Coventry,Ipswich,,,SCHEDULED,E0_20261202_Coventry_Ipswich
2026-12-02,20:00,E0,Hull,Nott'm Forest,,,SCHEDULED,E0_20261202_Hull_Nott_m_Forest
2026-12-02,20:00,E0,Liverpool,Sunderland,,,SCHEDULED,E0_20261202_Liverpool_Sunderland
2026-12-02,20:00,E0,Man City,Leeds,,,SCHEDULED,E0_20261202_Man_City_Leeds
2026-12-02,20:00,E0,Newcastle,Man United,,,SCHEDULED,E0_20261202_Newcastle_Man_United
2026-12-02,20:00,E0,Tottenham,Fulham,,,SCHEDULED,E0_20261202_Tottenham_Fulham
2026-12-04,20:00,AUT,A. Lustenau,Sturm Graz,,,SCHEDULED,AUT_20261204_A_Lustenau_Sturm_Graz
2026-12-04,20:00,B1,Standard,Cercle Brugge,,,SCHEDULED,B1_20261204_Standard_Cercle_Brugge
2026-12-04,20:00,DNK,Nordsjaelland,Midtjylland,,,SCHEDULED,DNK_20261204_Nordsjaelland_Midtjylland
2026-12-04,20:00,E3,Grimsby,Newport County,,,SCHEDULED,E3_20261204_Grimsby_Newport_County
2026-12-04,20:00,G1,OFI Crete,Kifisia,,,SCHEDULED,G1_20261204_OFI_Crete_Kifisia
2026-12-04,20:00,N1,Willem II,Feyenoord,,,SCHEDULED,N1_20261204_Willem_II_Feyenoord
2026-12-04,20:00,P1,Porto,Nacional,,,SCHEDULED,P1_20261204_Porto_Nacional
2026-12-04,20:00,POL,Jagiellonia,Wisla Plock,,,SCHEDULED,POL_20261204_Jagiellonia_Wisla_Plock
2026-12-04,20:00,ROU,Csikszereda M. Ciuc,FCSB,,,SCHEDULED,ROU_20261204_Csikszereda_M_Ciuc_FCSB
2026-12-04,20:00,SWZ,Luzern,Servette,,,SCHEDULED,SWZ_20261204_Luzern_Servette
2026-12-04,20:00,T1,Kasimpasa,Rizespor,,,SCHEDULED,T1_20261204_Kasimpasa_Rizespor
2026-12-04,20:30,D1,Ein Frankfurt,Schalke 04,,,SCHEDULED,D1_20261204_Ein_Frankfurt_Schalke_04
2026-12-04,20:30,D2,Nurnberg,Bochum,,,SCHEDULED,D2_20261204_Nurnberg_Bochum
2026-12-04,20:45,F1,Troyes,Brest,,,SCHEDULED,F1_20261204_Troyes_Brest
2026-12-04,20:45,F2,Grenoble,Sochaux,,,SCHEDULED,F2_20261204_Grenoble_Sochaux
2026-12-04,20:45,I1,Frosinone,Sassuolo,,,SCHEDULED,I1_20261204_Frosinone_Sassuolo
2026-12-04,20:45,I2,Mantova,Catanzaro,,,SCHEDULED,I2_20261204_Mantova_Catanzaro
2026-12-04,21:00,BRA,Internacional,Sao Paulo,,,SCHEDULED,BRA_20261204_Internacional_Sao_Paulo
2026-12-04,21:00,E1,Sheffield United,West Ham,,,SCHEDULED,E1_20261204_Sheffield_United_West_Ham
2026-12-04,21:00,SP1,Osasuna,Elche,,,SCHEDULED,SP1_20261204_Osasuna_Elche
2026-12-04,21:00,SP2,Las Palmas,Ceuta,,,SCHEDULED,SP2_20261204_Las_Palmas_Ceuta
2026-12-05,13:30,E1,Bolton,Blackburn,,,SCHEDULED,E1_20261205_Bolton_Blackburn
2026-12-05,13:30,E1,Bristol City,Swansea,,,SCHEDULED,E1_20261205_Bristol_City_Swansea
2026-12-05,13:30,E1,Middlesbrough,Derby,,,SCHEDULED,E1_20261205_Middlesbrough_Derby
2026-12-05,13:30,E1,Watford,Millwall,,,SCHEDULED,E1_20261205_Watford_Millwall
2026-12-05,14:00,JPN,Avispa Fukuoka,Gamba Osaka,,,SCHEDULED,JPN_20261205_Avispa_Fukuoka_Gamba_Osaka
2026-12-05,14:00,JPN,Chiba,Yokohama F. Marinos,,,SCHEDULED,JPN_20261205_Chiba_Yokohama_F_Marinos
2026-12-05,14:00,JPN,Okayama,Shimizu S-Pulse,,,SCHEDULED,JPN_20261205_Okayama_Shimizu_S_Pulse
2026-12-05,14:00,SP1,Ath Madrid,Betis,,,SCHEDULED,SP1_20261205_Ath_Madrid_Betis
2026-12-05,14:00,SP1,Sociedad,Levante,,,SCHEDULED,SP1_20261205_Sociedad_Levante
2026-12-05,14:00,SP2,Eibar,Celta B,,,SCHEDULED,SP2_20261205_Eibar_Celta_B
2026-12-05,14:00,SP2,Leganes,Oviedo,,,SCHEDULED,SP2_20261205_Leganes_Oviedo
2026-12-05,15:00,E0,Aston Villa,Crystal Palace,,,SCHEDULED,E0_20261205_Aston_Villa_Crystal_Palace
2026-12-05,15:00,E0,Bournemouth,Hull,,,SCHEDULED,E0_20261205_Bournemouth_Hull
2026-12-05,15:00,E0,Brentford,Man City,,,SCHEDULED,E0_20261205_Brentford_Man_City
2026-12-05,15:00,E0,Chelsea,Liverpool,,,SCHEDULED,E0_20261205_Chelsea_Liverpool
2026-12-05,15:00,E0,Everton,Fulham,,,SCHEDULED,E0_20261205_Everton_Fulham
2026-12-05,15:00,E0,Leeds,Ipswich,,,SCHEDULED,E0_20261205_Leeds_Ipswich
2026-12-05,15:00,E0,Man United,Coventry,,,SCHEDULED,E0_20261205_Man_United_Coventry
2026-12-05,15:00,E0,Newcastle,Sunderland,,,SCHEDULED,E0_20261205_Newcastle_Sunderland
2026-12-05,15:00,E0,Nott'm Forest,Brighton,,,SCHEDULED,E0_20261205_Nott_m_Forest_Brighton
2026-12-05,15:00,E0,Tottenham,Arsenal,,,SCHEDULED,E0_20261205_Tottenham_Arsenal
2026-12-05,15:00,E3,Accrington,Rotherham,,,SCHEDULED,E3_20261205_Accrington_Rotherham
2026-12-05,15:00,E3,Cheltenham,Northampton,,,SCHEDULED,E3_20261205_Cheltenham_Northampton
2026-12-05,15:00,E3,Colchester,Bristol Rvs,,,SCHEDULED,E3_20261205_Colchester_Bristol_Rvs
2026-12-05,15:00,E3,Crawley Town,Crewe,,,SCHEDULED,E3_20261205_Crawley_Town_Crewe
2026-12-05,15:00,E3,Fleetwood Town,Gillingham,,,SCHEDULED,E3_20261205_Fleetwood_Town_Gillingham
2026-12-05,15:00,E3,Oldham,Salford,,,SCHEDULED,E3_20261205_Oldham_Salford
2026-12-05,15:00,E3,Port Vale,Barnet,,,SCHEDULED,E3_20261205_Port_Vale_Barnet
2026-12-05,15:00,E3,Swindon,Tranmere,,,SCHEDULED,E3_20261205_Swindon_Tranmere
2026-12-05,15:00,I1,Lecce,Como,,,SCHEDULED,I1_20261205_Lecce_Como
2026-12-05,15:00,I1,Venezia,Parma,,,SCHEDULED,I1_20261205_Venezia_Parma
2026-12-05,15:00,I2,Sampdoria,Cremonese,,,SCHEDULED,I2_20261205_Sampdoria_Cremonese
2026-12-05,15:00,I2,Virtus Entella,Empoli,,,SCHEDULED,I2_20261205_Virtus_Entella_Empoli
2026-12-05,15:00,SC0,Aberdeen,Dundee United,,,SCHEDULED,SC0_20261205_Aberdeen_Dundee_United
2026-12-05,15:00,SC0,Dundee,Falkirk,,,SCHEDULED,SC0_20261205_Dundee_Falkirk
2026-12-05,15:00,SC0,Hearts,Hibernian,,,SCHEDULED,SC0_20261205_Hearts_Hibernian
2026-12-05,15:00,SC0,Rangers,St Johnstone,,,SCHEDULED,SC0_20261205_Rangers_St_Johnstone
2026-12-05,15:30,D1,Hamburg,RB Leipzig,,,SCHEDULED,D1_20261205_Hamburg_RB_Leipzig
2026-12-05,15:30,D1,Mainz,Hoffenheim,,,SCHEDULED,D1_20261205_Mainz_Hoffenheim
2026-12-05,15:30,D1,Stuttgart,Freiburg,,,SCHEDULED,D1_20261205_Stuttgart_Freiburg
2026-12-05,15:30,D1,Union Berlin,Bayern Munich,,,SCHEDULED,D1_20261205_Union_Berlin_Bayern_Munich
2026-12-05,15:30,D1,Werder Bremen,M'gladbach,,,SCHEDULED,D1_20261205_Werder_Bremen_M_gladbach
2026-12-05,15:30,D2,Braunschweig,Cottbus,,,SCHEDULED,D2_20261205_Braunschweig_Cottbus
2026-12-05,15:30,D2,Greuther Furth,Magdeburg,,,SCHEDULED,D2_20261205_Greuther_Furth_Magdeburg
2026-12-05,15:30,D2,Holstein Kiel,Wolfsburg,,,SCHEDULED,D2_20261205_Holstein_Kiel_Wolfsburg
2026-12-05,15:30,D2,Karlsruhe,Osnabruck,,,SCHEDULED,D2_20261205_Karlsruhe_Osnabruck
2026-12-05,15:30,D2,St Pauli,Hertha,,,SCHEDULED,D2_20261205_St_Pauli_Hertha
2026-12-05,16:00,E1,Cardiff,Lincoln,,,SCHEDULED,E1_20261205_Cardiff_Lincoln
2026-12-05,16:00,E1,Charlton,Birmingham,,,SCHEDULED,E1_20261205_Charlton_Birmingham
2026-12-05,16:00,E1,Norwich,Wrexham,,,SCHEDULED,E1_20261205_Norwich_Wrexham
2026-12-05,16:00,E1,Portsmouth,West Brom,,,SCHEDULED,E1_20261205_Portsmouth_West_Brom
2026-12-05,16:00,E1,Stoke,QPR,,,SCHEDULED,E1_20261205_Stoke_QPR
2026-12-05,16:00,E1,Wolves,Southampton,,,SCHEDULED,E1_20261205_Wolves_Southampton
2026-12-05,16:00,JPN,Machida,Verdy,,,SCHEDULED,JPN_20261205_Machida_Verdy
2026-12-05,16:00,JPN,V-Varen Nagasaki,Vissel Kobe,,,SCHEDULED,JPN_20261205_V_Varen_Nagasaki_Vissel_Kobe
2026-12-05,16:15,SP1,Real Madrid,Vallecano,,,SCHEDULED,SP1_20261205_Real_Madrid_Vallecano
2026-12-05,16:15,SP2,Mallorca,Granada,,,SCHEDULED,SP2_20261205_Mallorca_Granada
2026-12-05,16:15,SP2,Sabadell,Tenerife,,,SCHEDULED,SP2_20261205_Sabadell_Tenerife
2026-12-05,17:00,F1,Monaco,Paris SG,,,SCHEDULED,F1_20261205_Monaco_Paris_SG
2026-12-05,17:00,F1,Paris FC,Lens,,,SCHEDULED,F1_20261205_Paris_FC_Lens
2026-12-05,17:00,F2,Metz,Nancy,,,SCHEDULED,F2_20261205_Metz_Nancy
2026-12-05,17:00,F2,Pau FC,St Etienne,,,SCHEDULED,F2_20261205_Pau_FC_St_Etienne
2026-12-05,17:30,E3,Shrewsbury,York,,,SCHEDULED,E3_20261205_Shrewsbury_York
2026-12-05,17:30,SC0,Motherwell,Kilmarnock,,,SCHEDULED,SC0_20261205_Motherwell_Kilmarnock
2026-12-05,18:00,AUT,Tirol,Altach,,,SCHEDULED,AUT_20261205_Tirol_Altach
2026-12-05,18:00,B1,Club Brugge,Lommel SK,,,SCHEDULED,B1_20261205_Club_Brugge_Lommel_SK
2026-12-05,18:00,B1,Gent,Waregem,,,SCHEDULED,B1_20261205_Gent_Waregem
2026-12-05,18:00,B1,St. Gilloise,Kortrijk,,,SCHEDULED,B1_20261205_St_Gilloise_Kortrijk
2026-12-05,18:00,DNK,Horsens,Viborg,,,SCHEDULED,DNK_20261205_Horsens_Viborg
2026-12-05,18:00,G1,PAOK,Panathinaikos,,,SCHEDULED,G1_20261205_PAOK_Panathinaikos
2026-12-05,18:00,G1,Volos NFC,Asteras Tripolis,,,SCHEDULED,G1_20261205_Volos_NFC_Asteras_Tripolis
2026-12-05,18:00,I1,Bologna,Fiorentina,,,SCHEDULED,I1_20261205_Bologna_Fiorentina
2026-12-05,18:00,I1,Inter,Lazio,,,SCHEDULED,I1_20261205_Inter_Lazio
2026-12-05,18:00,I2,Avellino,Palermo,,,SCHEDULED,I2_20261205_Avellino_Palermo
2026-12-05,18:00,I2,Carrarese,Verona,,,SCHEDULED,I2_20261205_Carrarese_Verona
2026-12-05,18:00,N1,Cambuur,PSV Eindhoven,,,SCHEDULED,N1_20261205_Cambuur_PSV_Eindhoven
2026-12-05,18:00,N1,Den Haag,Telstar,,,SCHEDULED,N1_20261205_Den_Haag_Telstar
2026-12-05,18:00,N1,Groningen,Sparta Rotterdam,,,SCHEDULED,N1_20261205_Groningen_Sparta_Rotterdam
2026-12-05,18:00,P1,Alverca,Santa Clara,,,SCHEDULED,P1_20261205_Alverca_Santa_Clara
2026-12-05,18:00,P1,Sp Braga,Casa Pia,,,SCHEDULED,P1_20261205_Sp_Braga_Casa_Pia
2026-12-05,18:00,P1,Sp Lisbon,Arouca,,,SCHEDULED,P1_20261205_Sp_Lisbon_Arouca
2026-12-05,18:00,POL,Piast Gliwice,Wisla,,,SCHEDULED,POL_20261205_Piast_Gliwice_Wisla
2026-12-05,18:00,POL,Radomiak Radom,Wieczysta Krakow,,,SCHEDULED,POL_20261205_Radomiak_Radom_Wieczysta_Krakow
2026-12-05,18:00,POL,Rakow,Pogon Szczecin,,,SCHEDULED,POL_20261205_Rakow_Pogon_Szczecin
2026-12-05,18:00,ROU,Corvinul,Otelul,,,SCHEDULED,ROU_20261205_Corvinul_Otelul
2026-12-05,18:00,ROU,Sepsi Sf. Gheorghe,CFR Cluj,,,SCHEDULED,ROU_20261205_Sepsi_Sf_Gheorghe_CFR_Cluj
2026-12-05,18:00,SWZ,Vaduz,Lugano,,,SCHEDULED,SWZ_20261205_Vaduz_Lugano
2026-12-05,18:00,T1,Alanyaspor,Besiktas,,,SCHEDULED,T1_20261205_Alanyaspor_Besiktas
2026-12-05,18:00,T1,Amedspor,Genclerbirligi,,,SCHEDULED,T1_20261205_Amedspor_Genclerbirligi
2026-12-05,18:00,T1,Trabzonspor,Konyaspor,,,SCHEDULED,T1_20261205_Trabzonspor_Konyaspor
2026-12-05,18:30,D1,Leverkusen,Dortmund,,,SCHEDULED,D1_20261205_Leverkusen_Dortmund
2026-12-05,18:30,D2,Darmstadt,Heidenheim,,,SCHEDULED,D2_20261205_Darmstadt_Heidenheim
2026-12-05,18:30,SP1,Valencia,Villarreal,,,SCHEDULED,SP1_20261205_Valencia_Villarreal
2026-12-05,18:30,SP2,Sp Gijon,Girona,,,SCHEDULED,SP2_20261205_Sp_Gijon_Girona
2026-12-05,19:30,BRA,Botafogo RJ,Remo,,,SCHEDULED,BRA_20261205_Botafogo_RJ_Remo
2026-12-05,19:30,BRA,Corinthians,Coritiba,,,SCHEDULED,BRA_20261205_Corinthians_Coritiba
2026-12-05,19:30,BRA,Mirassol,Bragantino,,,SCHEDULED,BRA_20261205_Mirassol_Bragantino
2026-12-05,20:45,AUT,Grazer AK,Wolfsberger AC,,,SCHEDULED,AUT_20261205_Grazer_AK_Wolfsberger_AC
2026-12-05,20:45,B1,St Truiden,Beveren,,,SCHEDULED,B1_20261205_St_Truiden_Beveren
2026-12-05,20:45,DNK,Aarhus,Randers FC,,,SCHEDULED,DNK_20261205_Aarhus_Randers_FC
2026-12-05,20:45,G1,Atromitos,Aris,,,SCHEDULED,G1_20261205_Atromitos_Aris
2026-12-05,20:45,I1,Atalanta,Roma,,,SCHEDULED,I1_20261205_Atalanta_Roma
2026-12-05,20:45,I2,Ascoli,Benevento,,,SCHEDULED,I2_20261205_Ascoli_Benevento
2026-12-05,20:45,N1,Excelsior,Go Ahead Eagles,,,SCHEDULED,N1_20261205_Excelsior_Go_Ahead_Eagles
2026-12-05,20:45,P1,Estrela,Famalicao,,,SCHEDULED,P1_20261205_Estrela_Famalicao
2026-12-05,20:45,POL,Legia,Motor Lublin,,,SCHEDULED,POL_20261205_Legia_Motor_Lublin
2026-12-05,20:45,ROU,Univ. Craiova,U. Cluj,,,SCHEDULED,ROU_20261205_Univ_Craiova_U_Cluj
2026-12-05,20:45,SWZ,Young Boys,Sion,,,SCHEDULED,SWZ_20261205_Young_Boys_Sion
2026-12-05,20:45,T1,Buyuksehyr,Eyupspor,,,SCHEDULED,T1_20261205_Buyuksehyr_Eyupspor
2026-12-05,21:00,BRA,Gremio,Bahia,,,SCHEDULED,BRA_20261205_Gremio_Bahia
2026-12-05,21:00,BRA,Vasco,Athletico-PR,,,SCHEDULED,BRA_20261205_Vasco_Athletico_PR
2026-12-05,21:00,F1,Le Mans,Lille,,,SCHEDULED,F1_20261205_Le_Mans_Lille
2026-12-05,21:00,F2,Nantes,Red Star,,,SCHEDULED,F2_20261205_Nantes_Red_Star
2026-12-05,21:00,SP1,Celta,Barcelona,,,SCHEDULED,SP1_20261205_Celta_Barcelona
2026-12-05,21:00,SP2,Eldense,Burgos,,,SCHEDULED,SP2_20261205_Eldense_Burgos
2026-12-06,12:30,I1,Monza,Napoli,,,SCHEDULED,I1_20261206_Monza_Napoli
2026-12-06,12:30,I2,Arezzo,Modena,,,SCHEDULED,I2_20261206_Arezzo_Modena
2026-12-06,13:00,E1,Burnley,Preston,,,SCHEDULED,E1_20261206_Burnley_Preston
2026-12-06,14:00,E3,Chesterfield,Walsall,,,SCHEDULED,E3_20261206_Chesterfield_Walsall
2026-12-06,14:00,JPN,Cerezo Osaka,Kashima Antlers,,,SCHEDULED,JPN_20261206_Cerezo_Osaka_Kashima_Antlers
2026-12-06,14:00,JPN,Kashiwa Reysol,Sanfrecce Hiroshima,,,SCHEDULED,JPN_20261206_Kashiwa_Reysol_Sanfrecce_Hiroshima
2026-12-06,14:00,JPN,Nagoya Grampus,Urawa Reds,,,SCHEDULED,JPN_20261206_Nagoya_Grampus_Urawa_Reds
2026-12-06,14:00,SC0,Celtic,St Mirren,,,SCHEDULED,SC0_20261206_Celtic_St_Mirren
2026-12-06,14:00,SP1,Malaga,Sevilla,,,SCHEDULED,SP1_20261206_Malaga_Sevilla
2026-12-06,14:00,SP2,Valladolid,Cordoba,,,SCHEDULED,SP2_20261206_Valladolid_Cordoba
2026-12-06,14:30,AUT,Austria Vienna,Hartberg,,,SCHEDULED,AUT_20261206_Austria_Vienna_Hartberg
2026-12-06,14:30,B1,Anderlecht,Mechelen,,,SCHEDULED,B1_20261206_Anderlecht_Mechelen
2026-12-06,14:30,B1,Antwerp,Charleroi,,,SCHEDULED,B1_20261206_Antwerp_Charleroi
2026-12-06,14:30,DNK,Lyngby,Odense,,,SCHEDULED,DNK_20261206_Lyngby_Odense
2026-12-06,14:30,G1,Kalamata,AEK,,,SCHEDULED,G1_20261206_Kalamata_AEK
2026-12-06,14:30,N1,Heerenveen,AZ Alkmaar,,,SCHEDULED,N1_20261206_Heerenveen_AZ_Alkmaar
2026-12-06,14:30,N1,Twente,Zwolle,,,SCHEDULED,N1_20261206_Twente_Zwolle
2026-12-06,14:30,P1,Gil Vicente,Guimaraes,,,SCHEDULED,P1_20261206_Gil_Vicente_Guimaraes
2026-12-06,14:30,P1,Rio Ave,Academico Viseu,,,SCHEDULED,P1_20261206_Rio_Ave_Academico_Viseu
2026-12-06,14:30,POL,Gornik Zabrze,GKS Katowice,,,SCHEDULED,POL_20261206_Gornik_Zabrze_GKS_Katowice
2026-12-06,14:30,POL,Korona Kielce,Zaglebie,,,SCHEDULED,POL_20261206_Korona_Kielce_Zaglebie
2026-12-06,14:30,ROU,FC Rapid Bucuresti,FC Arges,,,SCHEDULED,ROU_20261206_FC_Rapid_Bucuresti_FC_Arges
2026-12-06,14:30,ROU,UTA Arad,Dinamo Bucuresti,,,SCHEDULED,ROU_20261206_UTA_Arad_Dinamo_Bucuresti
2026-12-06,14:30,SWZ,Zurich,Thun,,,SCHEDULED,SWZ_20261206_Zurich_Thun
2026-12-06,14:30,T1,Fenerbahce,Goztep,,,SCHEDULED,T1_20261206_Fenerbahce_Goztep
2026-12-06,14:30,T1,Gaziantep,Erzurumspor,,,SCHEDULED,T1_20261206_Gaziantep_Erzurumspor
2026-12-06,15:00,F1,Angers,Toulouse,,,SCHEDULED,F1_20261206_Angers_Toulouse
2026-12-06,15:00,F1,Marseille,Lorient,,,SCHEDULED,F1_20261206_Marseille_Lorient
2026-12-06,15:00,F1,Rennes,Auxerre,,,SCHEDULED,F1_20261206_Rennes_Auxerre
2026-12-06,15:00,F2,Clermont,Boulogne,,,SCHEDULED,F2_20261206_Clermont_Boulogne
2026-12-06,15:00,F2,Dijon,Guingamp,,,SCHEDULED,F2_20261206_Dijon_Guingamp
2026-12-06,15:00,F2,Dunkerque,Rodez,,,SCHEDULED,F2_20261206_Dunkerque_Rodez
2026-12-06,15:00,I1,Genoa,Milan,,,SCHEDULED,I1_20261206_Genoa_Milan
2026-12-06,15:00,I2,Cesena,Padova,,,SCHEDULED,I2_20261206_Cesena_Padova
2026-12-06,15:30,D1,Elversberg,Augsburg,,,SCHEDULED,D1_20261206_Elversberg_Augsburg
2026-12-06,15:30,D2,Dresden,Kaiserslautern,,,SCHEDULED,D2_20261206_Dresden_Kaiserslautern
2026-12-06,16:00,BRA,Atletico-MG,Cruzeiro,,,SCHEDULED,BRA_20261206_Atletico_MG_Cruzeiro
2026-12-06,16:00,BRA,Fluminense,Palmeiras,,,SCHEDULED,BRA_20261206_Fluminense_Palmeiras
2026-12-06,16:00,JPN,FC Tokyo,Kawasaki Frontale,,,SCHEDULED,JPN_20261206_FC_Tokyo_Kawasaki_Frontale
2026-12-06,16:00,JPN,Kyoto,Mito,,,SCHEDULED,JPN_20261206_Kyoto_Mito
2026-12-06,16:15,SP1,Espanol,La Coruna,,,SCHEDULED,SP1_20261206_Espanol_La_Coruna
2026-12-06,16:15,SP2,Almeria,Cadiz,,,SCHEDULED,SP2_20261206_Almeria_Cadiz
2026-12-06,16:30,AUT,LASK,Ried,,,SCHEDULED,AUT_20261206_LASK_Ried
2026-12-06,16:30,B1,Genk,Oud-Heverlee Leuven,,,SCHEDULED,B1_20261206_Genk_Oud_Heverlee_Leuven
2026-12-06,16:30,DNK,Sonderjyske,FC Copenhagen,,,SCHEDULED,DNK_20261206_Sonderjyske_FC_Copenhagen
2026-12-06,16:30,E3,Rochdale,Exeter,,,SCHEDULED,E3_20261206_Rochdale_Exeter
2026-12-06,16:30,G1,Levadeiakos,Panetolikos,,,SCHEDULED,G1_20261206_Levadeiakos_Panetolikos
2026-12-06,16:30,N1,For Sittard,Ajax,,,SCHEDULED,N1_20261206_For_Sittard_Ajax
2026-12-06,16:30,P1,Maritimo,Benfica,,,SCHEDULED,P1_20261206_Maritimo_Benfica
2026-12-06,16:30,POL,Lech Poznan,Widzew Lodz,,,SCHEDULED,POL_20261206_Lech_Poznan_Widzew_Lodz
2026-12-06,16:30,ROU,Petrolul,FC Voluntari,,,SCHEDULED,ROU_20261206_Petrolul_FC_Voluntari
2026-12-06,16:30,SWZ,St. Gallen,Basel,,,SCHEDULED,SWZ_20261206_St_Gallen_Basel
2026-12-06,16:30,T1,Samsunspor,Kocaelispor,,,SCHEDULED,T1_20261206_Samsunspor_Kocaelispor
2026-12-06,17:15,F1,Le Havre,Nice,,,SCHEDULED,F1_20261206_Le_Havre_Nice
2026-12-06,17:15,F2,Reims,Annecy,,,SCHEDULED,F2_20261206_Reims_Annecy
2026-12-06,17:30,D1,FC Koln,Paderborn,,,SCHEDULED,D1_20261206_FC_Koln_Paderborn
2026-12-06,17:30,D2,Hannover,Bielefeld,,,SCHEDULED,D2_20261206_Hannover_Bielefeld
2026-12-06,18:00,I1,Juventus,Torino,,,SCHEDULED,I1_20261206_Juventus_Torino
2026-12-06,18:00,I2,Juve Stabia,Vicenza,,,SCHEDULED,I2_20261206_Juve_Stabia_Vicenza
2026-12-06,18:30,AUT,Salzburg,SK Rapid,,,SCHEDULED,AUT_20261206_Salzburg_SK_Rapid
2026-12-06,18:30,B1,RAAL La Louviere,Westerlo,,,SCHEDULED,B1_20261206_RAAL_La_Louviere_Westerlo
2026-12-06,18:30,BRA,Vitoria,Santos,,,SCHEDULED,BRA_20261206_Vitoria_Santos
2026-12-06,18:30,DNK,Brondby,Silkeborg,,,SCHEDULED,DNK_20261206_Brondby_Silkeborg
2026-12-06,18:30,G1,Olympiakos,Iraklis,,,SCHEDULED,G1_20261206_Olympiakos_Iraklis
2026-12-06,18:30,N1,Nijmegen,Utrecht,,,SCHEDULED,N1_20261206_Nijmegen_Utrecht
2026-12-06,18:30,P1,Estoril,Moreirense,,,SCHEDULED,P1_20261206_Estoril_Moreirense
2026-12-06,18:30,POL,Cracovia,Slask Wroclaw,,,SCHEDULED,POL_20261206_Cracovia_Slask_Wroclaw
2026-12-06,18:30,ROU,Farul Constanta,FC Botosani,,,SCHEDULED,ROU_20261206_Farul_Constanta_FC_Botosani
2026-12-06,18:30,SP1,Getafe,Alaves,,,SCHEDULED,SP1_20261206_Getafe_Alaves
2026-12-06,18:30,SP2,Castellon,Andorra,,,SCHEDULED,SP2_20261206_Castellon_Andorra
2026-12-06,18:30,SWZ,Grasshoppers,Lausanne,,,SCHEDULED,SWZ_20261206_Grasshoppers_Lausanne
2026-12-06,18:30,T1,Corum,Galatasaray,,,SCHEDULED,T1_20261206_Corum_Galatasaray
2026-12-06,20:45,F1,Lyon,Strasbourg,,,SCHEDULED,F1_20261206_Lyon_Strasbourg
2026-12-06,20:45,F2,Montpellier,Laval,,,SCHEDULED,F2_20261206_Montpellier_Laval
2026-12-06,20:45,I1,Udinese,Cagliari,,,SCHEDULED,I1_20261206_Udinese_Cagliari
2026-12-06,20:45,I2,Pisa,Sudtirol,,,SCHEDULED,I2_20261206_Pisa_Sudtirol
2026-12-06,21:00,BRA,Flamengo RJ,Chapecoense-SC,,,SCHEDULED,BRA_20261206_Flamengo_RJ_Chapecoense_SC
2026-12-06,21:00,SP1,Ath Bilbao,Santander,,,SCHEDULED,SP1_20261206_Ath_Bilbao_Santander
2026-12-06,21:00,SP2,Sociedad B,Albacete,,,SCHEDULED,SP2_20261206_Sociedad_B_Albacete
2026-12-08,20:45,E1,Blackburn,Norwich,,,SCHEDULED,E1_20261208_Blackburn_Norwich
2026-12-08,20:45,E1,Millwall,Sheffield United,,,SCHEDULED,E1_20261208_Millwall_Sheffield_United
2026-12-08,20:45,E1,QPR,Wolves,,,SCHEDULED,E1_20261208_QPR_Wolves
2026-12-08,20:45,E1,Swansea,Bolton,,,SCHEDULED,E1_20261208_Swansea_Bolton
2026-12-08,20:45,E1,West Brom,Cardiff,,,SCHEDULED,E1_20261208_West_Brom_Cardiff
2026-12-08,20:45,E1,Wrexham,Charlton,,,SCHEDULED,E1_20261208_Wrexham_Charlton
2026-12-08,21:00,E1,Birmingham,Watford,,,SCHEDULED,E1_20261208_Birmingham_Watford
2026-12-08,21:00,E1,West Ham,Middlesbrough,,,SCHEDULED,E1_20261208_West_Ham_Middlesbrough
2026-12-08,21:00,SP2,Almeria,Burgos,,,SCHEDULED,SP2_20261208_Almeria_Burgos
2026-12-08,21:00,SP2,Castellon,Ceuta,,,SCHEDULED,SP2_20261208_Castellon_Ceuta
2026-12-08,21:00,SP2,Eibar,Albacete,,,SCHEDULED,SP2_20261208_Eibar_Albacete
2026-12-08,21:00,SP2,Eldense,Granada,,,SCHEDULED,SP2_20261208_Eldense_Granada
2026-12-08,21:00,SP2,Las Palmas,Tenerife,,,SCHEDULED,SP2_20261208_Las_Palmas_Tenerife
2026-12-08,21:00,SP2,Mallorca,Leganes,,,SCHEDULED,SP2_20261208_Mallorca_Leganes
2026-12-08,21:00,SP2,Oviedo,Girona,,,SCHEDULED,SP2_20261208_Oviedo_Girona
2026-12-08,21:00,SP2,Sabadell,Celta B,,,SCHEDULED,SP2_20261208_Sabadell_Celta_B
2026-12-08,21:00,SP2,Sociedad B,Cadiz,,,SCHEDULED,SP2_20261208_Sociedad_B_Cadiz
2026-12-08,21:00,SP2,Sp Gijon,Cordoba,,,SCHEDULED,SP2_20261208_Sp_Gijon_Cordoba
2026-12-08,21:00,SP2,Valladolid,Andorra,,,SCHEDULED,SP2_20261208_Valladolid_Andorra
2026-12-09,20:45,E1,Derby,Bristol City,,,SCHEDULED,E1_20261209_Derby_Bristol_City
2026-12-09,20:45,E1,Lincoln,Stoke,,,SCHEDULED,E1_20261209_Lincoln_Stoke
2026-12-09,20:45,E1,Preston,Portsmouth,,,SCHEDULED,E1_20261209_Preston_Portsmouth
2026-12-09,21:00,E1,Southampton,Burnley,,,SCHEDULED,E1_20261209_Southampton_Burnley
2026-12-10,21:00,E2,Leicester,Sheffield Weds,,,SCHEDULED,E2_20261210_Leicester_Sheffield_Weds
2026-12-11,20:00,AUT,Salzburg,Sturm Graz,,,SCHEDULED,AUT_20261211_Salzburg_Sturm_Graz
2026-12-11,20:00,B1,RAAL La Louviere,Lommel SK,,,SCHEDULED,B1_20261211_RAAL_La_Louviere_Lommel_SK
2026-12-11,20:00,DNK,Brondby,Midtjylland,,,SCHEDULED,DNK_20261211_Brondby_Midtjylland
2026-12-11,20:00,E3,Rochdale,Tranmere,,,SCHEDULED,E3_20261211_Rochdale_Tranmere
2026-12-11,20:00,G1,Olympiakos,Asteras Tripolis,,,SCHEDULED,G1_20261211_Olympiakos_Asteras_Tripolis
2026-12-11,20:00,N1,Nijmegen,Telstar,,,SCHEDULED,N1_20261211_Nijmegen_Telstar
2026-12-11,20:00,P1,Estoril,Santa Clara,,,SCHEDULED,P1_20261211_Estoril_Santa_Clara
2026-12-11,20:00,POL,Cracovia,Pogon Szczecin,,,SCHEDULED,POL_20261211_Cracovia_Pogon_Szczecin
2026-12-11,20:00,ROU,Corvinul,FC Botosani,,,SCHEDULED,ROU_20261211_Corvinul_FC_Botosani
2026-12-11,20:00,SWZ,Grasshoppers,Servette,,,SCHEDULED,SWZ_20261211_Grasshoppers_Servette
2026-12-11,20:00,T1,Alanyaspor,Galatasaray,,,SCHEDULED,T1_20261211_Alanyaspor_Galatasaray
2026-12-11,20:30,D1,Ein Frankfurt,Paderborn,,,SCHEDULED,D1_20261211_Ein_Frankfurt_Paderborn
2026-12-11,20:30,D2,Hannover,Bochum,,,SCHEDULED,D2_20261211_Hannover_Bochum
2026-12-11,20:45,F1,Lyon,Auxerre,,,SCHEDULED,F1_20261211_Lyon_Auxerre
2026-12-11,20:45,F2,Montpellier,Guingamp,,,SCHEDULED,F2_20261211_Montpellier_Guingamp
2026-12-11,20:45,I1,Venezia,Cagliari,,,SCHEDULED,I1_20261211_Venezia_Cagliari
2026-12-11,20:45,I2,Sampdoria,Sudtirol,,,SCHEDULED,I2_20261211_Sampdoria_Sudtirol
2026-12-11,21:00,E1,Bolton,Wrexham,,,SCHEDULED,E1_20261211_Bolton_Wrexham
2026-12-11,21:00,SP1,Ath Bilbao,Betis,,,SCHEDULED,SP1_20261211_Ath_Bilbao_Betis
2026-12-11,21:00,SP2,Castellon,Tenerife,,,SCHEDULED,SP2_20261211_Castellon_Tenerife
2026-12-12,13:30,E1,Preston,Middlesbrough,,,SCHEDULED,E1_20261212_Preston_Middlesbrough
2026-12-12,13:30,E1,QPR,Watford,,,SCHEDULED,E1_20261212_QPR_Watford
2026-12-12,13:30,E1,Stoke,West Brom,,,SCHEDULED,E1_20261212_Stoke_West_Brom
2026-12-12,13:30,E2,Burton,Reading,,,SCHEDULED,E2_20261212_Burton_Reading
2026-12-12,13:30,E2,Stevenage,Stockport,,,SCHEDULED,E2_20261212_Stevenage_Stockport
2026-12-12,14:00,SP1,Ath Madrid,Elche,,,SCHEDULED,SP1_20261212_Ath_Madrid_Elche
2026-12-12,14:00,SP1,Levante,Vallecano,,,SCHEDULED,SP1_20261212_Levante_Vallecano
2026-12-12,14:00,SP2,Leganes,Girona,,,SCHEDULED,SP2_20261212_Leganes_Girona
2026-12-12,14:00,SP2,Sabadell,Albacete,,,SCHEDULED,SP2_20261212_Sabadell_Albacete
2026-12-12,15:00,E0,Arsenal,Bournemouth,,,SCHEDULED,E0_20261212_Arsenal_Bournemouth
2026-12-12,15:00,E0,Brighton,Everton,,,SCHEDULED,E0_20261212_Brighton_Everton
2026-12-12,15:00,E0,Coventry,Aston Villa,,,SCHEDULED,E0_20261212_Coventry_Aston_Villa
2026-12-12,15:00,E0,Crystal Palace,Man United,,,SCHEDULED,E0_20261212_Crystal_Palace_Man_United
2026-12-12,15:00,E0,Fulham,Brentford,,,SCHEDULED,E0_20261212_Fulham_Brentford
2026-12-12,15:00,E0,Hull,Tottenham,,,SCHEDULED,E0_20261212_Hull_Tottenham
2026-12-12,15:00,E0,Ipswich,Newcastle,,,SCHEDULED,E0_20261212_Ipswich_Newcastle
2026-12-12,15:00,E0,Liverpool,Leeds,,,SCHEDULED,E0_20261212_Liverpool_Leeds
2026-12-12,15:00,E0,Man City,Chelsea,,,SCHEDULED,E0_20261212_Man_City_Chelsea
2026-12-12,15:00,E0,Sunderland,Nott'm Forest,,,SCHEDULED,E0_20261212_Sunderland_Nott_m_Forest
2026-12-12,15:00,E3,Accrington,Newport County,,,SCHEDULED,E3_20261212_Accrington_Newport_County
2026-12-12,15:00,E3,Cheltenham,Barnet,,,SCHEDULED,E3_20261212_Cheltenham_Barnet
2026-12-12,15:00,E3,Colchester,Walsall,,,SCHEDULED,E3_20261212_Colchester_Walsall
2026-12-12,15:00,E3,Crawley Town,Rotherham,,,SCHEDULED,E3_20261212_Crawley_Town_Rotherham
2026-12-12,15:00,E3,Gillingham,Bristol Rvs,,,SCHEDULED,E3_20261212_Gillingham_Bristol_Rvs
2026-12-12,15:00,E3,Oldham,Crewe,,,SCHEDULED,E3_20261212_Oldham_Crewe
2026-12-12,15:00,E3,Port Vale,Fleetwood Town,,,SCHEDULED,E3_20261212_Port_Vale_Fleetwood_Town
2026-12-12,15:00,E3,Swindon,Salford,,,SCHEDULED,E3_20261212_Swindon_Salford
2026-12-12,15:00,I1,Como,Lazio,,,SCHEDULED,I1_20261212_Como_Lazio
2026-12-12,15:00,I1,Frosinone,Fiorentina,,,SCHEDULED,I1_20261212_Frosinone_Fiorentina
2026-12-12,15:00,I2,Empoli,Verona,,,SCHEDULED,I2_20261212_Empoli_Verona
2026-12-12,15:00,I2,Mantova,Palermo,,,SCHEDULED,I2_20261212_Mantova_Palermo
2026-12-12,15:00,SC0,Aberdeen,St Mirren,,,SCHEDULED,SC0_20261212_Aberdeen_St_Mirren
2026-12-12,15:00,SC0,Dundee,Hearts,,,SCHEDULED,SC0_20261212_Dundee_Hearts
2026-12-12,15:00,SC0,Hibernian,Dundee United,,,SCHEDULED,SC0_20261212_Hibernian_Dundee_United
2026-12-12,15:00,SC0,Rangers,Falkirk,,,SCHEDULED,SC0_20261212_Rangers_Falkirk
2026-12-12,15:30,D1,Leverkusen,Bayern Munich,,,SCHEDULED,D1_20261212_Leverkusen_Bayern_Munich
2026-12-12,15:30,D1,Mainz,Hamburg,,,SCHEDULED,D1_20261212_Mainz_Hamburg
2026-12-12,15:30,D1,RB Leipzig,Freiburg,,,SCHEDULED,D1_20261212_RB_Leipzig_Freiburg
2026-12-12,15:30,D1,Stuttgart,M'gladbach,,,SCHEDULED,D1_20261212_Stuttgart_M_gladbach
2026-12-12,15:30,D1,Union Berlin,Hoffenheim,,,SCHEDULED,D1_20261212_Union_Berlin_Hoffenheim
2026-12-12,15:30,D2,Braunschweig,Osnabruck,,,SCHEDULED,D2_20261212_Braunschweig_Osnabruck
2026-12-12,15:30,D2,Holstein Kiel,Hertha,,,SCHEDULED,D2_20261212_Holstein_Kiel_Hertha
2026-12-12,15:30,D2,Karlsruhe,Heidenheim,,,SCHEDULED,D2_20261212_Karlsruhe_Heidenheim
2026-12-12,15:30,D2,Magdeburg,Cottbus,,,SCHEDULED,D2_20261212_Magdeburg_Cottbus
2026-12-12,15:30,D2,St Pauli,Greuther Furth,,,SCHEDULED,D2_20261212_St_Pauli_Greuther_Furth
2026-12-12,16:00,E1,Blackburn,Derby,,,SCHEDULED,E1_20261212_Blackburn_Derby
2026-12-12,16:00,E1,Cardiff,Southampton,,,SCHEDULED,E1_20261212_Cardiff_Southampton
2026-12-12,16:00,E1,Charlton,Swansea,,,SCHEDULED,E1_20261212_Charlton_Swansea
2026-12-12,16:00,E1,Portsmouth,Birmingham,,,SCHEDULED,E1_20261212_Portsmouth_Birmingham
2026-12-12,16:00,E1,Sheffield United,Burnley,,,SCHEDULED,E1_20261212_Sheffield_United_Burnley
2026-12-12,16:00,E1,West Ham,Bristol City,,,SCHEDULED,E1_20261212_West_Ham_Bristol_City
2026-12-12,16:00,E1,Wolves,Millwall,,,SCHEDULED,E1_20261212_Wolves_Millwall
2026-12-12,16:00,E2,Bradford,AFC Wimbledon,,,SCHEDULED,E2_20261212_Bradford_AFC_Wimbledon
2026-12-12,16:00,E2,Doncaster,Bromley,,,SCHEDULED,E2_20261212_Doncaster_Bromley
2026-12-12,16:00,E2,Huddersfield,Leyton Orient,,,SCHEDULED,E2_20261212_Huddersfield_Leyton_Orient
2026-12-12,16:00,E2,Luton,Wigan,,,SCHEDULED,E2_20261212_Luton_Wigan
2026-12-12,16:00,E2,Mansfield,Wycombe,,,SCHEDULED,E2_20261212_Mansfield_Wycombe
2026-12-12,16:00,E2,Milton Keynes Dons,Cambridge,,,SCHEDULED,E2_20261212_Milton_Keynes_Dons_Cambridge
2026-12-12,16:00,E2,Notts County,Plymouth,,,SCHEDULED,E2_20261212_Notts_County_Plymouth
2026-12-12,16:00,E2,Oxford,Blackpool,,,SCHEDULED,E2_20261212_Oxford_Blackpool
2026-12-12,16:00,E2,Peterboro,Barnsley,,,SCHEDULED,E2_20261212_Peterboro_Barnsley
2026-12-12,16:15,SP1,Valencia,Sociedad,,,SCHEDULED,SP1_20261212_Valencia_Sociedad
2026-12-12,16:15,SP2,Eldense,Mallorca,,,SCHEDULED,SP2_20261212_Eldense_Mallorca
2026-12-12,16:15,SP2,Las Palmas,Celta B,,,SCHEDULED,SP2_20261212_Las_Palmas_Celta_B
2026-12-12,17:00,F1,Le Mans,Paris FC,,,SCHEDULED,F1_20261212_Le_Mans_Paris_FC
2026-12-12,17:00,F1,Rennes,Lorient,,,SCHEDULED,F1_20261212_Rennes_Lorient
2026-12-12,17:00,F2,Dijon,Rodez,,,SCHEDULED,F2_20261212_Dijon_Rodez
2026-12-12,17:00,F2,Nantes,Metz,,,SCHEDULED,F2_20261212_Nantes_Metz
2026-12-12,17:30,E3,Chesterfield,Exeter,,,SCHEDULED,E3_20261212_Chesterfield_Exeter
2026-12-12,17:30,SC0,Celtic,Kilmarnock,,,SCHEDULED,SC0_20261212_Celtic_Kilmarnock
2026-12-12,18:00,AUT,Grazer AK,Tirol,,,SCHEDULED,AUT_20261212_Grazer_AK_Tirol
2026-12-12,18:00,B1,Antwerp,Cercle Brugge,,,SCHEDULED,B1_20261212_Antwerp_Cercle_Brugge
2026-12-12,18:00,B1,St Truiden,Gent,,,SCHEDULED,B1_20261212_St_Truiden_Gent
2026-12-12,18:00,B1,St. Gilloise,Charleroi,,,SCHEDULED,B1_20261212_St_Gilloise_Charleroi
2026-12-12,18:00,DNK,Aarhus,Horsens,,,SCHEDULED,DNK_20261212_Aarhus_Horsens
2026-12-12,18:00,G1,Atromitos,PAOK,,,SCHEDULED,G1_20261212_Atromitos_PAOK
2026-12-12,18:00,G1,Volos NFC,Kifisia,,,SCHEDULED,G1_20261212_Volos_NFC_Kifisia
2026-12-12,18:00,I1,Atalanta,Lecce,,,SCHEDULED,I1_20261212_Atalanta_Lecce
2026-12-12,18:00,I1,Bologna,Parma,,,SCHEDULED,I1_20261212_Bologna_Parma
2026-12-12,18:00,I2,Ascoli,Virtus Entella,,,SCHEDULED,I2_20261212_Ascoli_Virtus_Entella
2026-12-12,18:00,I2,Avellino,Cremonese,,,SCHEDULED,I2_20261212_Avellino_Cremonese
2026-12-12,18:00,N1,Excelsior,Cambuur,,,SCHEDULED,N1_20261212_Excelsior_Cambuur
2026-12-12,18:00,N1,Groningen,AZ Alkmaar,,,SCHEDULED,N1_20261212_Groningen_AZ_Alkmaar
2026-12-12,18:00,N1,Heerenveen,Feyenoord,,,SCHEDULED,N1_20261212_Heerenveen_Feyenoord
2026-12-12,18:00,P1,Estrela,Sp Braga,,,SCHEDULED,P1_20261212_Estrela_Sp_Braga
2026-12-12,18:00,P1,Gil Vicente,Nacional,,,SCHEDULED,P1_20261212_Gil_Vicente_Nacional
2026-12-12,18:00,P1,Sp Lisbon,Guimaraes,,,SCHEDULED,P1_20261212_Sp_Lisbon_Guimaraes
2026-12-12,18:00,POL,Gornik Zabrze,Wisla Plock,,,SCHEDULED,POL_20261212_Gornik_Zabrze_Wisla_Plock
2026-12-12,18:00,POL,Legia,Piast Gliwice,,,SCHEDULED,POL_20261212_Legia_Piast_Gliwice
2026-12-12,18:00,POL,Radomiak Radom,GKS Katowice,,,SCHEDULED,POL_20261212_Radomiak_Radom_GKS_Katowice
2026-12-12,18:00,ROU,CFR Cluj,U. Cluj,,,SCHEDULED,ROU_20261212_CFR_Cluj_U_Cluj
2026-12-12,18:00,ROU,Csikszereda M. Ciuc,FC Arges,,,SCHEDULED,ROU_20261212_Csikszereda_M_Ciuc_FC_Arges
2026-12-12,18:00,SWZ,Young Boys,Vaduz,,,SCHEDULED,SWZ_20261212_Young_Boys_Vaduz
2026-12-12,18:00,T1,Gaziantep,Konyaspor,,,SCHEDULED,T1_20261212_Gaziantep_Konyaspor
2026-12-12,18:00,T1,Genclerbirligi,Eyupspor,,,SCHEDULED,T1_20261212_Genclerbirligi_Eyupspor
2026-12-12,18:00,T1,Kasimpasa,Erzurumspor,,,SCHEDULED,T1_20261212_Kasimpasa_Erzurumspor
2026-12-12,18:30,D1,Werder Bremen,Augsburg,,,SCHEDULED,D1_20261212_Werder_Bremen_Augsburg
2026-12-12,18:30,D2,Dresden,Wolfsburg,,,SCHEDULED,D2_20261212_Dresden_Wolfsburg
2026-12-12,18:30,SP1,Real Madrid,Barcelona,,,SCHEDULED,SP1_20261212_Real_Madrid_Barcelona
2026-12-12,18:30,SP2,Oviedo,Cordoba,,,SCHEDULED,SP2_20261212_Oviedo_Cordoba
2026-12-12,20:45,AUT,Altach,Hartberg,,,SCHEDULED,AUT_20261212_Altach_Hartberg
2026-12-12,20:45,B1,Waregem,Mechelen,,,SCHEDULED,B1_20261212_Waregem_Mechelen
2026-12-12,20:45,DNK,Viborg,Odense,,,SCHEDULED,DNK_20261212_Viborg_Odense
2026-12-12,20:45,G1,Panathinaikos,AEK,,,SCHEDULED,G1_20261212_Panathinaikos_AEK
2026-12-12,20:45,I1,Inter,Napoli,,,SCHEDULED,I1_20261212_Inter_Napoli
2026-12-12,20:45,I2,Carrarese,Modena,,,SCHEDULED,I2_20261212_Carrarese_Modena
2026-12-12,20:45,N1,PSV Eindhoven,Zwolle,,,SCHEDULED,N1_20261212_PSV_Eindhoven_Zwolle
2026-12-12,20:45,P1,Casa Pia,Academico Viseu,,,SCHEDULED,P1_20261212_Casa_Pia_Academico_Viseu
2026-12-12,20:45,POL,Wisla,Zaglebie,,,SCHEDULED,POL_20261212_Wisla_Zaglebie
2026-12-12,20:45,ROU,UTA Arad,Sepsi Sf. Gheorghe,,,SCHEDULED,ROU_20261212_UTA_Arad_Sepsi_Sf_Gheorghe
2026-12-12,20:45,SWZ,Lugano,Thun,,,SCHEDULED,SWZ_20261212_Lugano_Thun
2026-12-12,20:45,T1,Fenerbahce,Amedspor,,,SCHEDULED,T1_20261212_Fenerbahce_Amedspor
2026-12-12,21:00,F1,Lens,Toulouse,,,SCHEDULED,F1_20261212_Lens_Toulouse
2026-12-12,21:00,F2,Nancy,Boulogne,,,SCHEDULED,F2_20261212_Nancy_Boulogne
2026-12-12,21:00,SP1,Malaga,Villarreal,,,SCHEDULED,SP1_20261212_Malaga_Villarreal
2026-12-12,21:00,SP2,Almeria,Granada,,,SCHEDULED,SP2_20261212_Almeria_Granada
2026-12-13,12:30,I1,Genoa,Roma,,,SCHEDULED,I1_20261213_Genoa_Roma
2026-12-13,12:30,I2,Cesena,Benevento,,,SCHEDULED,I2_20261213_Cesena_Benevento
2026-12-13,14:00,E3,Shrewsbury,Northampton,,,SCHEDULED,E3_20261213_Shrewsbury_Northampton
2026-12-13,14:00,SC0,Motherwell,St Johnstone,,,SCHEDULED,SC0_20261213_Motherwell_St_Johnstone
2026-12-13,14:00,SP1,Celta,La Coruna,,,SCHEDULED,SP1_20261213_Celta_La_Coruna
2026-12-13,14:00,SP2,Sp Gijon,Andorra,,,SCHEDULED,SP2_20261213_Sp_Gijon_Andorra
2026-12-13,14:30,AUT,LASK,Wolfsberger AC,,,SCHEDULED,AUT_20261213_LASK_Wolfsberger_AC
2026-12-13,14:30,B1,Club Brugge,Kortrijk,,,SCHEDULED,B1_20261213_Club_Brugge_Kortrijk
2026-12-13,14:30,B1,Genk,Beveren,,,SCHEDULED,B1_20261213_Genk_Beveren
2026-12-13,14:30,DNK,Sonderjyske,Randers FC,,,SCHEDULED,DNK_20261213_Sonderjyske_Randers_FC
2026-12-13,14:30,G1,Levadeiakos,Aris,,,SCHEDULED,G1_20261213_Levadeiakos_Aris
2026-12-13,14:30,N1,Den Haag,Sparta Rotterdam,,,SCHEDULED,N1_20261213_Den_Haag_Sparta_Rotterdam
2026-12-13,14:30,N1,For Sittard,Go Ahead Eagles,,,SCHEDULED,N1_20261213_For_Sittard_Go_Ahead_Eagles
2026-12-13,14:30,P1,Alverca,Arouca,,,SCHEDULED,P1_20261213_Alverca_Arouca
2026-12-13,14:30,P1,Maritimo,Famalicao,,,SCHEDULED,P1_20261213_Maritimo_Famalicao
2026-12-13,14:30,POL,Lech Poznan,Motor Lublin,,,SCHEDULED,POL_20261213_Lech_Poznan_Motor_Lublin
2026-12-13,14:30,POL,Rakow,Wieczysta Krakow,,,SCHEDULED,POL_20261213_Rakow_Wieczysta_Krakow
2026-12-13,14:30,ROU,FC Rapid Bucuresti,Otelul,,,SCHEDULED,ROU_20261213_FC_Rapid_Bucuresti_Otelul
2026-12-13,14:30,ROU,Univ. Craiova,FC Voluntari,,,SCHEDULED,ROU_20261213_Univ_Craiova_FC_Voluntari
2026-12-13,14:30,SWZ,St. Gallen,Sion,,,SCHEDULED,SWZ_20261213_St_Gallen_Sion
2026-12-13,14:30,T1,Buyuksehyr,Kocaelispor,,,SCHEDULED,T1_20261213_Buyuksehyr_Kocaelispor
2026-12-13,14:30,T1,Trabzonspor,Besiktas,,,SCHEDULED,T1_20261213_Trabzonspor_Besiktas
2026-12-13,15:00,E1,Lincoln,Norwich,,,SCHEDULED,E1_20261213_Lincoln_Norwich
2026-12-13,15:00,F1,Le Havre,Lille,,,SCHEDULED,F1_20261213_Le_Havre_Lille
2026-12-13,15:00,F1,Marseille,Paris SG,,,SCHEDULED,F1_20261213_Marseille_Paris_SG
2026-12-13,15:00,F1,Monaco,Brest,,,SCHEDULED,F1_20261213_Monaco_Brest
2026-12-13,15:00,F2,Dunkerque,St Etienne,,,SCHEDULED,F2_20261213_Dunkerque_St_Etienne
2026-12-13,15:00,F2,Pau FC,Sochaux,,,SCHEDULED,F2_20261213_Pau_FC_Sochaux
2026-12-13,15:00,F2,Reims,Red Star,,,SCHEDULED,F2_20261213_Reims_Red_Star
2026-12-13,15:00,I1,Monza,Torino,,,SCHEDULED,I1_20261213_Monza_Torino
2026-12-13,15:00,I2,Arezzo,Vicenza,,,SCHEDULED,I2_20261213_Arezzo_Vicenza
2026-12-13,15:30,D1,FC Koln,Dortmund,,,SCHEDULED,D1_20261213_FC_Koln_Dortmund
2026-12-13,15:30,D2,Darmstadt,Bielefeld,,,SCHEDULED,D2_20261213_Darmstadt_Bielefeld
2026-12-13,16:15,SP1,Getafe,Sevilla,,,SCHEDULED,SP1_20261213_Getafe_Sevilla
2026-12-13,16:15,SP2,Sociedad B,Burgos,,,SCHEDULED,SP2_20261213_Sociedad_B_Burgos
2026-12-13,16:30,AUT,Austria Vienna,SK Rapid,,,SCHEDULED,AUT_20261213_Austria_Vienna_SK_Rapid
2026-12-13,16:30,B1,Anderlecht,Westerlo,,,SCHEDULED,B1_20261213_Anderlecht_Westerlo
2026-12-13,16:30,DNK,Lyngby,Silkeborg,,,SCHEDULED,DNK_20261213_Lyngby_Silkeborg
2026-12-13,16:30,E3,Grimsby,York,,,SCHEDULED,E3_20261213_Grimsby_York
2026-12-13,16:30,G1,Kalamata,Iraklis,,,SCHEDULED,G1_20261213_Kalamata_Iraklis
2026-12-13,16:30,N1,Twente,Utrecht,,,SCHEDULED,N1_20261213_Twente_Utrecht
2026-12-13,16:30,P1,Rio Ave,Moreirense,,,SCHEDULED,P1_20261213_Rio_Ave_Moreirense
2026-12-13,16:30,POL,Korona Kielce,Slask Wroclaw,,,SCHEDULED,POL_20261213_Korona_Kielce_Slask_Wroclaw
2026-12-13,16:30,ROU,Farul Constanta,Dinamo Bucuresti,,,SCHEDULED,ROU_20261213_Farul_Constanta_Dinamo_Bucuresti
2026-12-13,16:30,SWZ,Zurich,Lausanne,,,SCHEDULED,SWZ_20261213_Zurich_Lausanne
2026-12-13,16:30,T1,Corum,Goztep,,,SCHEDULED,T1_20261213_Corum_Goztep
2026-12-13,17:15,F1,Angers,Strasbourg,,,SCHEDULED,F1_20261213_Angers_Strasbourg
2026-12-13,17:15,F2,Clermont,Laval,,,SCHEDULED,F2_20261213_Clermont_Laval
2026-12-13,17:30,D1,Elversberg,Schalke 04,,,SCHEDULED,D1_20261213_Elversberg_Schalke_04
2026-12-13,17:30,D2,Nurnberg,Kaiserslautern,,,SCHEDULED,D2_20261213_Nurnberg_Kaiserslautern
2026-12-13,18:00,I1,Udinese,Milan,,,SCHEDULED,I1_20261213_Udinese_Milan
2026-12-13,18:00,I2,Pisa,Padova,,,SCHEDULED,I2_20261213_Pisa_Padova
2026-12-13,18:30,AUT,A. Lustenau,Ried,,,SCHEDULED,AUT_20261213_A_Lustenau_Ried
2026-12-13,18:30,B1,Standard,Oud-Heverlee Leuven,,,SCHEDULED,B1_20261213_Standard_Oud_Heverlee_Leuven
2026-12-13,18:30,DNK,Nordsjaelland,FC Copenhagen,,,SCHEDULED,DNK_20261213_Nordsjaelland_FC_Copenhagen
2026-12-13,18:30,G1,OFI Crete,Panetolikos,,,SCHEDULED,G1_20261213_OFI_Crete_Panetolikos
2026-12-13,18:30,N1,Willem II,Ajax,,,SCHEDULED,N1_20261213_Willem_II_Ajax
2026-12-13,18:30,P1,Porto,Benfica,,,SCHEDULED,P1_20261213_Porto_Benfica
2026-12-13,18:30,POL,Jagiellonia,Widzew Lodz,,,SCHEDULED,POL_20261213_Jagiellonia_Widzew_Lodz
2026-12-13,18:30,ROU,Petrolul,FCSB,,,SCHEDULED,ROU_20261213_Petrolul_FCSB
2026-12-13,18:30,SP1,Espanol,Santander,,,SCHEDULED,SP1_20261213_Espanol_Santander
2026-12-13,18:30,SP2,Valladolid,Ceuta,,,SCHEDULED,SP2_20261213_Valladolid_Ceuta
2026-12-13,18:30,SWZ,Luzern,Basel,,,SCHEDULED,SWZ_20261213_Luzern_Basel
2026-12-13,18:30,T1,Samsunspor,Rizespor,,,SCHEDULED,T1_20261213_Samsunspor_Rizespor
2026-12-13,20:45,F1,Troyes,Nice,,,SCHEDULED,F1_20261213_Troyes_Nice
2026-12-13,20:45,F2,Grenoble,Annecy,,,SCHEDULED,F2_20261213_Grenoble_Annecy
2026-12-13,20:45,I1,Juventus,Sassuolo,,,SCHEDULED,I1_20261213_Juventus_Sassuolo
2026-12-13,20:45,I2,Juve Stabia,Catanzaro,,,SCHEDULED,I2_20261213_Juve_Stabia_Catanzaro
2026-12-13,21:00,SP1,Osasuna,Alaves,,,SCHEDULED,SP1_20261213_Osasuna_Alaves
2026-12-13,21:00,SP2,Eibar,Cadiz,,,SCHEDULED,SP2_20261213_Eibar_Cadiz
2026-12-15,20:45,E2,Doncaster,Oxford,,,SCHEDULED,E2_20261215_Doncaster_Oxford
2026-12-18,20:00,AUT,Salzburg,Ried,,,SCHEDULED,AUT_20261218_Salzburg_Ried
2026-12-18,20:00,B1,Antwerp,Oud-Heverlee Leuven,,,SCHEDULED,B1_20261218_Antwerp_Oud_Heverlee_Leuven
2026-12-18,20:00,DNK,Brondby,FC Copenhagen,,,SCHEDULED,DNK_20261218_Brondby_FC_Copenhagen
2026-12-18,20:00,E3,Accrington,York,,,SCHEDULED,E3_20261218_Accrington_York
2026-12-18,20:00,G1,Volos NFC,Panetolikos,,,SCHEDULED,G1_20261218_Volos_NFC_Panetolikos
2026-12-18,20:00,N1,Heerenveen,Ajax,,,SCHEDULED,N1_20261218_Heerenveen_Ajax
2026-12-18,20:00,P1,Gil Vicente,Benfica,,,SCHEDULED,P1_20261218_Gil_Vicente_Benfica
2026-12-18,20:00,POL,Gornik Zabrze,Widzew Lodz,,,SCHEDULED,POL_20261218_Gornik_Zabrze_Widzew_Lodz
2026-12-18,20:00,ROU,Petrolul,FC Arges,,,SCHEDULED,ROU_20261218_Petrolul_FC_Arges
2026-12-18,20:00,SWZ,Grasshoppers,Basel,,,SCHEDULED,SWZ_20261218_Grasshoppers_Basel
2026-12-18,20:00,T1,Samsunspor,Erzurumspor,,,SCHEDULED,T1_20261218_Samsunspor_Erzurumspor
2026-12-18,20:45,E2,Cambridge,Stevenage,,,SCHEDULED,E2_20261218_Cambridge_Stevenage
2026-12-18,20:45,F1,Monaco,Nice,,,SCHEDULED,F1_20261218_Monaco_Nice
2026-12-18,20:45,F2,Pau FC,Annecy,,,SCHEDULED,F2_20261218_Pau_FC_Annecy
2026-12-18,20:45,I1,Juventus,Fiorentina,,,SCHEDULED,I1_20261218_Juventus_Fiorentina
2026-12-18,20:45,I2,Juve Stabia,Palermo,,,SCHEDULED,I2_20261218_Juve_Stabia_Palermo
2026-12-18,21:00,E1,West Brom,Sheffield United,,,SCHEDULED,E1_20261218_West_Brom_Sheffield_United
2026-12-18,21:00,SP1,Ath Madrid,Alaves,,,SCHEDULED,SP1_20261218_Ath_Madrid_Alaves
2026-12-18,21:00,SP2,Sabadell,Cadiz,,,SCHEDULED,SP2_20261218_Sabadell_Cadiz
2026-12-19,13:30,E1,Birmingham,West Ham,,,SCHEDULED,E1_20261219_Birmingham_West_Ham
2026-12-19,13:30,E1,Bristol City,Cardiff,,,SCHEDULED,E1_20261219_Bristol_City_Cardiff
2026-12-19,13:30,E1,Millwall,Charlton,,,SCHEDULED,E1_20261219_Millwall_Charlton
2026-12-19,13:30,E1,Swansea,Preston,,,SCHEDULED,E1_20261219_Swansea_Preston
2026-12-19,13:30,E1,Watford,Bolton,,,SCHEDULED,E1_20261219_Watford_Bolton
2026-12-19,13:30,E2,Barnsley,Huddersfield,,,SCHEDULED,E2_20261219_Barnsley_Huddersfield
2026-12-19,13:30,E2,Sheffield Weds,Luton,,,SCHEDULED,E2_20261219_Sheffield_Weds_Luton
2026-12-19,14:00,SP1,Ath Bilbao,Elche,,,SCHEDULED,SP1_20261219_Ath_Bilbao_Elche
2026-12-19,14:00,SP1,Valencia,Levante,,,SCHEDULED,SP1_20261219_Valencia_Levante
2026-12-19,14:00,SP2,Castellon,Celta B,,,SCHEDULED,SP2_20261219_Castellon_Celta_B
2026-12-19,14:00,SP2,Eldense,Leganes,,,SCHEDULED,SP2_20261219_Eldense_Leganes
2026-12-19,15:00,E0,Arsenal,Man United,,,SCHEDULED,E0_20261219_Arsenal_Man_United
2026-12-19,15:00,E0,Bournemouth,Coventry,,,SCHEDULED,E0_20261219_Bournemouth_Coventry
2026-12-19,15:00,E0,Brentford,Newcastle,,,SCHEDULED,E0_20261219_Brentford_Newcastle
2026-12-19,15:00,E0,Brighton,Ipswich,,,SCHEDULED,E0_20261219_Brighton_Ipswich
2026-12-19,15:00,E0,Chelsea,Aston Villa,,,SCHEDULED,E0_20261219_Chelsea_Aston_Villa
2026-12-19,15:00,E0,Leeds,Fulham,,,SCHEDULED,E0_20261219_Leeds_Fulham
2026-12-19,15:00,E0,Liverpool,Tottenham,,,SCHEDULED,E0_20261219_Liverpool_Tottenham
2026-12-19,15:00,E0,Man City,Hull,,,SCHEDULED,E0_20261219_Man_City_Hull
2026-12-19,15:00,E0,Nott'm Forest,Everton,,,SCHEDULED,E0_20261219_Nott_m_Forest_Everton
2026-12-19,15:00,E0,Sunderland,Crystal Palace,,,SCHEDULED,E0_20261219_Sunderland_Crystal_Palace
2026-12-19,15:00,E3,Cheltenham,Port Vale,,,SCHEDULED,E3_20261219_Cheltenham_Port_Vale
2026-12-19,15:00,E3,Crawley Town,Newport County,,,SCHEDULED,E3_20261219_Crawley_Town_Newport_County
2026-12-19,15:00,E3,Fleetwood Town,Bristol Rvs,,,SCHEDULED,E3_20261219_Fleetwood_Town_Bristol_Rvs
2026-12-19,15:00,E3,Gillingham,Walsall,,,SCHEDULED,E3_20261219_Gillingham_Walsall
2026-12-19,15:00,E3,Oldham,Rotherham,,,SCHEDULED,E3_20261219_Oldham_Rotherham
2026-12-19,15:00,E3,Rochdale,Salford,,,SCHEDULED,E3_20261219_Rochdale_Salford
2026-12-19,15:00,E3,Shrewsbury,Barnet,,,SCHEDULED,E3_20261219_Shrewsbury_Barnet
2026-12-19,15:00,E3,Swindon,Crewe,,,SCHEDULED,E3_20261219_Swindon_Crewe
2026-12-19,15:00,I1,Atalanta,Como,,,SCHEDULED,I1_20261219_Atalanta_Como
2026-12-19,15:00,I1,Bologna,Cagliari,,,SCHEDULED,I1_20261219_Bologna_Cagliari
2026-12-19,15:00,I2,Ascoli,Empoli,,,SCHEDULED,I2_20261219_Ascoli_Empoli
2026-12-19,15:00,I2,Avellino,Sudtirol,,,SCHEDULED,I2_20261219_Avellino_Sudtirol
2026-12-19,15:00,SC0,Hearts,Dundee United,,,SCHEDULED,SC0_20261219_Hearts_Dundee_United
2026-12-19,15:00,SC0,Hibernian,St Mirren,,,SCHEDULED,SC0_20261219_Hibernian_St_Mirren
2026-12-19,15:00,SC0,Motherwell,Falkirk,,,SCHEDULED,SC0_20261219_Motherwell_Falkirk
2026-12-19,15:00,SC0,Rangers,Dundee,,,SCHEDULED,SC0_20261219_Rangers_Dundee
2026-12-19,16:00,E1,Burnley,Stoke,,,SCHEDULED,E1_20261219_Burnley_Stoke
2026-12-19,16:00,E1,Derby,Lincoln,,,SCHEDULED,E1_20261219_Derby_Lincoln
2026-12-19,16:00,E1,Middlesbrough,Portsmouth,,,SCHEDULED,E1_20261219_Middlesbrough_Portsmouth
2026-12-19,16:00,E1,Norwich,Wolves,,,SCHEDULED,E1_20261219_Norwich_Wolves
2026-12-19,16:00,E1,Southampton,Blackburn,,,SCHEDULED,E1_20261219_Southampton_Blackburn
2026-12-19,16:00,E1,Wrexham,QPR,,,SCHEDULED,E1_20261219_Wrexham_QPR
2026-12-19,16:00,E2,AFC Wimbledon,Oxford,,,SCHEDULED,E2_20261219_AFC_Wimbledon_Oxford
2026-12-19,16:00,E2,Blackpool,Burton,,,SCHEDULED,E2_20261219_Blackpool_Burton
2026-12-19,16:00,E2,Bromley,Bradford,,,SCHEDULED,E2_20261219_Bromley_Bradford
2026-12-19,16:00,E2,Leyton Orient,Notts County,,,SCHEDULED,E2_20261219_Leyton_Orient_Notts_County
2026-12-19,16:00,E2,Plymouth,Mansfield,,,SCHEDULED,E2_20261219_Plymouth_Mansfield
2026-12-19,16:00,E2,Reading,Leicester,,,SCHEDULED,E2_20261219_Reading_Leicester
2026-12-19,16:00,E2,Stockport,Milton Keynes Dons,,,SCHEDULED,E2_20261219_Stockport_Milton_Keynes_Dons
2026-12-19,16:00,E2,Wigan,Peterboro,,,SCHEDULED,E2_20261219_Wigan_Peterboro
2026-12-19,16:00,E2,Wycombe,Doncaster,,,SCHEDULED,E2_20261219_Wycombe_Doncaster
2026-12-19,16:15,SP1,Vallecano,Barcelona,,,SCHEDULED,SP1_20261219_Vallecano_Barcelona
2026-12-19,16:15,SP2,Girona,Cordoba,,,SCHEDULED,SP2_20261219_Girona_Cordoba
2026-12-19,16:15,SP2,Las Palmas,Albacete,,,SCHEDULED,SP2_20261219_Las_Palmas_Albacete
2026-12-19,17:00,F1,Marseille,Brest,,,SCHEDULED,F1_20261219_Marseille_Brest
2026-12-19,17:00,F1,Paris FC,Toulouse,,,SCHEDULED,F1_20261219_Paris_FC_Toulouse
2026-12-19,17:00,F2,Dunkerque,Sochaux,,,SCHEDULED,F2_20261219_Dunkerque_Sochaux
2026-12-19,17:00,F2,Metz,Boulogne,,,SCHEDULED,F2_20261219_Metz_Boulogne
2026-12-19,17:30,E3,Grimsby,Northampton,,,SCHEDULED,E3_20261219_Grimsby_Northampton
2026-12-19,17:30,SC0,Celtic,St Johnstone,,,SCHEDULED,SC0_20261219_Celtic_St_Johnstone
2026-12-19,18:00,AUT,Tirol,Hartberg,,,SCHEDULED,AUT_20261219_Tirol_Hartberg
2026-12-19,18:00,B1,Club Brugge,Charleroi,,,SCHEDULED,B1_20261219_Club_Brugge_Charleroi
2026-12-19,18:00,B1,Gent,Mechelen,,,SCHEDULED,B1_20261219_Gent_Mechelen
2026-12-19,18:00,B1,RAAL La Louviere,Kortrijk,,,SCHEDULED,B1_20261219_RAAL_La_Louviere_Kortrijk
2026-12-19,18:00,DNK,Horsens,Odense,,,SCHEDULED,DNK_20261219_Horsens_Odense
2026-12-19,18:00,G1,Olympiakos,Kifisia,,,SCHEDULED,G1_20261219_Olympiakos_Kifisia
2026-12-19,18:00,G1,PAOK,AEK,,,SCHEDULED,G1_20261219_PAOK_AEK
2026-12-19,18:00,I1,Frosinone,Parma,,,SCHEDULED,I1_20261219_Frosinone_Parma
2026-12-19,18:00,I1,Lazio,Napoli,,,SCHEDULED,I1_20261219_Lazio_Napoli
2026-12-19,18:00,I2,Mantova,Cremonese,,,SCHEDULED,I2_20261219_Mantova_Cremonese
2026-12-19,18:00,I2,Verona,Modena,,,SCHEDULED,I2_20261219_Verona_Modena
2026-12-19,18:00,N1,Cambuur,Zwolle,,,SCHEDULED,N1_20261219_Cambuur_Zwolle
2026-12-19,18:00,N1,Den Haag,AZ Alkmaar,,,SCHEDULED,N1_20261219_Den_Haag_AZ_Alkmaar
2026-12-19,18:00,N1,Nijmegen,Sparta Rotterdam,,,SCHEDULED,N1_20261219_Nijmegen_Sparta_Rotterdam
2026-12-19,18:00,P1,Alverca,Guimaraes,,,SCHEDULED,P1_20261219_Alverca_Guimaraes
2026-12-19,18:00,P1,Estoril,Arouca,,,SCHEDULED,P1_20261219_Estoril_Arouca
2026-12-19,18:00,P1,Sp Braga,Academico Viseu,,,SCHEDULED,P1_20261219_Sp_Braga_Academico_Viseu
2026-12-19,18:00,POL,Cracovia,Wieczysta Krakow,,,SCHEDULED,POL_20261219_Cracovia_Wieczysta_Krakow
2026-12-19,18:00,POL,Piast Gliwice,Zaglebie,,,SCHEDULED,POL_20261219_Piast_Gliwice_Zaglebie
2026-12-19,18:00,POL,Rakow,GKS Katowice,,,SCHEDULED,POL_20261219_Rakow_GKS_Katowice
2026-12-19,18:00,ROU,FC Rapid Bucuresti,FC Botosani,,,SCHEDULED,ROU_20261219_FC_Rapid_Bucuresti_FC_Botosani
2026-12-19,18:00,ROU,UTA Arad,CFR Cluj,,,SCHEDULED,ROU_20261219_UTA_Arad_CFR_Cluj
2026-12-19,18:00,SWZ,Vaduz,Thun,,,SCHEDULED,SWZ_20261219_Vaduz_Thun
2026-12-19,18:00,T1,Fenerbahce,Genclerbirligi,,,SCHEDULED,T1_20261219_Fenerbahce_Genclerbirligi
2026-12-19,18:00,T1,Gaziantep,Besiktas,,,SCHEDULED,T1_20261219_Gaziantep_Besiktas
2026-12-19,18:00,T1,Trabzonspor,Galatasaray,,,SCHEDULED,T1_20261219_Trabzonspor_Galatasaray
2026-12-19,18:30,SP1,Malaga,Sociedad,,,SCHEDULED,SP1_20261219_Malaga_Sociedad
2026-12-19,18:30,SP2,Almeria,Mallorca,,,SCHEDULED,SP2_20261219_Almeria_Mallorca
2026-12-19,20:45,AUT,LASK,Grazer AK,,,SCHEDULED,AUT_20261219_LASK_Grazer_AK
2026-12-19,20:45,B1,Genk,St Truiden,,,SCHEDULED,B1_20261219_Genk_St_Truiden
2026-12-19,20:45,DNK,Sonderjyske,Aarhus,,,SCHEDULED,DNK_20261219_Sonderjyske_Aarhus
2026-12-19,20:45,G1,Levadeiakos,Atromitos,,,SCHEDULED,G1_20261219_Levadeiakos_Atromitos
2026-12-19,20:45,I1,Genoa,Lecce,,,SCHEDULED,I1_20261219_Genoa_Lecce
2026-12-19,20:45,I2,Cesena,Virtus Entella,,,SCHEDULED,I2_20261219_Cesena_Virtus_Entella
2026-12-19,20:45,N1,For Sittard,Excelsior,,,SCHEDULED,N1_20261219_For_Sittard_Excelsior
2026-12-19,20:45,P1,Maritimo,Estrela,,,SCHEDULED,P1_20261219_Maritimo_Estrela
2026-12-19,20:45,POL,Lech Poznan,Legia,,,SCHEDULED,POL_20261219_Lech_Poznan_Legia
2026-12-19,20:45,ROU,U. Cluj,FC Voluntari,,,SCHEDULED,ROU_20261219_U_Cluj_FC_Voluntari
2026-12-19,20:45,SWZ,St. Gallen,Young Boys,,,SCHEDULED,SWZ_20261219_St_Gallen_Young_Boys
2026-12-19,20:45,T1,Eyupspor,Kocaelispor,,,SCHEDULED,T1_20261219_Eyupspor_Kocaelispor
2026-12-19,21:00,F1,Le Havre,Le Mans,,,SCHEDULED,F1_20261219_Le_Havre_Le_Mans
2026-12-19,21:00,F2,Reims,Nantes,,,SCHEDULED,F2_20261219_Reims_Nantes
2026-12-19,21:00,SP1,Real Madrid,La Coruna,,,SCHEDULED,SP1_20261219_Real_Madrid_La_Coruna
2026-12-19,21:00,SP2,Oviedo,Andorra,,,SCHEDULED,SP2_20261219_Oviedo_Andorra
2026-12-20,12:30,I1,Inter,Torino,,,SCHEDULED,I1_20261220_Inter_Torino
2026-12-20,12:30,I2,Carrarese,Vicenza,,,SCHEDULED,I2_20261220_Carrarese_Vicenza
2026-12-20,14:00,E3,Colchester,Exeter,,,SCHEDULED,E3_20261220_Colchester_Exeter
2026-12-20,14:00,SC0,Aberdeen,Kilmarnock,,,SCHEDULED,SC0_20261220_Aberdeen_Kilmarnock
2026-12-20,14:00,SP1,Getafe,Villarreal,,,SCHEDULED,SP1_20261220_Getafe_Villarreal
2026-12-20,14:00,SP2,Sociedad B,Granada,,,SCHEDULED,SP2_20261220_Sociedad_B_Granada
2026-12-20,14:30,AUT,Altach,SK Rapid,,,SCHEDULED,AUT_20261220_Altach_SK_Rapid
2026-12-20,14:30,B1,St. Gilloise,Cercle Brugge,,,SCHEDULED,B1_20261220_St_Gilloise_Cercle_Brugge
2026-12-20,14:30,B1,Waregem,Westerlo,,,SCHEDULED,B1_20261220_Waregem_Westerlo
2026-12-20,14:30,DNK,Viborg,Silkeborg,,,SCHEDULED,DNK_20261220_Viborg_Silkeborg
2026-12-20,14:30,G1,Panathinaikos,Iraklis,,,SCHEDULED,G1_20261220_Panathinaikos_Iraklis
2026-12-20,14:30,N1,Groningen,Feyenoord,,,SCHEDULED,N1_20261220_Groningen_Feyenoord
2026-12-20,14:30,N1,PSV Eindhoven,Utrecht,,,SCHEDULED,N1_20261220_PSV_Eindhoven_Utrecht
2026-12-20,14:30,P1,Casa Pia,Moreirense,,,SCHEDULED,P1_20261220_Casa_Pia_Moreirense
2026-12-20,14:30,P1,Sp Lisbon,Nacional,,,SCHEDULED,P1_20261220_Sp_Lisbon_Nacional
2026-12-20,14:30,POL,Radomiak Radom,Wisla Plock,,,SCHEDULED,POL_20261220_Radomiak_Radom_Wisla_Plock
2026-12-20,14:30,POL,Wisla,Slask Wroclaw,,,SCHEDULED,POL_20261220_Wisla_Slask_Wroclaw
2026-12-20,14:30,ROU,Csikszereda M. Ciuc,Otelul,,,SCHEDULED,ROU_20261220_Csikszereda_M_Ciuc_Otelul
2026-12-20,14:30,ROU,Farul Constanta,Sepsi Sf. Gheorghe,,,SCHEDULED,ROU_20261220_Farul_Constanta_Sepsi_Sf_Gheorghe
2026-12-20,14:30,SWZ,Lugano,Lausanne,,,SCHEDULED,SWZ_20261220_Lugano_Lausanne
2026-12-20,14:30,T1,Corum,Amedspor,,,SCHEDULED,T1_20261220_Corum_Amedspor
2026-12-20,14:30,T1,Kasimpasa,Konyaspor,,,SCHEDULED,T1_20261220_Kasimpasa_Konyaspor
2026-12-20,15:00,F1,Lens,Strasbourg,,,SCHEDULED,F1_20261220_Lens_Strasbourg
2026-12-20,15:00,F1,Lyon,Lorient,,,SCHEDULED,F1_20261220_Lyon_Lorient
2026-12-20,15:00,F1,Rennes,Paris SG,,,SCHEDULED,F1_20261220_Rennes_Paris_SG
2026-12-20,15:00,F2,Dijon,St Etienne,,,SCHEDULED,F2_20261220_Dijon_St_Etienne
2026-12-20,15:00,F2,Montpellier,Rodez,,,SCHEDULED,F2_20261220_Montpellier_Rodez
2026-12-20,15:00,F2,Nancy,Laval,,,SCHEDULED,F2_20261220_Nancy_Laval
2026-12-20,15:00,I1,Udinese,Roma,,,SCHEDULED,I1_20261220_Udinese_Roma
2026-12-20,15:00,I2,Pisa,Benevento,,,SCHEDULED,I2_20261220_Pisa_Benevento
2026-12-20,16:15,SP1,Celta,Santander,,,SCHEDULED,SP1_20261220_Celta_Santander
2026-12-20,16:15,SP2,Sp Gijon,Ceuta,,,SCHEDULED,SP2_20261220_Sp_Gijon_Ceuta
2026-12-20,16:30,AUT,A. Lustenau,Wolfsberger AC,,,SCHEDULED,AUT_20261220_A_Lustenau_Wolfsberger_AC
2026-12-20,16:30,B1,Standard,Beveren,,,SCHEDULED,B1_20261220_Standard_Beveren
2026-12-20,16:30,DNK,Nordsjaelland,Randers FC,,,SCHEDULED,DNK_20261220_Nordsjaelland_Randers_FC
2026-12-20,16:30,E3,Chesterfield,Tranmere,,,SCHEDULED,E3_20261220_Chesterfield_Tranmere
2026-12-20,16:30,G1,OFI Crete,Aris,,,SCHEDULED,G1_20261220_OFI_Crete_Aris
2026-12-20,16:30,N1,Willem II,Go Ahead Eagles,,,SCHEDULED,N1_20261220_Willem_II_Go_Ahead_Eagles
2026-12-20,16:30,P1,Porto,Famalicao,,,SCHEDULED,P1_20261220_Porto_Famalicao
2026-12-20,16:30,POL,Jagiellonia,Motor Lublin,,,SCHEDULED,POL_20261220_Jagiellonia_Motor_Lublin
2026-12-20,16:30,ROU,Univ. Craiova,FCSB,,,SCHEDULED,ROU_20261220_Univ_Craiova_FCSB
2026-12-20,16:30,SWZ,Luzern,Sion,,,SCHEDULED,SWZ_20261220_Luzern_Sion
2026-12-20,16:30,T1,Buyuksehyr,Rizespor,,,SCHEDULED,T1_20261220_Buyuksehyr_Rizespor
2026-12-20,17:15,F1,Troyes,Lille,,,SCHEDULED,F1_20261220_Troyes_Lille
2026-12-20,17:15,F2,Grenoble,Red Star,,,SCHEDULED,F2_20261220_Grenoble_Red_Star
2026-12-20,18:00,I1,Monza,Sassuolo,,,SCHEDULED,I1_20261220_Monza_Sassuolo
2026-12-20,18:00,I2,Arezzo,Catanzaro,,,SCHEDULED,I2_20261220_Arezzo_Catanzaro
2026-12-20,18:30,AUT,Austria Vienna,Sturm Graz,,,SCHEDULED,AUT_20261220_Austria_Vienna_Sturm_Graz
2026-12-20,18:30,B1,Anderlecht,Lommel SK,,,SCHEDULED,B1_20261220_Anderlecht_Lommel_SK
2026-12-20,18:30,DNK,Lyngby,Midtjylland,,,SCHEDULED,DNK_20261220_Lyngby_Midtjylland
2026-12-20,18:30,G1,Kalamata,Asteras Tripolis,,,SCHEDULED,G1_20261220_Kalamata_Asteras_Tripolis
2026-12-20,18:30,N1,Twente,Telstar,,,SCHEDULED,N1_20261220_Twente_Telstar
2026-12-20,18:30,P1,Rio Ave,Santa Clara,,,SCHEDULED,P1_20261220_Rio_Ave_Santa_Clara
2026-12-20,18:30,POL,Korona Kielce,Pogon Szczecin,,,SCHEDULED,POL_20261220_Korona_Kielce_Pogon_Szczecin
2026-12-20,18:30,ROU,Corvinul,Dinamo Bucuresti,,,SCHEDULED,ROU_20261220_Corvinul_Dinamo_Bucuresti
2026-12-20,18:30,SP1,Osasuna,Sevilla,,,SCHEDULED,SP1_20261220_Osasuna_Sevilla
2026-12-20,18:30,SP2,Eibar,Burgos,,,SCHEDULED,SP2_20261220_Eibar_Burgos
2026-12-20,18:30,SWZ,Zurich,Servette,,,SCHEDULED,SWZ_20261220_Zurich_Servette
2026-12-20,18:30,T1,Alanyaspor,Goztep,,,SCHEDULED,T1_20261220_Alanyaspor_Goztep
2026-12-20,20:45,F1,Angers,Auxerre,,,SCHEDULED,F1_20261220_Angers_Auxerre
2026-12-20,20:45,F2,Clermont,Guingamp,,,SCHEDULED,F2_20261220_Clermont_Guingamp
2026-12-20,20:45,I1,Venezia,Milan,,,SCHEDULED,I1_20261220_Venezia_Milan
2026-12-20,20:45,I2,Sampdoria,Padova,,,SCHEDULED,I2_20261220_Sampdoria_Padova
2026-12-20,21:00,SP1,Espanol,Betis,,,SCHEDULED,SP1_20261220_Espanol_Betis
2026-12-20,21:00,SP2,Valladolid,Tenerife,,,SCHEDULED,SP2_20261220_Valladolid_Tenerife
2026-12-25,20:00,E3,Chesterfield,Salford,,,SCHEDULED,E3_20261225_Chesterfield_Salford
2026-12-26,12:30,E0,Aston Villa,Leeds,,,SCHEDULED,E0_20261226_Aston_Villa_Leeds
2026-12-26,13:30,E1,Bolton,Burnley,,,SCHEDULED,E1_20261226_Bolton_Burnley
2026-12-26,13:30,E1,Sheffield United,Middlesbrough,,,SCHEDULED,E1_20261226_Sheffield_United_Middlesbrough
2026-12-26,15:00,E0,Everton,Sunderland,,,SCHEDULED,E0_20261226_Everton_Sunderland
2026-12-26,15:00,E0,Fulham,Brighton,,,SCHEDULED,E0_20261226_Fulham_Brighton
2026-12-26,15:00,E0,Ipswich,Brentford,,,SCHEDULED,E0_20261226_Ipswich_Brentford
2026-12-26,15:00,E0,Tottenham,Bournemouth,,,SCHEDULED,E0_20261226_Tottenham_Bournemouth
2026-12-26,15:00,E3,Bristol Rvs,Walsall,,,SCHEDULED,E3_20261226_Bristol_Rvs_Walsall
2026-12-26,15:00,E3,Cheltenham,Fleetwood Town,,,SCHEDULED,E3_20261226_Cheltenham_Fleetwood_Town
2026-12-26,15:00,E3,Crawley Town,York,,,SCHEDULED,E3_20261226_Crawley_Town_York
2026-12-26,15:00,E3,Gillingham,Exeter,,,SCHEDULED,E3_20261226_Gillingham_Exeter
2026-12-26,15:00,E3,Oldham,Newport County,,,SCHEDULED,E3_20261226_Oldham_Newport_County
2026-12-26,15:00,E3,Rochdale,Crewe,,,SCHEDULED,E3_20261226_Rochdale_Crewe
2026-12-26,15:00,E3,Shrewsbury,Port Vale,,,SCHEDULED,E3_20261226_Shrewsbury_Port_Vale
2026-12-26,15:00,E3,Swindon,Rotherham,,,SCHEDULED,E3_20261226_Swindon_Rotherham
2026-12-26,15:00,SC0,Dundee United,St Mirren,,,SCHEDULED,SC0_20261226_Dundee_United_St_Mirren
2026-12-26,15:00,SC0,Hibernian,Kilmarnock,,,SCHEDULED,SC0_20261226_Hibernian_Kilmarnock
2026-12-26,15:00,SC0,Motherwell,Dundee,,,SCHEDULED,SC0_20261226_Motherwell_Dundee
2026-12-26,15:00,SC0,Rangers,Hearts,,,SCHEDULED,SC0_20261226_Rangers_Hearts
2026-12-26,16:00,E1,Blackburn,Birmingham,,,SCHEDULED,E1_20261226_Blackburn_Birmingham
2026-12-26,16:00,E1,Cardiff,Millwall,,,SCHEDULED,E1_20261226_Cardiff_Millwall
2026-12-26,16:00,E1,Charlton,Southampton,,,SCHEDULED,E1_20261226_Charlton_Southampton
2026-12-26,16:00,E1,Lincoln,West Brom,,,SCHEDULED,E1_20261226_Lincoln_West_Brom
2026-12-26,16:00,E1,Portsmouth,Watford,,,SCHEDULED,E1_20261226_Portsmouth_Watford
2026-12-26,16:00,E1,Preston,Derby,,,SCHEDULED,E1_20261226_Preston_Derby
2026-12-26,16:00,E1,QPR,Bristol City,,,SCHEDULED,E1_20261226_QPR_Bristol_City
2026-12-26,16:00,E1,Stoke,Wrexham,,,SCHEDULED,E1_20261226_Stoke_Wrexham
2026-12-26,16:00,E1,West Ham,Norwich,,,SCHEDULED,E1_20261226_West_Ham_Norwich
2026-12-26,16:00,E1,Wolves,Swansea,,,SCHEDULED,E1_20261226_Wolves_Swansea
2026-12-26,16:00,E2,Bradford,Stockport,,,SCHEDULED,E2_20261226_Bradford_Stockport
2026-12-26,16:00,E2,Burton,Sheffield Weds,,,SCHEDULED,E2_20261226_Burton_Sheffield_Weds
2026-12-26,16:00,E2,Doncaster,Wigan,,,SCHEDULED,E2_20261226_Doncaster_Wigan
2026-12-26,16:00,E2,Huddersfield,Blackpool,,,SCHEDULED,E2_20261226_Huddersfield_Blackpool
2026-12-26,16:00,E2,Leicester,AFC Wimbledon,,,SCHEDULED,E2_20261226_Leicester_AFC_Wimbledon
2026-12-26,16:00,E2,Luton,Bromley,,,SCHEDULED,E2_20261226_Luton_Bromley
2026-12-26,16:00,E2,Mansfield,Barnsley,,,SCHEDULED,E2_20261226_Mansfield_Barnsley
2026-12-26,16:00,E2,Milton Keynes Dons,Leyton Orient,,,SCHEDULED,E2_20261226_Milton_Keynes_Dons_Leyton_Orient
2026-12-26,16:00,E2,Notts County,Cambridge,,,SCHEDULED,E2_20261226_Notts_County_Cambridge
2026-12-26,16:00,E2,Oxford,Plymouth,,,SCHEDULED,E2_20261226_Oxford_Plymouth
2026-12-26,16:00,E2,Peterboro,Wycombe,,,SCHEDULED,E2_20261226_Peterboro_Wycombe
2026-12-26,16:00,E2,Stevenage,Reading,,,SCHEDULED,E2_20261226_Stevenage_Reading
2026-12-26,17:30,E0,Hull,Liverpool,,,SCHEDULED,E0_20261226_Hull_Liverpool
2026-12-26,17:30,E3,Colchester,Tranmere,,,SCHEDULED,E3_20261226_Colchester_Tranmere
2026-12-26,17:30,SC0,Aberdeen,St Johnstone,,,SCHEDULED,SC0_20261226_Aberdeen_St_Johnstone
2026-12-26,20:00,E0,Newcastle,Man City,,,SCHEDULED,E0_20261226_Newcastle_Man_City
2026-12-27,14:00,E0,Coventry,Chelsea,,,SCHEDULED,E0_20261227_Coventry_Chelsea
2026-12-27,14:00,E3,Grimsby,Barnet,,,SCHEDULED,E3_20261227_Grimsby_Barnet
2026-12-27,14:00,SC0,Celtic,Falkirk,,,SCHEDULED,SC0_20261227_Celtic_Falkirk
2026-12-27,16:30,E0,Man United,Nott'm Forest,,,SCHEDULED,E0_20261227_Man_United_Nott_m_Forest
2026-12-27,16:30,E3,Accrington,Northampton,,,SCHEDULED,E3_20261227_Accrington_Northampton
2026-12-27,19:00,E0,Crystal Palace,Arsenal,,,SCHEDULED,E0_20261227_Crystal_Palace_Arsenal
2026-12-29,19:00,E1,Wrexham,Blackburn,,,SCHEDULED,E1_20261229_Wrexham_Blackburn
2026-12-29,19:30,E0,Hull,Leeds,,,SCHEDULED,E0_20261229_Hull_Leeds
2026-12-29,19:30,E0,Tottenham,Brighton,,,SCHEDULED,E0_20261229_Tottenham_Brighton
2026-12-29,20:15,E0,Everton,Man City,,,SCHEDULED,E0_20261229_Everton_Man_City
2026-12-29,20:45,E1,Bristol City,Stoke,,,SCHEDULED,E1_20261229_Bristol_City_Stoke
2026-12-29,20:45,E1,Burnley,Lincoln,,,SCHEDULED,E1_20261229_Burnley_Lincoln
2026-12-29,20:45,E1,Derby,Sheffield United,,,SCHEDULED,E1_20261229_Derby_Sheffield_United
2026-12-29,20:45,E1,Middlesbrough,Bolton,,,SCHEDULED,E1_20261229_Middlesbrough_Bolton
2026-12-29,20:45,E1,Millwall,Portsmouth,,,SCHEDULED,E1_20261229_Millwall_Portsmouth
2026-12-29,20:45,E1,Norwich,Charlton,,,SCHEDULED,E1_20261229_Norwich_Charlton
2026-12-29,20:45,E1,Swansea,QPR,,,SCHEDULED,E1_20261229_Swansea_QPR
2026-12-29,20:45,E1,Watford,Wolves,,,SCHEDULED,E1_20261229_Watford_Wolves
2026-12-29,20:45,E1,West Brom,Preston,,,SCHEDULED,E1_20261229_West_Brom_Preston
2026-12-29,20:45,E2,AFC Wimbledon,Luton,,,SCHEDULED,E2_20261229_AFC_Wimbledon_Luton
2026-12-29,20:45,E2,Barnsley,Burton,,,SCHEDULED,E2_20261229_Barnsley_Burton
2026-12-29,20:45,E2,Blackpool,Bradford,,,SCHEDULED,E2_20261229_Blackpool_Bradford
2026-12-29,20:45,E2,Bromley,Oxford,,,SCHEDULED,E2_20261229_Bromley_Oxford
2026-12-29,20:45,E2,Cambridge,Doncaster,,,SCHEDULED,E2_20261229_Cambridge_Doncaster
2026-12-29,20:45,E2,Leyton Orient,Leicester,,,SCHEDULED,E2_20261229_Leyton_Orient_Leicester
2026-12-29,20:45,E2,Plymouth,Milton Keynes Dons,,,SCHEDULED,E2_20261229_Plymouth_Milton_Keynes_Dons
2026-12-29,20:45,E2,Sheffield Weds,Mansfield,,,SCHEDULED,E2_20261229_Sheffield_Weds_Mansfield
2026-12-29,20:45,E2,Stockport,Huddersfield,,,SCHEDULED,E2_20261229_Stockport_Huddersfield
2026-12-29,20:45,E2,Wigan,Notts County,,,SCHEDULED,E2_20261229_Wigan_Notts_County
2026-12-29,20:45,E2,Wycombe,Stevenage,,,SCHEDULED,E2_20261229_Wycombe_Stevenage
2026-12-29,21:00,E1,Birmingham,Cardiff,,,SCHEDULED,E1_20261229_Birmingham_Cardiff
2026-12-29,21:00,E2,Reading,Peterboro,,,SCHEDULED,E2_20261229_Reading_Peterboro
2026-12-29,21:15,E1,Southampton,West Ham,,,SCHEDULED,E1_20261229_Southampton_West_Ham
2026-12-30,19:30,E0,Coventry,Brentford,,,SCHEDULED,E0_20261230_Coventry_Brentford
2026-12-30,19:30,E0,Crystal Palace,Bournemouth,,,SCHEDULED,E0_20261230_Crystal_Palace_Bournemouth
2026-12-30,19:30,E0,Fulham,Arsenal,,,SCHEDULED,E0_20261230_Fulham_Arsenal
2026-12-30,19:30,E0,Man United,Sunderland,,,SCHEDULED,E0_20261230_Man_United_Sunderland
2026-12-30,19:30,E0,Newcastle,Nott'm Forest,,,SCHEDULED,E0_20261230_Newcastle_Nott_m_Forest
2026-12-30,20:15,E0,Aston Villa,Liverpool,,,SCHEDULED,E0_20261230_Aston_Villa_Liverpool
2026-12-30,20:15,E0,Ipswich,Chelsea,,,SCHEDULED,E0_20261230_Ipswich_Chelsea
2027-01-01,13:30,E1,Millwall,Wolves,,,SCHEDULED,E1_20270101_Millwall_Wolves
2027-01-01,16:00,E1,Birmingham,Portsmouth,,,SCHEDULED,E1_20270101_Birmingham_Portsmouth
2027-01-01,16:00,E1,Bristol City,West Ham,,,SCHEDULED,E1_20270101_Bristol_City_West_Ham
2027-01-01,16:00,E1,Derby,Blackburn,,,SCHEDULED,E1_20270101_Derby_Blackburn
2027-01-01,16:00,E1,Middlesbrough,Preston,,,SCHEDULED,E1_20270101_Middlesbrough_Preston
2027-01-01,16:00,E1,Norwich,Lincoln,,,SCHEDULED,E1_20270101_Norwich_Lincoln
2027-01-01,16:00,E1,Southampton,Cardiff,,,SCHEDULED,E1_20270101_Southampton_Cardiff
2027-01-01,16:00,E1,Swansea,Charlton,,,SCHEDULED,E1_20270101_Swansea_Charlton
2027-01-01,16:00,E1,Watford,QPR,,,SCHEDULED,E1_20270101_Watford_QPR
2027-01-01,16:00,E1,West Brom,Stoke,,,SCHEDULED,E1_20270101_West_Brom_Stoke
2027-01-01,16:00,E1,Wrexham,Bolton,,,SCHEDULED,E1_20270101_Wrexham_Bolton
2027-01-01,16:00,E2,AFC Wimbledon,Peterboro,,,SCHEDULED,E2_20270101_AFC_Wimbledon_Peterboro
2027-01-01,16:00,E2,Barnsley,Notts County,,,SCHEDULED,E2_20270101_Barnsley_Notts_County
2027-01-01,16:00,E2,Blackpool,Doncaster,,,SCHEDULED,E2_20270101_Blackpool_Doncaster
2027-01-01,16:00,E2,Bromley,Stevenage,,,SCHEDULED,E2_20270101_Bromley_Stevenage
2027-01-01,16:00,E2,Leyton Orient,Oxford,,,SCHEDULED,E2_20270101_Leyton_Orient_Oxford
2027-01-01,16:00,E2,Reading,Milton Keynes Dons,,,SCHEDULED,E2_20270101_Reading_Milton_Keynes_Dons
2027-01-01,16:00,E2,Sheffield Weds,Huddersfield,,,SCHEDULED,E2_20270101_Sheffield_Weds_Huddersfield
2027-01-01,16:00,E2,Wigan,Bradford,,,SCHEDULED,E2_20270101_Wigan_Bradford
2027-01-01,16:00,E2,Wycombe,Leicester,,,SCHEDULED,E2_20270101_Wycombe_Leicester
2027-01-01,18:30,E1,Burnley,Sheffield United,,,SCHEDULED,E1_20270101_Burnley_Sheffield_United
2027-01-01,20:00,E0,Leeds,Everton,,,SCHEDULED,E0_20270101_Leeds_Everton
2027-01-01,20:00,E3,Crawley Town,Northampton,,,SCHEDULED,E3_20270101_Crawley_Town_Northampton
2027-01-02,12:30,E0,Brighton,Man United,,,SCHEDULED,E0_20270102_Brighton_Man_United
2027-01-02,15:00,E0,Arsenal,Ipswich,,,SCHEDULED,E0_20270102_Arsenal_Ipswich
2027-01-02,15:00,E0,Brentford,Crystal Palace,,,SCHEDULED,E0_20270102_Brentford_Crystal_Palace
2027-01-02,15:00,E0,Liverpool,Coventry,,,SCHEDULED,E0_20270102_Liverpool_Coventry
2027-01-02,15:00,E0,Nott'm Forest,Fulham,,,SCHEDULED,E0_20270102_Nott_m_Forest_Fulham
2027-01-02,15:00,E0,Sunderland,Hull,,,SCHEDULED,E0_20270102_Sunderland_Hull
2027-01-02,15:00,E3,Bristol Rvs,Exeter,,,SCHEDULED,E3_20270102_Bristol_Rvs_Exeter
2027-01-02,15:00,E3,Chesterfield,Crewe,,,SCHEDULED,E3_20270102_Chesterfield_Crewe
2027-01-02,15:00,E3,Fleetwood Town,Walsall,,,SCHEDULED,E3_20270102_Fleetwood_Town_Walsall
2027-01-02,15:00,E3,Grimsby,Port Vale,,,SCHEDULED,E3_20270102_Grimsby_Port_Vale
2027-01-02,15:00,E3,Oldham,York,,,SCHEDULED,E3_20270102_Oldham_York
2027-01-02,15:00,E3,Rochdale,Rotherham,,,SCHEDULED,E3_20270102_Rochdale_Rotherham
2027-01-02,15:00,E3,Shrewsbury,Cheltenham,,,SCHEDULED,E3_20270102_Shrewsbury_Cheltenham
2027-01-02,15:00,E3,Swindon,Newport County,,,SCHEDULED,E3_20270102_Swindon_Newport_County
2027-01-02,15:00,SC0,Celtic,Dundee,,,SCHEDULED,SC0_20270102_Celtic_Dundee
2027-01-02,15:00,SC0,Dundee United,Kilmarnock,,,SCHEDULED,SC0_20270102_Dundee_United_Kilmarnock
2027-01-02,15:00,SC0,Hearts,St Mirren,,,SCHEDULED,SC0_20270102_Hearts_St_Mirren
2027-01-02,15:00,SC0,Motherwell,Rangers,,,SCHEDULED,SC0_20270102_Motherwell_Rangers
2027-01-02,16:00,E2,Cambridge,Mansfield,,,SCHEDULED,E2_20270102_Cambridge_Mansfield
2027-01-02,16:00,E2,Plymouth,Luton,,,SCHEDULED,E2_20270102_Plymouth_Luton
2027-01-02,16:00,E2,Stockport,Burton,,,SCHEDULED,E2_20270102_Stockport_Burton
2027-01-02,17:30,E0,Bournemouth,Aston Villa,,,SCHEDULED,E0_20270102_Bournemouth_Aston_Villa
2027-01-02,17:30,E3,Accrington,Barnet,,,SCHEDULED,E3_20270102_Accrington_Barnet
2027-01-02,17:30,SC0,Aberdeen,Falkirk,,,SCHEDULED,SC0_20270102_Aberdeen_Falkirk
2027-01-03,14:00,E0,Chelsea,Newcastle,,,SCHEDULED,E0_20270103_Chelsea_Newcastle
2027-01-03,14:00,E3,Gillingham,Tranmere,,,SCHEDULED,E3_20270103_Gillingham_Tranmere
2027-01-03,14:00,SC0,Hibernian,St Johnstone,,,SCHEDULED,SC0_20270103_Hibernian_St_Johnstone
2027-01-03,16:30,E0,Man City,Tottenham,,,SCHEDULED,E0_20270103_Man_City_Tottenham
2027-01-03,16:30,E3,Colchester,Salford,,,SCHEDULED,E3_20270103_Colchester_Salford
2027-01-05,19:30,E0,Arsenal,Brentford,,,SCHEDULED,E0_20270105_Arsenal_Brentford
2027-01-05,19:30,E0,Brighton,Bournemouth,,,SCHEDULED,E0_20270105_Brighton_Bournemouth
2027-01-05,19:30,E0,Everton,Aston Villa,,,SCHEDULED,E0_20270105_Everton_Aston_Villa
2027-01-05,19:30,E0,Nott'm Forest,Hull,,,SCHEDULED,E0_20270105_Nott_m_Forest_Hull
2027-01-05,20:15,E0,Sunderland,Liverpool,,,SCHEDULED,E0_20270105_Sunderland_Liverpool
2027-01-05,20:45,I1,Bologna,Milan,,,SCHEDULED,I1_20270105_Bologna_Milan
2027-01-05,20:45,I1,Como,Napoli,,,SCHEDULED,I1_20270105_Como_Napoli
2027-01-05,20:45,I1,Frosinone,Cagliari,,,SCHEDULED,I1_20270105_Frosinone_Cagliari
2027-01-05,20:45,I1,Genoa,Atalanta,,,SCHEDULED,I1_20270105_Genoa_Atalanta
2027-01-05,20:45,I1,Inter,Sassuolo,,,SCHEDULED,I1_20270105_Inter_Sassuolo
2027-01-05,20:45,I1,Juventus,Parma,,,SCHEDULED,I1_20270105_Juventus_Parma
2027-01-05,20:45,I1,Lazio,Torino,,,SCHEDULED,I1_20270105_Lazio_Torino
2027-01-05,20:45,I1,Monza,Fiorentina,,,SCHEDULED,I1_20270105_Monza_Fiorentina
2027-01-05,20:45,I1,Udinese,Lecce,,,SCHEDULED,I1_20270105_Udinese_Lecce
2027-01-05,20:45,I1,Venezia,Roma,,,SCHEDULED,I1_20270105_Venezia_Roma
2027-01-05,20:45,I2,Arezzo,Palermo,,,SCHEDULED,I2_20270105_Arezzo_Palermo
2027-01-05,20:45,I2,Avellino,Padova,,,SCHEDULED,I2_20270105_Avellino_Padova
2027-01-05,20:45,I2,Carrarese,Catanzaro,,,SCHEDULED,I2_20270105_Carrarese_Catanzaro
2027-01-05,20:45,I2,Cesena,Ascoli,,,SCHEDULED,I2_20270105_Cesena_Ascoli
2027-01-05,20:45,I2,Empoli,Modena,,,SCHEDULED,I2_20270105_Empoli_Modena
2027-01-05,20:45,I2,Juve Stabia,Cremonese,,,SCHEDULED,I2_20270105_Juve_Stabia_Cremonese
2027-01-05,20:45,I2,Mantova,Sudtirol,,,SCHEDULED,I2_20270105_Mantova_Sudtirol
2027-01-05,20:45,I2,Pisa,Virtus Entella,,,SCHEDULED,I2_20270105_Pisa_Virtus_Entella
2027-01-05,20:45,I2,Sampdoria,Benevento,,,SCHEDULED,I2_20270105_Sampdoria_Benevento
2027-01-05,20:45,I2,Verona,Vicenza,,,SCHEDULED,I2_20270105_Verona_Vicenza
2027-01-06,19:30,E0,Crystal Palace,Chelsea,,,SCHEDULED,E0_20270106_Crystal_Palace_Chelsea
2027-01-06,19:30,E0,Fulham,Tottenham,,,SCHEDULED,E0_20270106_Fulham_Tottenham
2027-01-06,19:30,E0,Ipswich,Coventry,,,SCHEDULED,E0_20270106_Ipswich_Coventry
2027-01-06,20:15,E0,Leeds,Man City,,,SCHEDULED,E0_20270106_Leeds_Man_City
2027-01-07,20:00,E0,Man United,Newcastle,,,SCHEDULED,E0_20270107_Man_United_Newcastle
2027-01-08,20:00,AUT,Austria Vienna,Ried,,,SCHEDULED,AUT_20270108_Austria_Vienna_Ried
2027-01-08,20:00,B1,Anderlecht,Kortrijk,,,SCHEDULED,B1_20270108_Anderlecht_Kortrijk
2027-01-08,20:00,DNK,Lyngby,FC Copenhagen,,,SCHEDULED,DNK_20270108_Lyngby_FC_Copenhagen
2027-01-08,20:00,E3,Colchester,Crewe,,,SCHEDULED,E3_20270108_Colchester_Crewe
2027-01-08,20:00,G1,Kalamata,Kifisia,,,SCHEDULED,G1_20270108_Kalamata_Kifisia
2027-01-08,20:00,N1,Twente,Sparta Rotterdam,,,SCHEDULED,N1_20270108_Twente_Sparta_Rotterdam
2027-01-08,20:00,P1,Rio Ave,Arouca,,,SCHEDULED,P1_20270108_Rio_Ave_Arouca
2027-01-08,20:00,POL,Korona Kielce,Wieczysta Krakow,,,SCHEDULED,POL_20270108_Korona_Kielce_Wieczysta_Krakow
2027-01-08,20:00,ROU,FC Rapid Bucuresti,Dinamo Bucuresti,,,SCHEDULED,ROU_20270108_FC_Rapid_Bucuresti_Dinamo_Bucuresti
2027-01-08,20:00,SWZ,Zurich,Basel,,,SCHEDULED,SWZ_20270108_Zurich_Basel
2027-01-08,20:00,T1,Trabzonspor,Goztep,,,SCHEDULED,T1_20270108_Trabzonspor_Goztep
2027-01-08,20:45,F1,Angers,Lorient,,,SCHEDULED,F1_20270108_Angers_Lorient
2027-01-08,20:45,F2,Clermont,Rodez,,,SCHEDULED,F2_20270108_Clermont_Rodez
2027-01-08,20:45,I1,Monza,Parma,,,SCHEDULED,I1_20270108_Monza_Parma
2027-01-08,20:45,I2,Arezzo,Cremonese,,,SCHEDULED,I2_20270108_Arezzo_Cremonese
2027-01-08,21:00,E2,Burton,Blackpool,,,SCHEDULED,E2_20270108_Burton_Blackpool
2027-01-08,21:00,SP1,Espanol,Elche,,,SCHEDULED,SP1_20270108_Espanol_Elche
2027-01-08,21:00,SP2,Valladolid,Celta B,,,SCHEDULED,SP2_20270108_Valladolid_Celta_B
2027-01-09,13:30,E2,Oxford,AFC Wimbledon,,,SCHEDULED,E2_20270109_Oxford_AFC_Wimbledon
2027-01-09,13:30,E2,Stevenage,Cambridge,,,SCHEDULED,E2_20270109_Stevenage_Cambridge
2027-01-09,14:00,SP1,Ath Bilbao,Alaves,,,SCHEDULED,SP1_20270109_Ath_Bilbao_Alaves
2027-01-09,14:00,SP1,Levante,Barcelona,,,SCHEDULED,SP1_20270109_Levante_Barcelona
2027-01-09,14:00,SP2,Las Palmas,Cadiz,,,SCHEDULED,SP2_20270109_Las_Palmas_Cadiz
2027-01-09,14:00,SP2,Leganes,Cordoba,,,SCHEDULED,SP2_20270109_Leganes_Cordoba
2027-01-09,15:00,E3,Bristol Rvs,Tranmere,,,SCHEDULED,E3_20270109_Bristol_Rvs_Tranmere
2027-01-09,15:00,E3,Chesterfield,Rotherham,,,SCHEDULED,E3_20270109_Chesterfield_Rotherham
2027-01-09,15:00,E3,Grimsby,Cheltenham,,,SCHEDULED,E3_20270109_Grimsby_Cheltenham
2027-01-09,15:00,E3,Oldham,Northampton,,,SCHEDULED,E3_20270109_Oldham_Northampton
2027-01-09,15:00,E3,Rochdale,Newport County,,,SCHEDULED,E3_20270109_Rochdale_Newport_County
2027-01-09,15:00,E3,Shrewsbury,Fleetwood Town,,,SCHEDULED,E3_20270109_Shrewsbury_Fleetwood_Town
2027-01-09,15:00,E3,Swindon,York,,,SCHEDULED,E3_20270109_Swindon_York
2027-01-09,15:00,E3,Walsall,Exeter,,,SCHEDULED,E3_20270109_Walsall_Exeter
2027-01-09,15:00,I1,Frosinone,Milan,,,SCHEDULED,I1_20270109_Frosinone_Milan
2027-01-09,15:00,I1,Genoa,Como,,,SCHEDULED,I1_20270109_Genoa_Como
2027-01-09,15:00,I2,Cesena,Empoli,,,SCHEDULED,I2_20270109_Cesena_Empoli
2027-01-09,15:00,I2,Mantova,Padova,,,SCHEDULED,I2_20270109_Mantova_Padova
2027-01-09,15:00,SC0,Celtic,Rangers,,,SCHEDULED,SC0_20270109_Celtic_Rangers
2027-01-09,15:00,SC0,Dundee United,St Johnstone,,,SCHEDULED,SC0_20270109_Dundee_United_St_Johnstone
2027-01-09,15:00,SC0,Motherwell,Hearts,,,SCHEDULED,SC0_20270109_Motherwell_Hearts
2027-01-09,15:00,SC0,St Mirren,Kilmarnock,,,SCHEDULED,SC0_20270109_St_Mirren_Kilmarnock
2027-01-09,16:00,E2,Bradford,Bromley,,,SCHEDULED,E2_20270109_Bradford_Bromley
2027-01-09,16:00,E2,Doncaster,Wycombe,,,SCHEDULED,E2_20270109_Doncaster_Wycombe
2027-01-09,16:00,E2,Huddersfield,Barnsley,,,SCHEDULED,E2_20270109_Huddersfield_Barnsley
2027-01-09,16:00,E2,Leicester,Reading,,,SCHEDULED,E2_20270109_Leicester_Reading
2027-01-09,16:00,E2,Luton,Sheffield Weds,,,SCHEDULED,E2_20270109_Luton_Sheffield_Weds
2027-01-09,16:00,E2,Mansfield,Plymouth,,,SCHEDULED,E2_20270109_Mansfield_Plymouth
2027-01-09,16:00,E2,Milton Keynes Dons,Stockport,,,SCHEDULED,E2_20270109_Milton_Keynes_Dons_Stockport
2027-01-09,16:00,E2,Notts County,Leyton Orient,,,SCHEDULED,E2_20270109_Notts_County_Leyton_Orient
2027-01-09,16:00,E2,Peterboro,Wigan,,,SCHEDULED,E2_20270109_Peterboro_Wigan
2027-01-09,16:15,SP1,Malaga,Valencia,,,SCHEDULED,SP1_20270109_Malaga_Valencia
2027-01-09,16:15,SP2,Almeria,Eldense,,,SCHEDULED,SP2_20270109_Almeria_Eldense
2027-01-09,16:15,SP2,Castellon,Albacete,,,SCHEDULED,SP2_20270109_Castellon_Albacete
2027-01-09,17:00,F1,Le Havre,Paris FC,,,SCHEDULED,F1_20270109_Le_Havre_Paris_FC
2027-01-09,17:00,F1,Lyon,Paris SG,,,SCHEDULED,F1_20270109_Lyon_Paris_SG
2027-01-09,17:00,F2,Montpellier,St Etienne,,,SCHEDULED,F2_20270109_Montpellier_St_Etienne
2027-01-09,17:00,F2,Reims,Metz,,,SCHEDULED,F2_20270109_Reims_Metz
2027-01-09,17:30,E3,Gillingham,Salford,,,SCHEDULED,E3_20270109_Gillingham_Salford
2027-01-09,17:30,SC0,Hibernian,Falkirk,,,SCHEDULED,SC0_20270109_Hibernian_Falkirk
2027-01-09,18:00,AUT,LASK,Tirol,,,SCHEDULED,AUT_20270109_LASK_Tirol
2027-01-09,18:00,B1,Club Brugge,Cercle Brugge,,,SCHEDULED,B1_20270109_Club_Brugge_Cercle_Brugge
2027-01-09,18:00,B1,Genk,Gent,,,SCHEDULED,B1_20270109_Genk_Gent
2027-01-09,18:00,B1,St. Gilloise,Oud-Heverlee Leuven,,,SCHEDULED,B1_20270109_St_Gilloise_Oud_Heverlee_Leuven
2027-01-09,18:00,DNK,Sonderjyske,Horsens,,,SCHEDULED,DNK_20270109_Sonderjyske_Horsens
2027-01-09,18:00,G1,Levadeiakos,PAOK,,,SCHEDULED,G1_20270109_Levadeiakos_PAOK
2027-01-09,18:00,G1,Olympiakos,Panetolikos,,,SCHEDULED,G1_20270109_Olympiakos_Panetolikos
2027-01-09,18:00,I1,Juventus,Cagliari,,,SCHEDULED,I1_20270109_Juventus_Cagliari
2027-01-09,18:00,I1,Napoli,Torino,,,SCHEDULED,I1_20270109_Napoli_Torino
2027-01-09,18:00,I2,Juve Stabia,Sudtirol,,,SCHEDULED,I2_20270109_Juve_Stabia_Sudtirol
2027-01-09,18:00,I2,Modena,Vicenza,,,SCHEDULED,I2_20270109_Modena_Vicenza
2027-01-09,18:00,N1,Den Haag,Feyenoord,,,SCHEDULED,N1_20270109_Den_Haag_Feyenoord
2027-01-09,18:00,N1,For Sittard,Cambuur,,,SCHEDULED,N1_20270109_For_Sittard_Cambuur
2027-01-09,18:00,N1,Groningen,Ajax,,,SCHEDULED,N1_20270109_Groningen_Ajax
2027-01-09,18:00,P1,Alverca,Nacional,,,SCHEDULED,P1_20270109_Alverca_Nacional
2027-01-09,18:00,P1,Maritimo,Sp Braga,,,SCHEDULED,P1_20270109_Maritimo_Sp_Braga
2027-01-09,18:00,P1,Sp Lisbon,Benfica,,,SCHEDULED,P1_20270109_Sp_Lisbon_Benfica
2027-01-09,18:00,POL,Lech Poznan,Piast Gliwice,,,SCHEDULED,POL_20270109_Lech_Poznan_Piast_Gliwice
2027-01-09,18:00,POL,Radomiak Radom,Widzew Lodz,,,SCHEDULED,POL_20270109_Radomiak_Radom_Widzew_Lodz
2027-01-09,18:00,POL,Rakow,Wisla Plock,,,SCHEDULED,POL_20270109_Rakow_Wisla_Plock
2027-01-09,18:00,ROU,CFR Cluj,FC Voluntari,,,SCHEDULED,ROU_20270109_CFR_Cluj_FC_Voluntari
2027-01-09,18:00,ROU,Petrolul,Otelul,,,SCHEDULED,ROU_20270109_Petrolul_Otelul
2027-01-09,18:00,SWZ,St. Gallen,Vaduz,,,SCHEDULED,SWZ_20270109_St_Gallen_Vaduz
2027-01-09,18:00,T1,Genclerbirligi,Kocaelispor,,,SCHEDULED,T1_20270109_Genclerbirligi_Kocaelispor
2027-01-09,18:00,T1,Kasimpasa,Besiktas,,,SCHEDULED,T1_20270109_Kasimpasa_Besiktas
2027-01-09,18:00,T1,Samsunspor,Konyaspor,,,SCHEDULED,T1_20270109_Samsunspor_Konyaspor
2027-01-09,18:30,SP1,Vallecano,La Coruna,,,SCHEDULED,SP1_20270109_Vallecano_La_Coruna
2027-01-09,18:30,SP2,Girona,Andorra,,,SCHEDULED,SP2_20270109_Girona_Andorra
2027-01-09,20:45,AUT,Hartberg,SK Rapid,,,SCHEDULED,AUT_20270109_Hartberg_SK_Rapid
2027-01-09,20:45,B1,Mechelen,Westerlo,,,SCHEDULED,B1_20270109_Mechelen_Westerlo
2027-01-09,20:45,DNK,Odense,Silkeborg,,,SCHEDULED,DNK_20270109_Odense_Silkeborg
2027-01-09,20:45,G1,AEK,Iraklis,,,SCHEDULED,G1_20270109_AEK_Iraklis
2027-01-09,20:45,I1,Udinese,Atalanta,,,SCHEDULED,I1_20270109_Udinese_Atalanta
2027-01-09,20:45,I2,Pisa,Ascoli,,,SCHEDULED,I2_20270109_Pisa_Ascoli
2027-01-09,20:45,N1,Zwolle,Utrecht,,,SCHEDULED,N1_20270109_Zwolle_Utrecht
2027-01-09,20:45,P1,Academico Viseu,Moreirense,,,SCHEDULED,P1_20270109_Academico_Viseu_Moreirense
2027-01-09,20:45,POL,Zaglebie,Slask Wroclaw,,,SCHEDULED,POL_20270109_Zaglebie_Slask_Wroclaw
2027-01-09,20:45,ROU,Farul Constanta,UTA Arad,,,SCHEDULED,ROU_20270109_Farul_Constanta_UTA_Arad
2027-01-09,20:45,SWZ,Thun,Lausanne,,,SCHEDULED,SWZ_20270109_Thun_Lausanne
2027-01-09,20:45,T1,Corum,Fenerbahce,,,SCHEDULED,T1_20270109_Corum_Fenerbahce
2027-01-09,21:00,F1,Toulouse,Strasbourg,,,SCHEDULED,F1_20270109_Toulouse_Strasbourg
2027-01-09,21:00,F2,Boulogne,Laval,,,SCHEDULED,F2_20270109_Boulogne_Laval
2027-01-09,21:00,SP1,Getafe,Sociedad,,,SCHEDULED,SP1_20270109_Getafe_Sociedad
2027-01-09,21:00,SP2,Sociedad B,Mallorca,,,SCHEDULED,SP2_20270109_Sociedad_B_Mallorca
2027-01-10,12:30,I1,Lazio,Sassuolo,,,SCHEDULED,I1_20270110_Lazio_Sassuolo
2027-01-10,12:30,I2,Verona,Catanzaro,,,SCHEDULED,I2_20270110_Verona_Catanzaro
2027-01-10,14:00,E3,Accrington,Port Vale,,,SCHEDULED,E3_20270110_Accrington_Port_Vale
2027-01-10,14:00,SC0,Aberdeen,Dundee,,,SCHEDULED,SC0_20270110_Aberdeen_Dundee
2027-01-10,14:00,SP1,Real Madrid,Santander,,,SCHEDULED,SP1_20270110_Real_Madrid_Santander
2027-01-10,14:00,SP2,Oviedo,Ceuta,,,SCHEDULED,SP2_20270110_Oviedo_Ceuta
2027-01-10,14:30,AUT,A. Lustenau,Grazer AK,,,SCHEDULED,AUT_20270110_A_Lustenau_Grazer_AK
2027-01-10,14:30,B1,RAAL La Louviere,Charleroi,,,SCHEDULED,B1_20270110_RAAL_La_Louviere_Charleroi
2027-01-10,14:30,B1,Standard,St Truiden,,,SCHEDULED,B1_20270110_Standard_St_Truiden
2027-01-10,14:30,DNK,Nordsjaelland,Aarhus,,,SCHEDULED,DNK_20270110_Nordsjaelland_Aarhus
2027-01-10,14:30,G1,OFI Crete,Atromitos,,,SCHEDULED,G1_20270110_OFI_Crete_Atromitos
2027-01-10,14:30,N1,Nijmegen,AZ Alkmaar,,,SCHEDULED,N1_20270110_Nijmegen_AZ_Alkmaar
2027-01-10,14:30,N1,Willem II,Excelsior,,,SCHEDULED,N1_20270110_Willem_II_Excelsior
2027-01-10,14:30,P1,Estoril,Guimaraes,,,SCHEDULED,P1_20270110_Estoril_Guimaraes
2027-01-10,14:30,P1,Porto,Estrela,,,SCHEDULED,P1_20270110_Porto_Estrela
2027-01-10,14:30,POL,Cracovia,GKS Katowice,,,SCHEDULED,POL_20270110_Cracovia_GKS_Katowice
2027-01-10,14:30,POL,Jagiellonia,Legia,,,SCHEDULED,POL_20270110_Jagiellonia_Legia
2027-01-10,14:30,ROU,Csikszereda M. Ciuc,FC Botosani,,,SCHEDULED,ROU_20270110_Csikszereda_M_Ciuc_FC_Botosani
2027-01-10,14:30,ROU,U. Cluj,FCSB,,,SCHEDULED,ROU_20270110_U_Cluj_FCSB
2027-01-10,14:30,SWZ,Luzern,Young Boys,,,SCHEDULED,SWZ_20270110_Luzern_Young_Boys
2027-01-10,14:30,T1,Eyupspor,Rizespor,,,SCHEDULED,T1_20270110_Eyupspor_Rizespor
2027-01-10,14:30,T1,Gaziantep,Galatasaray,,,SCHEDULED,T1_20270110_Gaziantep_Galatasaray
2027-01-10,15:00,F1,Marseille,Nice,,,SCHEDULED,F1_20270110_Marseille_Nice
2027-01-10,15:00,F1,Rennes,Brest,,,SCHEDULED,F1_20270110_Rennes_Brest
2027-01-10,15:00,F1,Troyes,Le Mans,,,SCHEDULED,F1_20270110_Troyes_Le_Mans
2027-01-10,15:00,F2,Dijon,Sochaux,,,SCHEDULED,F2_20270110_Dijon_Sochaux
2027-01-10,15:00,F2,Dunkerque,Annecy,,,SCHEDULED,F2_20270110_Dunkerque_Annecy
2027-01-10,15:00,F2,Grenoble,Nantes,,,SCHEDULED,F2_20270110_Grenoble_Nantes
2027-01-10,15:00,I1,Venezia,Lecce,,,SCHEDULED,I1_20270110_Venezia_Lecce
2027-01-10,15:00,I2,Sampdoria,Virtus Entella,,,SCHEDULED,I2_20270110_Sampdoria_Virtus_Entella
2027-01-10,16:15,SP1,Osasuna,Villarreal,,,SCHEDULED,SP1_20270110_Osasuna_Villarreal
2027-01-10,16:15,SP2,Eibar,Granada,,,SCHEDULED,SP2_20270110_Eibar_Granada
2027-01-10,16:30,AUT,Altach,Sturm Graz,,,SCHEDULED,AUT_20270110_Altach_Sturm_Graz
2027-01-10,16:30,B1,Waregem,Lommel SK,,,SCHEDULED,B1_20270110_Waregem_Lommel_SK
2027-01-10,16:30,DNK,Viborg,Midtjylland,,,SCHEDULED,DNK_20270110_Viborg_Midtjylland
2027-01-10,16:30,E3,Crawley Town,Barnet,,,SCHEDULED,E3_20270110_Crawley_Town_Barnet
2027-01-10,16:30,G1,Panathinaikos,Asteras Tripolis,,,SCHEDULED,G1_20270110_Panathinaikos_Asteras_Tripolis
2027-01-10,16:30,N1,PSV Eindhoven,Telstar,,,SCHEDULED,N1_20270110_PSV_Eindhoven_Telstar
2027-01-10,16:30,P1,Casa Pia,Santa Clara,,,SCHEDULED,P1_20270110_Casa_Pia_Santa_Clara
2027-01-10,16:30,POL,Wisla,Pogon Szczecin,,,SCHEDULED,POL_20270110_Wisla_Pogon_Szczecin
2027-01-10,16:30,ROU,Corvinul,Sepsi Sf. Gheorghe,,,SCHEDULED,ROU_20270110_Corvinul_Sepsi_Sf_Gheorghe
2027-01-10,16:30,SWZ,Lugano,Servette,,,SCHEDULED,SWZ_20270110_Lugano_Servette
2027-01-10,16:30,T1,Alanyaspor,Amedspor,,,SCHEDULED,T1_20270110_Alanyaspor_Amedspor
2027-01-10,17:15,F1,Lens,Auxerre,,,SCHEDULED,F1_20270110_Lens_Auxerre
2027-01-10,17:15,F2,Nancy,Guingamp,,,SCHEDULED,F2_20270110_Nancy_Guingamp
2027-01-10,18:00,I1,Inter,Fiorentina,,,SCHEDULED,I1_20270110_Inter_Fiorentina
2027-01-10,18:00,I2,Carrarese,Palermo,,,SCHEDULED,I2_20270110_Carrarese_Palermo
2027-01-10,18:30,AUT,Salzburg,Wolfsberger AC,,,SCHEDULED,AUT_20270110_Salzburg_Wolfsberger_AC
2027-01-10,18:30,B1,Antwerp,Beveren,,,SCHEDULED,B1_20270110_Antwerp_Beveren
2027-01-10,18:30,DNK,Brondby,Randers FC,,,SCHEDULED,DNK_20270110_Brondby_Randers_FC
2027-01-10,18:30,G1,Volos NFC,Aris,,,SCHEDULED,G1_20270110_Volos_NFC_Aris
2027-01-10,18:30,N1,Heerenveen,Go Ahead Eagles,,,SCHEDULED,N1_20270110_Heerenveen_Go_Ahead_Eagles
2027-01-10,18:30,P1,Gil Vicente,Famalicao,,,SCHEDULED,P1_20270110_Gil_Vicente_Famalicao
2027-01-10,18:30,POL,Gornik Zabrze,Motor Lublin,,,SCHEDULED,POL_20270110_Gornik_Zabrze_Motor_Lublin
2027-01-10,18:30,ROU,Univ. Craiova,FC Arges,,,SCHEDULED,ROU_20270110_Univ_Craiova_FC_Arges
2027-01-10,18:30,SP1,Celta,Betis,,,SCHEDULED,SP1_20270110_Celta_Betis
2027-01-10,18:30,SP2,Sp Gijon,Tenerife,,,SCHEDULED,SP2_20270110_Sp_Gijon_Tenerife
2027-01-10,18:30,SWZ,Grasshoppers,Sion,,,SCHEDULED,SWZ_20270110_Grasshoppers_Sion
2027-01-10,18:30,T1,Buyuksehyr,Erzurumspor,,,SCHEDULED,T1_20270110_Buyuksehyr_Erzurumspor
2027-01-10,20:45,F1,Monaco,Lille,,,SCHEDULED,F1_20270110_Monaco_Lille
2027-01-10,20:45,F2,Pau FC,Red Star,,,SCHEDULED,F2_20270110_Pau_FC_Red_Star
2027-01-10,20:45,I1,Bologna,Roma,,,SCHEDULED,I1_20270110_Bologna_Roma
2027-01-10,20:45,I2,Avellino,Benevento,,,SCHEDULED,I2_20270110_Avellino_Benevento
2027-01-10,21:00,SP1,Ath Madrid,Sevilla,,,SCHEDULED,SP1_20270110_Ath_Madrid_Sevilla
2027-01-10,21:00,SP2,Sabadell,Burgos,,,SCHEDULED,SP2_20270110_Sabadell_Burgos
2027-01-12,19:45,E3,Accrington,Cheltenham,,,SCHEDULED,E3_20270112_Accrington_Cheltenham
2027-01-12,19:45,E3,Bristol Rvs,Salford,,,SCHEDULED,E3_20270112_Bristol_Rvs_Salford
2027-01-12,19:45,E3,Chesterfield,Newport County,,,SCHEDULED,E3_20270112_Chesterfield_Newport_County
2027-01-12,19:45,E3,Colchester,Rotherham,,,SCHEDULED,E3_20270112_Colchester_Rotherham
2027-01-12,19:45,E3,Crawley Town,Port Vale,,,SCHEDULED,E3_20270112_Crawley_Town_Port_Vale
2027-01-12,19:45,E3,Fleetwood Town,Exeter,,,SCHEDULED,E3_20270112_Fleetwood_Town_Exeter
2027-01-12,19:45,E3,Gillingham,Crewe,,,SCHEDULED,E3_20270112_Gillingham_Crewe
2027-01-12,19:45,E3,Grimsby,Shrewsbury,,,SCHEDULED,E3_20270112_Grimsby_Shrewsbury
2027-01-12,19:45,E3,Oldham,Barnet,,,SCHEDULED,E3_20270112_Oldham_Barnet
2027-01-12,19:45,E3,Rochdale,York,,,SCHEDULED,E3_20270112_Rochdale_York
2027-01-12,19:45,E3,Swindon,Northampton,,,SCHEDULED,E3_20270112_Swindon_Northampton
2027-01-12,19:45,E3,Walsall,Tranmere,,,SCHEDULED,E3_20270112_Walsall_Tranmere
2027-01-15,20:00,AUT,Austria Vienna,Wolfsberger AC,,,SCHEDULED,AUT_20270115_Austria_Vienna_Wolfsberger_AC
2027-01-15,20:00,B1,St. Gilloise,Beveren,,,SCHEDULED,B1_20270115_St_Gilloise_Beveren
2027-01-15,20:00,DNK,Lyngby,Randers FC,,,SCHEDULED,DNK_20270115_Lyngby_Randers_FC
2027-01-15,20:00,E3,Gillingham,Rotherham,,,SCHEDULED,E3_20270115_Gillingham_Rotherham
2027-01-15,20:00,G1,Olympiakos,Aris,,,SCHEDULED,G1_20270115_Olympiakos_Aris
2027-01-15,20:00,N1,Groningen,Go Ahead Eagles,,,SCHEDULED,N1_20270115_Groningen_Go_Ahead_Eagles
2027-01-15,20:00,P1,Sp Lisbon,Famalicao,,,SCHEDULED,P1_20270115_Sp_Lisbon_Famalicao
2027-01-15,20:00,POL,Radomiak Radom,Motor Lublin,,,SCHEDULED,POL_20270115_Radomiak_Radom_Motor_Lublin
2027-01-15,20:00,ROU,Univ. Craiova,Otelul,,,SCHEDULED,ROU_20270115_Univ_Craiova_Otelul
2027-01-15,20:00,SWZ,Zurich,Sion,,,SCHEDULED,SWZ_20270115_Zurich_Sion
2027-01-15,20:00,T1,Buyuksehyr,Konyaspor,,,SCHEDULED,T1_20270115_Buyuksehyr_Konyaspor
2027-01-15,20:30,D1,Elversberg,Paderborn,,,SCHEDULED,D1_20270115_Elversberg_Paderborn
2027-01-15,20:30,D2,Hannover,Kaiserslautern,,,SCHEDULED,D2_20270115_Hannover_Kaiserslautern
2027-01-15,20:45,F1,Marseille,Lille,,,SCHEDULED,F1_20270115_Marseille_Lille
2027-01-15,20:45,F2,Dunkerque,Red Star,,,SCHEDULED,F2_20270115_Dunkerque_Red_Star
2027-01-15,20:45,I1,Frosinone,Roma,,,SCHEDULED,I1_20270115_Frosinone_Roma
2027-01-15,20:45,I2,Mantova,Benevento,,,SCHEDULED,I2_20270115_Mantova_Benevento
2027-01-15,21:00,SP1,Ath Bilbao,Sevilla,,,SCHEDULED,SP1_20270115_Ath_Bilbao_Sevilla
2027-01-15,21:00,SP2,Las Palmas,Burgos,,,SCHEDULED,SP2_20270115_Las_Palmas_Burgos
2027-01-16,14:00,SP1,Espanol,Alaves,,,SCHEDULED,SP1_20270116_Espanol_Alaves
2027-01-16,14:00,SP1,Malaga,Levante,,,SCHEDULED,SP1_20270116_Malaga_Levante
2027-01-16,14:00,SP2,Almeria,Leganes,,,SCHEDULED,SP2_20270116_Almeria_Leganes
2027-01-16,14:00,SP2,Valladolid,Albacete,,,SCHEDULED,SP2_20270116_Valladolid_Albacete
2027-01-16,15:00,E0,Aston Villa,Man United,,,SCHEDULED,E0_20270116_Aston_Villa_Man_United
2027-01-16,15:00,E0,Bournemouth,Ipswich,,,SCHEDULED,E0_20270116_Bournemouth_Ipswich
2027-01-16,15:00,E0,Brentford,Brighton,,,SCHEDULED,E0_20270116_Brentford_Brighton
2027-01-16,15:00,E0,Chelsea,Sunderland,,,SCHEDULED,E0_20270116_Chelsea_Sunderland
2027-01-16,15:00,E0,Coventry,Everton,,,SCHEDULED,E0_20270116_Coventry_Everton
2027-01-16,15:00,E0,Hull,Arsenal,,,SCHEDULED,E0_20270116_Hull_Arsenal
2027-01-16,15:00,E0,Liverpool,Crystal Palace,,,SCHEDULED,E0_20270116_Liverpool_Crystal_Palace
2027-01-16,15:00,E0,Man City,Nott'm Forest,,,SCHEDULED,E0_20270116_Man_City_Nott_m_Forest
2027-01-16,15:00,E0,Newcastle,Fulham,,,SCHEDULED,E0_20270116_Newcastle_Fulham
2027-01-16,15:00,E0,Tottenham,Leeds,,,SCHEDULED,E0_20270116_Tottenham_Leeds
2027-01-16,15:00,E3,Accrington,Shrewsbury,,,SCHEDULED,E3_20270116_Accrington_Shrewsbury
2027-01-16,15:00,E3,Chesterfield,York,,,SCHEDULED,E3_20270116_Chesterfield_York
2027-01-16,15:00,E3,Colchester,Newport County,,,SCHEDULED,E3_20270116_Colchester_Newport_County
2027-01-16,15:00,E3,Exeter,Tranmere,,,SCHEDULED,E3_20270116_Exeter_Tranmere
2027-01-16,15:00,E3,Grimsby,Fleetwood Town,,,SCHEDULED,E3_20270116_Grimsby_Fleetwood_Town
2027-01-16,15:00,E3,Rochdale,Northampton,,,SCHEDULED,E3_20270116_Rochdale_Northampton
2027-01-16,15:00,E3,Swindon,Barnet,,,SCHEDULED,E3_20270116_Swindon_Barnet
2027-01-16,15:00,E3,Walsall,Salford,,,SCHEDULED,E3_20270116_Walsall_Salford
2027-01-16,15:00,I1,Como,Torino,,,SCHEDULED,I1_20270116_Como_Torino
2027-01-16,15:00,I1,Monza,Cagliari,,,SCHEDULED,I1_20270116_Monza_Cagliari
2027-01-16,15:00,I2,Arezzo,Sudtirol,,,SCHEDULED,I2_20270116_Arezzo_Sudtirol
2027-01-16,15:00,I2,Empoli,Vicenza,,,SCHEDULED,I2_20270116_Empoli_Vicenza
2027-01-16,15:00,SC0,Aberdeen,Rangers,,,SCHEDULED,SC0_20270116_Aberdeen_Rangers
2027-01-16,15:00,SC0,Celtic,Motherwell,,,SCHEDULED,SC0_20270116_Celtic_Motherwell
2027-01-16,15:00,SC0,Hearts,Kilmarnock,,,SCHEDULED,SC0_20270116_Hearts_Kilmarnock
2027-01-16,15:00,SC0,St Mirren,St Johnstone,,,SCHEDULED,SC0_20270116_St_Mirren_St_Johnstone
2027-01-16,15:30,D1,Hamburg,Freiburg,,,SCHEDULED,D1_20270116_Hamburg_Freiburg
2027-01-16,15:30,D1,Leverkusen,Hoffenheim,,,SCHEDULED,D1_20270116_Leverkusen_Hoffenheim
2027-01-16,15:30,D1,RB Leipzig,M'gladbach,,,SCHEDULED,D1_20270116_RB_Leipzig_M_gladbach
2027-01-16,15:30,D1,Stuttgart,Augsburg,,,SCHEDULED,D1_20270116_Stuttgart_Augsburg
2027-01-16,15:30,D1,Union Berlin,Mainz,,,SCHEDULED,D1_20270116_Union_Berlin_Mainz
2027-01-16,15:30,D2,Braunschweig,Heidenheim,,,SCHEDULED,D2_20270116_Braunschweig_Heidenheim
2027-01-16,15:30,D2,Cottbus,Osnabruck,,,SCHEDULED,D2_20270116_Cottbus_Osnabruck
2027-01-16,15:30,D2,Dresden,Hertha,,,SCHEDULED,D2_20270116_Dresden_Hertha
2027-01-16,15:30,D2,Holstein Kiel,Greuther Furth,,,SCHEDULED,D2_20270116_Holstein_Kiel_Greuther_Furth
2027-01-16,15:30,D2,St Pauli,Magdeburg,,,SCHEDULED,D2_20270116_St_Pauli_Magdeburg
2027-01-16,16:00,E1,Blackburn,West Brom,,,SCHEDULED,E1_20270116_Blackburn_West_Brom
2027-01-16,16:00,E1,Bolton,Southampton,,,SCHEDULED,E1_20270116_Bolton_Southampton
2027-01-16,16:00,E1,Cardiff,Middlesbrough,,,SCHEDULED,E1_20270116_Cardiff_Middlesbrough
2027-01-16,16:00,E1,Charlton,Watford,,,SCHEDULED,E1_20270116_Charlton_Watford
2027-01-16,16:00,E1,Lincoln,Millwall,,,SCHEDULED,E1_20270116_Lincoln_Millwall
2027-01-16,16:00,E1,Portsmouth,Norwich,,,SCHEDULED,E1_20270116_Portsmouth_Norwich
2027-01-16,16:00,E1,Preston,Wrexham,,,SCHEDULED,E1_20270116_Preston_Wrexham
2027-01-16,16:00,E1,QPR,Birmingham,,,SCHEDULED,E1_20270116_QPR_Birmingham
2027-01-16,16:00,E1,Sheffield United,Bristol City,,,SCHEDULED,E1_20270116_Sheffield_United_Bristol_City
2027-01-16,16:00,E1,Stoke,Derby,,,SCHEDULED,E1_20270116_Stoke_Derby
2027-01-16,16:00,E1,West Ham,Swansea,,,SCHEDULED,E1_20270116_West_Ham_Swansea
2027-01-16,16:00,E1,Wolves,Burnley,,,SCHEDULED,E1_20270116_Wolves_Burnley
2027-01-16,16:00,E2,AFC Wimbledon,Sheffield Weds,,,SCHEDULED,E2_20270116_AFC_Wimbledon_Sheffield_Weds
2027-01-16,16:00,E2,Blackpool,Leyton Orient,,,SCHEDULED,E2_20270116_Blackpool_Leyton_Orient
2027-01-16,16:00,E2,Bromley,Stockport,,,SCHEDULED,E2_20270116_Bromley_Stockport
2027-01-16,16:00,E2,Burton,Peterboro,,,SCHEDULED,E2_20270116_Burton_Peterboro
2027-01-16,16:00,E2,Cambridge,Barnsley,,,SCHEDULED,E2_20270116_Cambridge_Barnsley
2027-01-16,16:00,E2,Doncaster,Leicester,,,SCHEDULED,E2_20270116_Doncaster_Leicester
2027-01-16,16:00,E2,Huddersfield,Plymouth,,,SCHEDULED,E2_20270116_Huddersfield_Plymouth
2027-01-16,16:00,E2,Luton,Milton Keynes Dons,,,SCHEDULED,E2_20270116_Luton_Milton_Keynes_Dons
2027-01-16,16:00,E2,Notts County,Wycombe,,,SCHEDULED,E2_20270116_Notts_County_Wycombe
2027-01-16,16:00,E2,Oxford,Mansfield,,,SCHEDULED,E2_20270116_Oxford_Mansfield
2027-01-16,16:00,E2,Reading,Wigan,,,SCHEDULED,E2_20270116_Reading_Wigan
2027-01-16,16:00,E2,Stevenage,Bradford,,,SCHEDULED,E2_20270116_Stevenage_Bradford
2027-01-16,16:15,SP1,Barcelona,La Coruna,,,SCHEDULED,SP1_20270116_Barcelona_La_Coruna
2027-01-16,16:15,SP2,Castellon,Cadiz,,,SCHEDULED,SP2_20270116_Castellon_Cadiz
2027-01-16,16:15,SP2,Cordoba,Andorra,,,SCHEDULED,SP2_20270116_Cordoba_Andorra
2027-01-16,17:00,F1,Paris FC,Strasbourg,,,SCHEDULED,F1_20270116_Paris_FC_Strasbourg
2027-01-16,17:00,F1,Rennes,Nice,,,SCHEDULED,F1_20270116_Rennes_Nice
2027-01-16,17:00,F2,Dijon,Annecy,,,SCHEDULED,F2_20270116_Dijon_Annecy
2027-01-16,17:00,F2,Metz,Laval,,,SCHEDULED,F2_20270116_Metz_Laval
2027-01-16,17:30,E3,Bristol Rvs,Crewe,,,SCHEDULED,E3_20270116_Bristol_Rvs_Crewe
2027-01-16,17:30,SC0,Hibernian,Dundee,,,SCHEDULED,SC0_20270116_Hibernian_Dundee
2027-01-16,18:00,AUT,Tirol,SK Rapid,,,SCHEDULED,AUT_20270116_Tirol_SK_Rapid
2027-01-16,18:00,B1,Anderlecht,Charleroi,,,SCHEDULED,B1_20270116_Anderlecht_Charleroi
2027-01-16,18:00,B1,Gent,Westerlo,,,SCHEDULED,B1_20270116_Gent_Westerlo
2027-01-16,18:00,B1,RAAL La Louviere,Cercle Brugge,,,SCHEDULED,B1_20270116_RAAL_La_Louviere_Cercle_Brugge
2027-01-16,18:00,DNK,Horsens,Silkeborg,,,SCHEDULED,DNK_20270116_Horsens_Silkeborg
2027-01-16,18:00,G1,Kalamata,Panetolikos,,,SCHEDULED,G1_20270116_Kalamata_Panetolikos
2027-01-16,18:00,G1,PAOK,Iraklis,,,SCHEDULED,G1_20270116_PAOK_Iraklis
2027-01-16,18:00,I1,Juventus,Milan,,,SCHEDULED,I1_20270116_Juventus_Milan
2027-01-16,18:00,I1,Udinese,Genoa,,,SCHEDULED,I1_20270116_Udinese_Genoa
2027-01-16,18:00,I2,Juve Stabia,Padova,,,SCHEDULED,I2_20270116_Juve_Stabia_Padova
2027-01-16,18:00,I2,Pisa,Cesena,,,SCHEDULED,I2_20270116_Pisa_Cesena
2027-01-16,18:00,N1,Cambuur,Utrecht,,,SCHEDULED,N1_20270116_Cambuur_Utrecht
2027-01-16,18:00,N1,Nijmegen,Feyenoord,,,SCHEDULED,N1_20270116_Nijmegen_Feyenoord
2027-01-16,18:00,N1,Twente,AZ Alkmaar,,,SCHEDULED,N1_20270116_Twente_AZ_Alkmaar
2027-01-16,18:00,P1,Estoril,Nacional,,,SCHEDULED,P1_20270116_Estoril_Nacional
2027-01-16,18:00,P1,Rio Ave,Guimaraes,,,SCHEDULED,P1_20270116_Rio_Ave_Guimaraes
2027-01-16,18:00,P1,Sp Braga,Moreirense,,,SCHEDULED,P1_20270116_Sp_Braga_Moreirense
2027-01-16,18:00,POL,Cracovia,Wisla Plock,,,SCHEDULED,POL_20270116_Cracovia_Wisla_Plock
2027-01-16,18:00,POL,Korona Kielce,GKS Katowice,,,SCHEDULED,POL_20270116_Korona_Kielce_GKS_Katowice
2027-01-16,18:00,POL,Piast Gliwice,Slask Wroclaw,,,SCHEDULED,POL_20270116_Piast_Gliwice_Slask_Wroclaw
2027-01-16,18:00,ROU,Csikszereda M. Ciuc,Dinamo Bucuresti,,,SCHEDULED,ROU_20270116_Csikszereda_M_Ciuc_Dinamo_Bucuresti
2027-01-16,18:00,ROU,Farul Constanta,CFR Cluj,,,SCHEDULED,ROU_20270116_Farul_Constanta_CFR_Cluj
2027-01-16,18:00,SWZ,Vaduz,Lausanne,,,SCHEDULED,SWZ_20270116_Vaduz_Lausanne
2027-01-16,18:00,T1,Corum,Genclerbirligi,,,SCHEDULED,T1_20270116_Corum_Genclerbirligi
2027-01-16,18:00,T1,Gaziantep,Goztep,,,SCHEDULED,T1_20270116_Gaziantep_Goztep
2027-01-16,18:00,T1,Kasimpasa,Galatasaray,,,SCHEDULED,T1_20270116_Kasimpasa_Galatasaray
2027-01-16,18:30,D1,FC Koln,Bayern Munich,,,SCHEDULED,D1_20270116_FC_Koln_Bayern_Munich
2027-01-16,18:30,D2,Karlsruhe,Bielefeld,,,SCHEDULED,D2_20270116_Karlsruhe_Bielefeld
2027-01-16,18:30,SP1,Getafe,Valencia,,,SCHEDULED,SP1_20270116_Getafe_Valencia
2027-01-16,18:30,SP2,Sociedad B,Eldense,,,SCHEDULED,SP2_20270116_Sociedad_B_Eldense
2027-01-16,20:45,AUT,A. Lustenau,LASK,,,SCHEDULED,AUT_20270116_A_Lustenau_LASK
2027-01-16,20:45,B1,Standard,Genk,,,SCHEDULED,B1_20270116_Standard_Genk
2027-01-16,20:45,DNK,Nordsjaelland,Sonderjyske,,,SCHEDULED,DNK_20270116_Nordsjaelland_Sonderjyske
2027-01-16,20:45,G1,OFI Crete,Levadeiakos,,,SCHEDULED,G1_20270116_OFI_Crete_Levadeiakos
2027-01-16,20:45,I1,Napoli,Sassuolo,,,SCHEDULED,I1_20270116_Napoli_Sassuolo
2027-01-16,20:45,I2,Modena,Catanzaro,,,SCHEDULED,I2_20270116_Modena_Catanzaro
2027-01-16,20:45,N1,Willem II,For Sittard,,,SCHEDULED,N1_20270116_Willem_II_For_Sittard
2027-01-16,20:45,P1,Porto,Maritimo,,,SCHEDULED,P1_20270116_Porto_Maritimo
2027-01-16,20:45,POL,Jagiellonia,Lech Poznan,,,SCHEDULED,POL_20270116_Jagiellonia_Lech_Poznan
2027-01-16,20:45,ROU,FC Voluntari,FCSB,,,SCHEDULED,ROU_20270116_FC_Voluntari_FCSB
2027-01-16,20:45,SWZ,Luzern,St. Gallen,,,SCHEDULED,SWZ_20270116_Luzern_St_Gallen
2027-01-16,20:45,T1,Kocaelispor,Rizespor,,,SCHEDULED,T1_20270116_Kocaelispor_Rizespor
2027-01-16,21:00,F1,Troyes,Le Havre,,,SCHEDULED,F1_20270116_Troyes_Le_Havre
2027-01-16,21:00,F2,Grenoble,Reims,,,SCHEDULED,F2_20270116_Grenoble_Reims
2027-01-16,21:00,SP1,Vallecano,Santander,,,SCHEDULED,SP1_20270116_Vallecano_Santander
2027-01-16,21:00,SP2,Girona,Ceuta,,,SCHEDULED,SP2_20270116_Girona_Ceuta
2027-01-17,12:30,I1,Venezia,Atalanta,,,SCHEDULED,I1_20270117_Venezia_Atalanta
2027-01-17,12:30,I2,Sampdoria,Ascoli,,,SCHEDULED,I2_20270117_Sampdoria_Ascoli
2027-01-17,14:00,E3,Crawley Town,Cheltenham,,,SCHEDULED,E3_20270117_Crawley_Town_Cheltenham
2027-01-17,14:00,SC0,Dundee United,Falkirk,,,SCHEDULED,SC0_20270117_Dundee_United_Falkirk
2027-01-17,14:00,SP1,Osasuna,Sociedad,,,SCHEDULED,SP1_20270117_Osasuna_Sociedad
2027-01-17,14:00,SP2,Eibar,Mallorca,,,SCHEDULED,SP2_20270117_Eibar_Mallorca
2027-01-17,14:30,AUT,Hartberg,Sturm Graz,,,SCHEDULED,AUT_20270117_Hartberg_Sturm_Graz
2027-01-17,14:30,B1,Club Brugge,Oud-Heverlee Leuven,,,SCHEDULED,B1_20270117_Club_Brugge_Oud_Heverlee_Leuven
2027-01-17,14:30,B1,Mechelen,Lommel SK,,,SCHEDULED,B1_20270117_Mechelen_Lommel_SK
2027-01-17,14:30,DNK,Odense,Midtjylland,,,SCHEDULED,DNK_20270117_Odense_Midtjylland
2027-01-17,14:30,G1,AEK,Asteras Tripolis,,,SCHEDULED,G1_20270117_AEK_Asteras_Tripolis
2027-01-17,14:30,N1,Den Haag,Ajax,,,SCHEDULED,N1_20270117_Den_Haag_Ajax
2027-01-17,14:30,N1,Zwolle,Telstar,,,SCHEDULED,N1_20270117_Zwolle_Telstar
2027-01-17,14:30,P1,Academico Viseu,Santa Clara,,,SCHEDULED,P1_20270117_Academico_Viseu_Santa_Clara
2027-01-17,14:30,P1,Alverca,Benfica,,,SCHEDULED,P1_20270117_Alverca_Benfica
2027-01-17,14:30,POL,Rakow,Widzew Lodz,,,SCHEDULED,POL_20270117_Rakow_Widzew_Lodz
2027-01-17,14:30,POL,Zaglebie,Pogon Szczecin,,,SCHEDULED,POL_20270117_Zaglebie_Pogon_Szczecin
2027-01-17,14:30,ROU,Corvinul,UTA Arad,,,SCHEDULED,ROU_20270117_Corvinul_UTA_Arad
2027-01-17,14:30,ROU,Petrolul,FC Botosani,,,SCHEDULED,ROU_20270117_Petrolul_FC_Botosani
2027-01-17,14:30,SWZ,Thun,Servette,,,SCHEDULED,SWZ_20270117_Thun_Servette
2027-01-17,14:30,T1,Alanyaspor,Fenerbahce,,,SCHEDULED,T1_20270117_Alanyaspor_Fenerbahce
2027-01-17,14:30,T1,Samsunspor,Besiktas,,,SCHEDULED,T1_20270117_Samsunspor_Besiktas
2027-01-17,15:00,F1,Angers,Paris SG,,,SCHEDULED,F1_20270117_Angers_Paris_SG
2027-01-17,15:00,F1,Lyon,Brest,,,SCHEDULED,F1_20270117_Lyon_Brest
2027-01-17,15:00,F1,Toulouse,Auxerre,,,SCHEDULED,F1_20270117_Toulouse_Auxerre
2027-01-17,15:00,F2,Boulogne,Guingamp,,,SCHEDULED,F2_20270117_Boulogne_Guingamp
2027-01-17,15:00,F2,Clermont,St Etienne,,,SCHEDULED,F2_20270117_Clermont_St_Etienne
2027-01-17,15:00,F2,Montpellier,Sochaux,,,SCHEDULED,F2_20270117_Montpellier_Sochaux
2027-01-17,15:00,I1,Lazio,Fiorentina,,,SCHEDULED,I1_20270117_Lazio_Fiorentina
2027-01-17,15:00,I2,Verona,Palermo,,,SCHEDULED,I2_20270117_Verona_Palermo
2027-01-17,15:30,D1,Werder Bremen,Schalke 04,,,SCHEDULED,D1_20270117_Werder_Bremen_Schalke_04
2027-01-17,15:30,D2,Nurnberg,Wolfsburg,,,SCHEDULED,D2_20270117_Nurnberg_Wolfsburg
2027-01-17,16:15,SP1,Real Madrid,Betis,,,SCHEDULED,SP1_20270117_Real_Madrid_Betis
2027-01-17,16:15,SP2,Oviedo,Tenerife,,,SCHEDULED,SP2_20270117_Oviedo_Tenerife
2027-01-17,16:30,AUT,Salzburg,Grazer AK,,,SCHEDULED,AUT_20270117_Salzburg_Grazer_AK
2027-01-17,16:30,B1,Antwerp,St Truiden,,,SCHEDULED,B1_20270117_Antwerp_St_Truiden
2027-01-17,16:30,DNK,Brondby,Aarhus,,,SCHEDULED,DNK_20270117_Brondby_Aarhus
2027-01-17,16:30,E3,Oldham,Port Vale,,,SCHEDULED,E3_20270117_Oldham_Port_Vale
2027-01-17,16:30,G1,Volos NFC,Atromitos,,,SCHEDULED,G1_20270117_Volos_NFC_Atromitos
2027-01-17,16:30,N1,Heerenveen,Excelsior,,,SCHEDULED,N1_20270117_Heerenveen_Excelsior
2027-01-17,16:30,P1,Gil Vicente,Estrela,,,SCHEDULED,P1_20270117_Gil_Vicente_Estrela
2027-01-17,16:30,POL,Gornik Zabrze,Legia,,,SCHEDULED,POL_20270117_Gornik_Zabrze_Legia
2027-01-17,16:30,ROU,U. Cluj,FC Arges,,,SCHEDULED,ROU_20270117_U_Cluj_FC_Arges
2027-01-17,16:30,SWZ,Grasshoppers,Young Boys,,,SCHEDULED,SWZ_20270117_Grasshoppers_Young_Boys
2027-01-17,16:30,T1,Eyupspor,Erzurumspor,,,SCHEDULED,T1_20270117_Eyupspor_Erzurumspor
2027-01-17,17:15,F1,Monaco,Le Mans,,,SCHEDULED,F1_20270117_Monaco_Le_Mans
2027-01-17,17:15,F2,Pau FC,Nantes,,,SCHEDULED,F2_20270117_Pau_FC_Nantes
2027-01-17,17:30,D1,Ein Frankfurt,Dortmund,,,SCHEDULED,D1_20270117_Ein_Frankfurt_Dortmund
2027-01-17,17:30,D2,Darmstadt,Bochum,,,SCHEDULED,D2_20270117_Darmstadt_Bochum
2027-01-17,18:00,I1,Bologna,Lecce,,,SCHEDULED,I1_20270117_Bologna_Lecce
2027-01-17,18:00,I2,Avellino,Virtus Entella,,,SCHEDULED,I2_20270117_Avellino_Virtus_Entella
2027-01-17,18:30,AUT,Altach,Ried,,,SCHEDULED,AUT_20270117_Altach_Ried
2027-01-17,18:30,B1,Waregem,Kortrijk,,,SCHEDULED,B1_20270117_Waregem_Kortrijk
2027-01-17,18:30,DNK,Viborg,FC Copenhagen,,,SCHEDULED,DNK_20270117_Viborg_FC_Copenhagen
2027-01-17,18:30,G1,Panathinaikos,Kifisia,,,SCHEDULED,G1_20270117_Panathinaikos_Kifisia
2027-01-17,18:30,N1,PSV Eindhoven,Sparta Rotterdam,,,SCHEDULED,N1_20270117_PSV_Eindhoven_Sparta_Rotterdam
2027-01-17,18:30,P1,Casa Pia,Arouca,,,SCHEDULED,P1_20270117_Casa_Pia_Arouca
2027-01-17,18:30,POL,Wisla,Wieczysta Krakow,,,SCHEDULED,POL_20270117_Wisla_Wieczysta_Krakow
2027-01-17,18:30,ROU,FC Rapid Bucuresti,Sepsi Sf. Gheorghe,,,SCHEDULED,ROU_20270117_FC_Rapid_Bucuresti_Sepsi_Sf_Gheorghe
2027-01-17,18:30,SP1,Ath Madrid,Villarreal,,,SCHEDULED,SP1_20270117_Ath_Madrid_Villarreal
2027-01-17,18:30,SP2,Sabadell,Granada,,,SCHEDULED,SP2_20270117_Sabadell_Granada
2027-01-17,18:30,SWZ,Lugano,Basel,,,SCHEDULED,SWZ_20270117_Lugano_Basel
2027-01-17,18:30,T1,Trabzonspor,Amedspor,,,SCHEDULED,T1_20270117_Trabzonspor_Amedspor
2027-01-17,20:45,F1,Lens,Lorient,,,SCHEDULED,F1_20270117_Lens_Lorient
2027-01-17,20:45,F2,Nancy,Rodez,,,SCHEDULED,F2_20270117_Nancy_Rodez
2027-01-17,20:45,I1,Inter,Parma,,,SCHEDULED,I1_20270117_Inter_Parma
2027-01-17,20:45,I2,Carrarese,Cremonese,,,SCHEDULED,I2_20270117_Carrarese_Cremonese
2027-01-17,21:00,SP1,Celta,Elche,,,SCHEDULED,SP1_20270117_Celta_Elche
2027-01-17,21:00,SP2,Sp Gijon,Celta B,,,SCHEDULED,SP2_20270117_Sp_Gijon_Celta_B
2027-01-19,20:45,E2,Barnsley,Luton,,,SCHEDULED,E2_20270119_Barnsley_Luton
2027-01-19,20:45,E2,Bradford,Burton,,,SCHEDULED,E2_20270119_Bradford_Burton
2027-01-19,20:45,E2,Leicester,Bromley,,,SCHEDULED,E2_20270119_Leicester_Bromley
2027-01-19,20:45,E2,Leyton Orient,Reading,,,SCHEDULED,E2_20270119_Leyton_Orient_Reading
2027-01-19,20:45,E2,Mansfield,AFC Wimbledon,,,SCHEDULED,E2_20270119_Mansfield_AFC_Wimbledon
2027-01-19,20:45,E2,Milton Keynes Dons,Blackpool,,,SCHEDULED,E2_20270119_Milton_Keynes_Dons_Blackpool
2027-01-19,20:45,E2,Peterboro,Huddersfield,,,SCHEDULED,E2_20270119_Peterboro_Huddersfield
2027-01-19,20:45,E2,Plymouth,Stevenage,,,SCHEDULED,E2_20270119_Plymouth_Stevenage
2027-01-19,20:45,E2,Sheffield Weds,Notts County,,,SCHEDULED,E2_20270119_Sheffield_Weds_Notts_County
2027-01-19,20:45,E2,Stockport,Doncaster,,,SCHEDULED,E2_20270119_Stockport_Doncaster
2027-01-19,20:45,E2,Wigan,Oxford,,,SCHEDULED,E2_20270119_Wigan_Oxford
2027-01-19,20:45,E2,Wycombe,Cambridge,,,SCHEDULED,E2_20270119_Wycombe_Cambridge
2027-01-22,20:00,AUT,Altach,Wolfsberger AC,,,SCHEDULED,AUT_20270122_Altach_Wolfsberger_AC
2027-01-22,20:00,B1,Waregem,Charleroi,,,SCHEDULED,B1_20270122_Waregem_Charleroi
2027-01-22,20:00,DNK,Viborg,Randers FC,,,SCHEDULED,DNK_20270122_Viborg_Randers_FC
2027-01-22,20:00,E3,Swindon,Port Vale,,,SCHEDULED,E3_20270122_Swindon_Port_Vale
2027-01-22,20:00,G1,Panathinaikos,Panetolikos,,,SCHEDULED,G1_20270122_Panathinaikos_Panetolikos
2027-01-22,20:00,N1,PSV Eindhoven,AZ Alkmaar,,,SCHEDULED,N1_20270122_PSV_Eindhoven_AZ_Alkmaar
2027-01-22,20:00,P1,Casa Pia,Guimaraes,,,SCHEDULED,P1_20270122_Casa_Pia_Guimaraes
2027-01-22,20:00,POL,Wisla,GKS Katowice,,,SCHEDULED,POL_20270122_Wisla_GKS_Katowice
2027-01-22,20:00,ROU,Csikszereda M. Ciuc,Sepsi Sf. Gheorghe,,,SCHEDULED,ROU_20270122_Csikszereda_M_Ciuc_Sepsi_Sf_Gheorghe
2027-01-22,20:00,SWZ,Lugano,Sion,,,SCHEDULED,SWZ_20270122_Lugano_Sion
2027-01-22,20:00,T1,Gaziantep,Amedspor,,,SCHEDULED,T1_20270122_Gaziantep_Amedspor
2027-01-22,20:30,D1,Elversberg,Dortmund,,,SCHEDULED,D1_20270122_Elversberg_Dortmund
2027-01-22,20:30,D2,Darmstadt,Kaiserslautern,,,SCHEDULED,D2_20270122_Darmstadt_Kaiserslautern
2027-01-22,20:45,F1,Lens,Paris SG,,,SCHEDULED,F1_20270122_Lens_Paris_SG
2027-01-22,20:45,F2,Nancy,St Etienne,,,SCHEDULED,F2_20270122_Nancy_St_Etienne
2027-01-22,20:45,I1,Inter,Cagliari,,,SCHEDULED,I1_20270122_Inter_Cagliari
2027-01-22,20:45,I2,Carrarese,Sudtirol,,,SCHEDULED,I2_20270122_Carrarese_Sudtirol
2027-01-22,21:00,SP1,Celta,Alaves,,,SCHEDULED,SP1_20270122_Celta_Alaves
2027-01-22,21:00,SP2,Sp Gijon,Albacete,,,SCHEDULED,SP2_20270122_Sp_Gijon_Albacete
2027-01-23,14:00,SP1,Espanol,Sevilla,,,SCHEDULED,SP1_20270123_Espanol_Sevilla
2027-01-23,14:00,SP1,Levante,La Coruna,,,SCHEDULED,SP1_20270123_Levante_La_Coruna
2027-01-23,14:00,SP2,Castellon,Burgos,,,SCHEDULED,SP2_20270123_Castellon_Burgos
2027-01-23,14:00,SP2,Leganes,Andorra,,,SCHEDULED,SP2_20270123_Leganes_Andorra
2027-01-23,15:00,E0,Arsenal,Newcastle,,,SCHEDULED,E0_20270123_Arsenal_Newcastle
2027-01-23,15:00,E0,Brighton,Man City,,,SCHEDULED,E0_20270123_Brighton_Man_City
2027-01-23,15:00,E0,Crystal Palace,Tottenham,,,SCHEDULED,E0_20270123_Crystal_Palace_Tottenham
2027-01-23,15:00,E0,Everton,Brentford,,,SCHEDULED,E0_20270123_Everton_Brentford
2027-01-23,15:00,E0,Fulham,Aston Villa,,,SCHEDULED,E0_20270123_Fulham_Aston_Villa
2027-01-23,15:00,E0,Ipswich,Hull,,,SCHEDULED,E0_20270123_Ipswich_Hull
2027-01-23,15:00,E0,Leeds,Chelsea,,,SCHEDULED,E0_20270123_Leeds_Chelsea
2027-01-23,15:00,E0,Man United,Liverpool,,,SCHEDULED,E0_20270123_Man_United_Liverpool
2027-01-23,15:00,E0,Nott'm Forest,Bournemouth,,,SCHEDULED,E0_20270123_Nott_m_Forest_Bournemouth
2027-01-23,15:00,E0,Sunderland,Coventry,,,SCHEDULED,E0_20270123_Sunderland_Coventry
2027-01-23,15:00,E3,Accrington,Grimsby,,,SCHEDULED,E3_20270123_Accrington_Grimsby
2027-01-23,15:00,E3,Chesterfield,Northampton,,,SCHEDULED,E3_20270123_Chesterfield_Northampton
2027-01-23,15:00,E3,Colchester,York,,,SCHEDULED,E3_20270123_Colchester_York
2027-01-23,15:00,E3,Crawley Town,Shrewsbury,,,SCHEDULED,E3_20270123_Crawley_Town_Shrewsbury
2027-01-23,15:00,E3,Exeter,Salford,,,SCHEDULED,E3_20270123_Exeter_Salford
2027-01-23,15:00,E3,Fleetwood Town,Tranmere,,,SCHEDULED,E3_20270123_Fleetwood_Town_Tranmere
2027-01-23,15:00,E3,Gillingham,Newport County,,,SCHEDULED,E3_20270123_Gillingham_Newport_County
2027-01-23,15:00,E3,Rochdale,Barnet,,,SCHEDULED,E3_20270123_Rochdale_Barnet
2027-01-23,15:00,I1,Juventus,Roma,,,SCHEDULED,I1_20270123_Juventus_Roma
2027-01-23,15:00,I1,Udinese,Como,,,SCHEDULED,I1_20270123_Udinese_Como
2027-01-23,15:00,I2,Juve Stabia,Benevento,,,SCHEDULED,I2_20270123_Juve_Stabia_Benevento
2027-01-23,15:00,I2,Pisa,Empoli,,,SCHEDULED,I2_20270123_Pisa_Empoli
2027-01-23,15:00,SC0,Aberdeen,Motherwell,,,SCHEDULED,SC0_20270123_Aberdeen_Motherwell
2027-01-23,15:00,SC0,Celtic,Hearts,,,SCHEDULED,SC0_20270123_Celtic_Hearts
2027-01-23,15:00,SC0,Kilmarnock,St Johnstone,,,SCHEDULED,SC0_20270123_Kilmarnock_St_Johnstone
2027-01-23,15:00,SC0,St Mirren,Falkirk,,,SCHEDULED,SC0_20270123_St_Mirren_Falkirk
2027-01-23,15:30,D1,FC Koln,Hoffenheim,,,SCHEDULED,D1_20270123_FC_Koln_Hoffenheim
2027-01-23,15:30,D1,Freiburg,M'gladbach,,,SCHEDULED,D1_20270123_Freiburg_M_gladbach
2027-01-23,15:30,D1,Leverkusen,Mainz,,,SCHEDULED,D1_20270123_Leverkusen_Mainz
2027-01-23,15:30,D1,RB Leipzig,Augsburg,,,SCHEDULED,D1_20270123_RB_Leipzig_Augsburg
2027-01-23,15:30,D1,Union Berlin,Hamburg,,,SCHEDULED,D1_20270123_Union_Berlin_Hamburg
2027-01-23,15:30,D2,Braunschweig,Bielefeld,,,SCHEDULED,D2_20270123_Braunschweig_Bielefeld
2027-01-23,15:30,D2,Cottbus,Heidenheim,,,SCHEDULED,D2_20270123_Cottbus_Heidenheim
2027-01-23,15:30,D2,Dresden,Greuther Furth,,,SCHEDULED,D2_20270123_Dresden_Greuther_Furth
2027-01-23,15:30,D2,Holstein Kiel,St Pauli,,,SCHEDULED,D2_20270123_Holstein_Kiel_St_Pauli
2027-01-23,15:30,D2,Magdeburg,Osnabruck,,,SCHEDULED,D2_20270123_Magdeburg_Osnabruck
2027-01-23,16:00,E1,Birmingham,Lincoln,,,SCHEDULED,E1_20270123_Birmingham_Lincoln
2027-01-23,16:00,E1,Blackburn,Swansea,,,SCHEDULED,E1_20270123_Blackburn_Swansea
2027-01-23,16:00,E1,Bristol City,Bolton,,,SCHEDULED,E1_20270123_Bristol_City_Bolton
2027-01-23,16:00,E1,Cardiff,Wolves,,,SCHEDULED,E1_20270123_Cardiff_Wolves
2027-01-23,16:00,E1,Charlton,Middlesbrough,,,SCHEDULED,E1_20270123_Charlton_Middlesbrough
2027-01-23,16:00,E1,Derby,Millwall,,,SCHEDULED,E1_20270123_Derby_Millwall
2027-01-23,16:00,E1,Portsmouth,Burnley,,,SCHEDULED,E1_20270123_Portsmouth_Burnley
2027-01-23,16:00,E1,Preston,Stoke,,,SCHEDULED,E1_20270123_Preston_Stoke
2027-01-23,16:00,E1,QPR,Southampton,,,SCHEDULED,E1_20270123_QPR_Southampton
2027-01-23,16:00,E1,Watford,Norwich,,,SCHEDULED,E1_20270123_Watford_Norwich
2027-01-23,16:00,E1,West Brom,West Ham,,,SCHEDULED,E1_20270123_West_Brom_West_Ham
2027-01-23,16:00,E1,Wrexham,Sheffield United,,,SCHEDULED,E1_20270123_Wrexham_Sheffield_United
2027-01-23,16:00,E2,Barnsley,Reading,,,SCHEDULED,E2_20270123_Barnsley_Reading
2027-01-23,16:00,E2,Bradford,Oxford,,,SCHEDULED,E2_20270123_Bradford_Oxford
2027-01-23,16:00,E2,Leicester,Luton,,,SCHEDULED,E2_20270123_Leicester_Luton
2027-01-23,16:00,E2,Leyton Orient,Burton,,,SCHEDULED,E2_20270123_Leyton_Orient_Burton
2027-01-23,16:00,E2,Mansfield,Blackpool,,,SCHEDULED,E2_20270123_Mansfield_Blackpool
2027-01-23,16:00,E2,Milton Keynes Dons,Stevenage,,,SCHEDULED,E2_20270123_Milton_Keynes_Dons_Stevenage
2027-01-23,16:00,E2,Peterboro,Bromley,,,SCHEDULED,E2_20270123_Peterboro_Bromley
2027-01-23,16:00,E2,Plymouth,Cambridge,,,SCHEDULED,E2_20270123_Plymouth_Cambridge
2027-01-23,16:00,E2,Sheffield Weds,Doncaster,,,SCHEDULED,E2_20270123_Sheffield_Weds_Doncaster
2027-01-23,16:00,E2,Stockport,Notts County,,,SCHEDULED,E2_20270123_Stockport_Notts_County
2027-01-23,16:00,E2,Wigan,Huddersfield,,,SCHEDULED,E2_20270123_Wigan_Huddersfield
2027-01-23,16:00,E2,Wycombe,AFC Wimbledon,,,SCHEDULED,E2_20270123_Wycombe_AFC_Wimbledon
2027-01-23,16:15,SP1,Getafe,Malaga,,,SCHEDULED,SP1_20270123_Getafe_Malaga
2027-01-23,16:15,SP2,Sociedad B,Almeria,,,SCHEDULED,SP2_20270123_Sociedad_B_Almeria
2027-01-23,16:15,SP2,Valladolid,Cadiz,,,SCHEDULED,SP2_20270123_Valladolid_Cadiz
2027-01-23,17:00,F1,Angers,Brest,,,SCHEDULED,F1_20270123_Angers_Brest
2027-01-23,17:00,F1,Troyes,Paris FC,,,SCHEDULED,F1_20270123_Troyes_Paris_FC
2027-01-23,17:00,F2,Clermont,Sochaux,,,SCHEDULED,F2_20270123_Clermont_Sochaux
2027-01-23,17:00,F2,Grenoble,Metz,,,SCHEDULED,F2_20270123_Grenoble_Metz
2027-01-23,17:30,E3,Oldham,Cheltenham,,,SCHEDULED,E3_20270123_Oldham_Cheltenham
2027-01-23,17:30,SC0,Dundee United,Dundee,,,SCHEDULED,SC0_20270123_Dundee_United_Dundee
2027-01-23,18:00,AUT,A. Lustenau,Tirol,,,SCHEDULED,AUT_20270123_A_Lustenau_Tirol
2027-01-23,18:00,B1,Club Brugge,Beveren,,,SCHEDULED,B1_20270123_Club_Brugge_Beveren
2027-01-23,18:00,B1,RAAL La Louviere,Oud-Heverlee Leuven,,,SCHEDULED,B1_20270123_RAAL_La_Louviere_Oud_Heverlee_Leuven
2027-01-23,18:00,B1,Standard,Gent,,,SCHEDULED,B1_20270123_Standard_Gent
2027-01-23,18:00,DNK,Nordsjaelland,Horsens,,,SCHEDULED,DNK_20270123_Nordsjaelland_Horsens
2027-01-23,18:00,G1,Kalamata,Aris,,,SCHEDULED,G1_20270123_Kalamata_Aris
2027-01-23,18:00,G1,OFI Crete,PAOK,,,SCHEDULED,G1_20270123_OFI_Crete_PAOK
2027-01-23,18:00,I1,Monza,Milan,,,SCHEDULED,I1_20270123_Monza_Milan
2027-01-23,18:00,I1,Torino,Sassuolo,,,SCHEDULED,I1_20270123_Torino_Sassuolo
2027-01-23,18:00,I2,Arezzo,Padova,,,SCHEDULED,I2_20270123_Arezzo_Padova
2027-01-23,18:00,I2,Vicenza,Catanzaro,,,SCHEDULED,I2_20270123_Vicenza_Catanzaro
2027-01-23,18:00,N1,Den Haag,Go Ahead Eagles,,,SCHEDULED,N1_20270123_Den_Haag_Go_Ahead_Eagles
2027-01-23,18:00,N1,Nijmegen,Ajax,,,SCHEDULED,N1_20270123_Nijmegen_Ajax
2027-01-23,18:00,N1,Willem II,Cambuur,,,SCHEDULED,N1_20270123_Willem_II_Cambuur
2027-01-23,18:00,P1,Alverca,Famalicao,,,SCHEDULED,P1_20270123_Alverca_Famalicao
2027-01-23,18:00,P1,Estoril,Benfica,,,SCHEDULED,P1_20270123_Estoril_Benfica
2027-01-23,18:00,P1,Porto,Sp Braga,,,SCHEDULED,P1_20270123_Porto_Sp_Braga
2027-01-23,18:00,POL,Cracovia,Widzew Lodz,,,SCHEDULED,POL_20270123_Cracovia_Widzew_Lodz
2027-01-23,18:00,POL,Jagiellonia,Piast Gliwice,,,SCHEDULED,POL_20270123_Jagiellonia_Piast_Gliwice
2027-01-23,18:00,POL,Rakow,Motor Lublin,,,SCHEDULED,POL_20270123_Rakow_Motor_Lublin
2027-01-23,18:00,ROU,CFR Cluj,FCSB,,,SCHEDULED,ROU_20270123_CFR_Cluj_FCSB
2027-01-23,18:00,ROU,Univ. Craiova,FC Botosani,,,SCHEDULED,ROU_20270123_Univ_Craiova_FC_Botosani
2027-01-23,18:00,SWZ,Luzern,Vaduz,,,SCHEDULED,SWZ_20270123_Luzern_Vaduz
2027-01-23,18:00,T1,Buyuksehyr,Besiktas,,,SCHEDULED,T1_20270123_Buyuksehyr_Besiktas
2027-01-23,18:00,T1,Genclerbirligi,Rizespor,,,SCHEDULED,T1_20270123_Genclerbirligi_Rizespor
2027-01-23,18:00,T1,Samsunspor,Galatasaray,,,SCHEDULED,T1_20270123_Samsunspor_Galatasaray
2027-01-23,18:30,D1,Stuttgart,Schalke 04,,,SCHEDULED,D1_20270123_Stuttgart_Schalke_04
2027-01-23,18:30,D2,Nurnberg,Hertha,,,SCHEDULED,D2_20270123_Nurnberg_Hertha
2027-01-23,18:30,SP1,Barcelona,Santander,,,SCHEDULED,SP1_20270123_Barcelona_Santander
2027-01-23,18:30,SP2,Cordoba,Ceuta,,,SCHEDULED,SP2_20270123_Cordoba_Ceuta
2027-01-23,20:45,AUT,SK Rapid,Sturm Graz,,,SCHEDULED,AUT_20270123_SK_Rapid_Sturm_Graz
2027-01-23,20:45,B1,Westerlo,Lommel SK,,,SCHEDULED,B1_20270123_Westerlo_Lommel_SK
2027-01-23,20:45,DNK,Silkeborg,Midtjylland,,,SCHEDULED,DNK_20270123_Silkeborg_Midtjylland
2027-01-23,20:45,G1,Iraklis,Asteras Tripolis,,,SCHEDULED,G1_20270123_Iraklis_Asteras_Tripolis
2027-01-23,20:45,I1,Venezia,Genoa,,,SCHEDULED,I1_20270123_Venezia_Genoa
2027-01-23,20:45,I2,Sampdoria,Cesena,,,SCHEDULED,I2_20270123_Sampdoria_Cesena
2027-01-23,20:45,N1,Utrecht,Telstar,,,SCHEDULED,N1_20270123_Utrecht_Telstar
2027-01-23,20:45,P1,Moreirense,Santa Clara,,,SCHEDULED,P1_20270123_Moreirense_Santa_Clara
2027-01-23,20:45,POL,Slask Wroclaw,Pogon Szczecin,,,SCHEDULED,POL_20270123_Slask_Wroclaw_Pogon_Szczecin
2027-01-23,20:45,ROU,Corvinul,Farul Constanta,,,SCHEDULED,ROU_20270123_Corvinul_Farul_Constanta
2027-01-23,20:45,SWZ,Lausanne,Servette,,,SCHEDULED,SWZ_20270123_Lausanne_Servette
2027-01-23,20:45,T1,Alanyaspor,Corum,,,SCHEDULED,T1_20270123_Alanyaspor_Corum
2027-01-23,21:00,F1,Strasbourg,Auxerre,,,SCHEDULED,F1_20270123_Strasbourg_Auxerre
2027-01-23,21:00,F2,Laval,Guingamp,,,SCHEDULED,F2_20270123_Laval_Guingamp
2027-01-23,21:00,SP1,Osasuna,Valencia,,,SCHEDULED,SP1_20270123_Osasuna_Valencia
2027-01-23,21:00,SP2,Eibar,Eldense,,,SCHEDULED,SP2_20270123_Eibar_Eldense
2027-01-24,12:30,I1,Napoli,Fiorentina,,,SCHEDULED,I1_20270124_Napoli_Fiorentina
2027-01-24,12:30,I2,Modena,Palermo,,,SCHEDULED,I2_20270124_Modena_Palermo
2027-01-24,14:00,E3,Walsall,Crewe,,,SCHEDULED,E3_20270124_Walsall_Crewe
2027-01-24,14:00,SC0,Hibernian,Rangers,,,SCHEDULED,SC0_20270124_Hibernian_Rangers
2027-01-24,14:00,SP1,Vallecano,Betis,,,SCHEDULED,SP1_20270124_Vallecano_Betis
2027-01-24,14:00,SP2,Girona,Tenerife,,,SCHEDULED,SP2_20270124_Girona_Tenerife
2027-01-24,14:30,AUT,Salzburg,LASK,,,SCHEDULED,AUT_20270124_Salzburg_LASK
2027-01-24,14:30,B1,Anderlecht,Cercle Brugge,,,SCHEDULED,B1_20270124_Anderlecht_Cercle_Brugge
2027-01-24,14:30,B1,Antwerp,Genk,,,SCHEDULED,B1_20270124_Antwerp_Genk
2027-01-24,14:30,DNK,Brondby,Sonderjyske,,,SCHEDULED,DNK_20270124_Brondby_Sonderjyske
2027-01-24,14:30,G1,Volos NFC,Levadeiakos,,,SCHEDULED,G1_20270124_Volos_NFC_Levadeiakos
2027-01-24,14:30,N1,Heerenveen,For Sittard,,,SCHEDULED,N1_20270124_Heerenveen_For_Sittard
2027-01-24,14:30,N1,Twente,Feyenoord,,,SCHEDULED,N1_20270124_Twente_Feyenoord
2027-01-24,14:30,P1,Gil Vicente,Maritimo,,,SCHEDULED,P1_20270124_Gil_Vicente_Maritimo
2027-01-24,14:30,P1,Rio Ave,Nacional,,,SCHEDULED,P1_20270124_Rio_Ave_Nacional
2027-01-24,14:30,POL,Gornik Zabrze,Lech Poznan,,,SCHEDULED,POL_20270124_Gornik_Zabrze_Lech_Poznan
2027-01-24,14:30,POL,Korona Kielce,Wisla Plock,,,SCHEDULED,POL_20270124_Korona_Kielce_Wisla_Plock
2027-01-24,14:30,ROU,FC Voluntari,FC Arges,,,SCHEDULED,ROU_20270124_FC_Voluntari_FC_Arges
2027-01-24,14:30,ROU,Petrolul,Dinamo Bucuresti,,,SCHEDULED,ROU_20270124_Petrolul_Dinamo_Bucuresti
2027-01-24,14:30,SWZ,Grasshoppers,St. Gallen,,,SCHEDULED,SWZ_20270124_Grasshoppers_St_Gallen
2027-01-24,14:30,T1,Kasimpasa,Goztep,,,SCHEDULED,T1_20270124_Kasimpasa_Goztep
2027-01-24,14:30,T1,Kocaelispor,Erzurumspor,,,SCHEDULED,T1_20270124_Kocaelispor_Erzurumspor
2027-01-24,15:00,F1,Lyon,Nice,,,SCHEDULED,F1_20270124_Lyon_Nice
2027-01-24,15:00,F1,Monaco,Le Havre,,,SCHEDULED,F1_20270124_Monaco_Le_Havre
2027-01-24,15:00,F1,Rennes,Lille,,,SCHEDULED,F1_20270124_Rennes_Lille
2027-01-24,15:00,F2,Dijon,Red Star,,,SCHEDULED,F2_20270124_Dijon_Red_Star
2027-01-24,15:00,F2,Montpellier,Annecy,,,SCHEDULED,F2_20270124_Montpellier_Annecy
2027-01-24,15:00,F2,Pau FC,Reims,,,SCHEDULED,F2_20270124_Pau_FC_Reims
2027-01-24,15:00,I1,Bologna,Atalanta,,,SCHEDULED,I1_20270124_Bologna_Atalanta
2027-01-24,15:00,I2,Avellino,Ascoli,,,SCHEDULED,I2_20270124_Avellino_Ascoli
2027-01-24,15:30,D1,Ein Frankfurt,Bayern Munich,,,SCHEDULED,D1_20270124_Ein_Frankfurt_Bayern_Munich
2027-01-24,15:30,D2,Karlsruhe,Bochum,,,SCHEDULED,D2_20270124_Karlsruhe_Bochum
2027-01-24,16:15,SP1,Ath Madrid,Sociedad,,,SCHEDULED,SP1_20270124_Ath_Madrid_Sociedad
2027-01-24,16:15,SP2,Sabadell,Mallorca,,,SCHEDULED,SP2_20270124_Sabadell_Mallorca
2027-01-24,16:30,AUT,Hartberg,Ried,,,SCHEDULED,AUT_20270124_Hartberg_Ried
2027-01-24,16:30,B1,Mechelen,Kortrijk,,,SCHEDULED,B1_20270124_Mechelen_Kortrijk
2027-01-24,16:30,DNK,Odense,FC Copenhagen,,,SCHEDULED,DNK_20270124_Odense_FC_Copenhagen
2027-01-24,16:30,E3,Bristol Rvs,Rotherham,,,SCHEDULED,E3_20270124_Bristol_Rvs_Rotherham
2027-01-24,16:30,G1,AEK,Kifisia,,,SCHEDULED,G1_20270124_AEK_Kifisia
2027-01-24,16:30,N1,Zwolle,Sparta Rotterdam,,,SCHEDULED,N1_20270124_Zwolle_Sparta_Rotterdam
2027-01-24,16:30,P1,Academico Viseu,Arouca,,,SCHEDULED,P1_20270124_Academico_Viseu_Arouca
2027-01-24,16:30,POL,Zaglebie,Wieczysta Krakow,,,SCHEDULED,POL_20270124_Zaglebie_Wieczysta_Krakow
2027-01-24,16:30,ROU,FC Rapid Bucuresti,UTA Arad,,,SCHEDULED,ROU_20270124_FC_Rapid_Bucuresti_UTA_Arad
2027-01-24,16:30,SWZ,Thun,Basel,,,SCHEDULED,SWZ_20270124_Thun_Basel
2027-01-24,16:30,T1,Trabzonspor,Fenerbahce,,,SCHEDULED,T1_20270124_Trabzonspor_Fenerbahce
2027-01-24,17:15,F1,Toulouse,Lorient,,,SCHEDULED,F1_20270124_Toulouse_Lorient
2027-01-24,17:15,F2,Boulogne,Rodez,,,SCHEDULED,F2_20270124_Boulogne_Rodez
2027-01-24,17:30,D1,Werder Bremen,Paderborn,,,SCHEDULED,D1_20270124_Werder_Bremen_Paderborn
2027-01-24,17:30,D2,Hannover,Wolfsburg,,,SCHEDULED,D2_20270124_Hannover_Wolfsburg
2027-01-24,18:00,I1,Lazio,Parma,,,SCHEDULED,I1_20270124_Lazio_Parma
2027-01-24,18:00,I2,Verona,Cremonese,,,SCHEDULED,I2_20270124_Verona_Cremonese
2027-01-24,18:30,AUT,Austria Vienna,Grazer AK,,,SCHEDULED,AUT_20270124_Austria_Vienna_Grazer_AK
2027-01-24,18:30,B1,St. Gilloise,St Truiden,,,SCHEDULED,B1_20270124_St_Gilloise_St_Truiden
2027-01-24,18:30,DNK,Lyngby,Aarhus,,,SCHEDULED,DNK_20270124_Lyngby_Aarhus
2027-01-24,18:30,G1,Olympiakos,Atromitos,,,SCHEDULED,G1_20270124_Olympiakos_Atromitos
2027-01-24,18:30,N1,Groningen,Excelsior,,,SCHEDULED,N1_20270124_Groningen_Excelsior
2027-01-24,18:30,P1,Sp Lisbon,Estrela,,,SCHEDULED,P1_20270124_Sp_Lisbon_Estrela
2027-01-24,18:30,POL,Radomiak Radom,Legia,,,SCHEDULED,POL_20270124_Radomiak_Radom_Legia
2027-01-24,18:30,ROU,U. Cluj,Otelul,,,SCHEDULED,ROU_20270124_U_Cluj_Otelul
2027-01-24,18:30,SP1,Real Madrid,Elche,,,SCHEDULED,SP1_20270124_Real_Madrid_Elche
2027-01-24,18:30,SP2,Oviedo,Celta B,,,SCHEDULED,SP2_20270124_Oviedo_Celta_B
2027-01-24,18:30,SWZ,Zurich,Young Boys,,,SCHEDULED,SWZ_20270124_Zurich_Young_Boys
2027-01-24,18:30,T1,Eyupspor,Konyaspor,,,SCHEDULED,T1_20270124_Eyupspor_Konyaspor
2027-01-24,20:45,F1,Marseille,Le Mans,,,SCHEDULED,F1_20270124_Marseille_Le_Mans
2027-01-24,20:45,F2,Dunkerque,Nantes,,,SCHEDULED,F2_20270124_Dunkerque_Nantes
2027-01-24,20:45,I1,Frosinone,Lecce,,,SCHEDULED,I1_20270124_Frosinone_Lecce
2027-01-24,20:45,I2,Mantova,Virtus Entella,,,SCHEDULED,I2_20270124_Mantova_Virtus_Entella
2027-01-24,21:00,SP1,Ath Bilbao,Villarreal,,,SCHEDULED,SP1_20270124_Ath_Bilbao_Villarreal
2027-01-24,21:00,SP2,Las Palmas,Granada,,,SCHEDULED,SP2_20270124_Las_Palmas_Granada
2027-01-26,20:45,E1,Bolton,Charlton,,,SCHEDULED,E1_20270126_Bolton_Charlton
2027-01-26,20:45,E1,Burnley,QPR,,,SCHEDULED,E1_20270126_Burnley_QPR
2027-01-26,20:45,E1,Lincoln,Watford,,,SCHEDULED,E1_20270126_Lincoln_Watford
2027-01-26,20:45,E1,Millwall,Birmingham,,,SCHEDULED,E1_20270126_Millwall_Birmingham
2027-01-26,20:45,E1,Norwich,Derby,,,SCHEDULED,E1_20270126_Norwich_Derby
2027-01-26,20:45,E1,Sheffield United,Preston,,,SCHEDULED,E1_20270126_Sheffield_United_Preston
2027-01-26,20:45,E1,Southampton,West Brom,,,SCHEDULED,E1_20270126_Southampton_West_Brom
2027-01-26,20:45,E1,Stoke,Blackburn,,,SCHEDULED,E1_20270126_Stoke_Blackburn
2027-01-27,20:45,E1,Middlesbrough,Wrexham,,,SCHEDULED,E1_20270127_Middlesbrough_Wrexham
2027-01-27,20:45,E1,Swansea,Portsmouth,,,SCHEDULED,E1_20270127_Swansea_Portsmouth
2027-01-27,20:45,E1,West Ham,Cardiff,,,SCHEDULED,E1_20270127_West_Ham_Cardiff
2027-01-27,20:45,E1,Wolves,Bristol City,,,SCHEDULED,E1_20270127_Wolves_Bristol_City
2027-01-29,20:00,AUT,Altach,Grazer AK,,,SCHEDULED,AUT_20270129_Altach_Grazer_AK
2027-01-29,20:00,B1,Club Brugge,St Truiden,,,SCHEDULED,B1_20270129_Club_Brugge_St_Truiden
2027-01-29,20:00,DNK,Viborg,Aarhus,,,SCHEDULED,DNK_20270129_Viborg_Aarhus
2027-01-29,20:00,E3,Bristol Rvs,Newport County,,,SCHEDULED,E3_20270129_Bristol_Rvs_Newport_County
2027-01-29,20:00,G1,Kalamata,Atromitos,,,SCHEDULED,G1_20270129_Kalamata_Atromitos
2027-01-29,20:00,N1,Den Haag,Excelsior,,,SCHEDULED,N1_20270129_Den_Haag_Excelsior
2027-01-29,20:00,P1,Alverca,Estrela,,,SCHEDULED,P1_20270129_Alverca_Estrela
2027-01-29,20:00,POL,Rakow,Legia,,,SCHEDULED,POL_20270129_Rakow_Legia
2027-01-29,20:00,ROU,U. Cluj,FC Botosani,,,SCHEDULED,ROU_20270129_U_Cluj_FC_Botosani
2027-01-29,20:00,SWZ,Lugano,Young Boys,,,SCHEDULED,SWZ_20270129_Lugano_Young_Boys
2027-01-29,20:00,T1,Eyupspor,Besiktas,,,SCHEDULED,T1_20270129_Eyupspor_Besiktas
2027-01-29,20:30,D1,Werder Bremen,Dortmund,,,SCHEDULED,D1_20270129_Werder_Bremen_Dortmund
2027-01-29,20:30,D2,Darmstadt,Wolfsburg,,,SCHEDULED,D2_20270129_Darmstadt_Wolfsburg
2027-01-29,20:45,F1,Rennes,Le Mans,,,SCHEDULED,F1_20270129_Rennes_Le_Mans
2027-01-29,20:45,F2,Dijon,Nantes,,,SCHEDULED,F2_20270129_Dijon_Nantes
2027-01-29,20:45,I1,Juventus,Lecce,,,SCHEDULED,I1_20270129_Juventus_Lecce
2027-01-29,20:45,I2,Juve Stabia,Virtus Entella,,,SCHEDULED,I2_20270129_Juve_Stabia_Virtus_Entella
2027-01-29,21:00,SP1,Espanol,Villarreal,,,SCHEDULED,SP1_20270129_Espanol_Villarreal
2027-01-29,21:00,SP2,Castellon,Granada,,,SCHEDULED,SP2_20270129_Castellon_Granada
2027-01-30,13:30,E2,Huddersfield,Bradford,,,SCHEDULED,E2_20270130_Huddersfield_Bradford
2027-01-30,14:00,SP1,Celta,Sevilla,,,SCHEDULED,SP1_20270130_Celta_Sevilla
2027-01-30,14:00,SP1,Getafe,Levante,,,SCHEDULED,SP1_20270130_Getafe_Levante
2027-01-30,14:00,SP2,Sociedad B,Leganes,,,SCHEDULED,SP2_20270130_Sociedad_B_Leganes
2027-01-30,14:00,SP2,Sp Gijon,Cadiz,,,SCHEDULED,SP2_20270130_Sp_Gijon_Cadiz
2027-01-30,15:00,E0,Aston Villa,Ipswich,,,SCHEDULED,E0_20270130_Aston_Villa_Ipswich
2027-01-30,15:00,E0,Bournemouth,Fulham,,,SCHEDULED,E0_20270130_Bournemouth_Fulham
2027-01-30,15:00,E0,Brentford,Man United,,,SCHEDULED,E0_20270130_Brentford_Man_United
2027-01-30,15:00,E0,Chelsea,Nott'm Forest,,,SCHEDULED,E0_20270130_Chelsea_Nott_m_Forest
2027-01-30,15:00,E0,Coventry,Leeds,,,SCHEDULED,E0_20270130_Coventry_Leeds
2027-01-30,15:00,E0,Hull,Crystal Palace,,,SCHEDULED,E0_20270130_Hull_Crystal_Palace
2027-01-30,15:00,E0,Liverpool,Everton,,,SCHEDULED,E0_20270130_Liverpool_Everton
2027-01-30,15:00,E0,Man City,Arsenal,,,SCHEDULED,E0_20270130_Man_City_Arsenal
2027-01-30,15:00,E0,Newcastle,Brighton,,,SCHEDULED,E0_20270130_Newcastle_Brighton
2027-01-30,15:00,E0,Tottenham,Sunderland,,,SCHEDULED,E0_20270130_Tottenham_Sunderland
2027-01-30,15:00,E3,Accrington,Fleetwood Town,,,SCHEDULED,E3_20270130_Accrington_Fleetwood_Town
2027-01-30,15:00,E3,Chesterfield,Barnet,,,SCHEDULED,E3_20270130_Chesterfield_Barnet
2027-01-30,15:00,E3,Colchester,Northampton,,,SCHEDULED,E3_20270130_Colchester_Northampton
2027-01-30,15:00,E3,Crawley Town,Grimsby,,,SCHEDULED,E3_20270130_Crawley_Town_Grimsby
2027-01-30,15:00,E3,Exeter,Crewe,,,SCHEDULED,E3_20270130_Exeter_Crewe
2027-01-30,15:00,E3,Gillingham,York,,,SCHEDULED,E3_20270130_Gillingham_York
2027-01-30,15:00,E3,Rochdale,Port Vale,,,SCHEDULED,E3_20270130_Rochdale_Port_Vale
2027-01-30,15:00,E3,Tranmere,Salford,,,SCHEDULED,E3_20270130_Tranmere_Salford
2027-01-30,15:00,I1,Como,Sassuolo,,,SCHEDULED,I1_20270130_Como_Sassuolo
2027-01-30,15:00,I1,Inter,Milan,,,SCHEDULED,I1_20270130_Inter_Milan
2027-01-30,15:00,I2,Carrarese,Padova,,,SCHEDULED,I2_20270130_Carrarese_Padova
2027-01-30,15:00,I2,Empoli,Catanzaro,,,SCHEDULED,I2_20270130_Empoli_Catanzaro
2027-01-30,15:00,SC0,Aberdeen,Celtic,,,SCHEDULED,SC0_20270130_Aberdeen_Celtic
2027-01-30,15:00,SC0,Falkirk,Kilmarnock,,,SCHEDULED,SC0_20270130_Falkirk_Kilmarnock
2027-01-30,15:00,SC0,Hibernian,Motherwell,,,SCHEDULED,SC0_20270130_Hibernian_Motherwell
2027-01-30,15:00,SC0,St Johnstone,Hearts,,,SCHEDULED,SC0_20270130_St_Johnstone_Hearts
2027-01-30,15:30,D1,FC Koln,Mainz,,,SCHEDULED,D1_20270130_FC_Koln_Mainz
2027-01-30,15:30,D1,Freiburg,Augsburg,,,SCHEDULED,D1_20270130_Freiburg_Augsburg
2027-01-30,15:30,D1,Hamburg,M'gladbach,,,SCHEDULED,D1_20270130_Hamburg_M_gladbach
2027-01-30,15:30,D1,Leverkusen,Union Berlin,,,SCHEDULED,D1_20270130_Leverkusen_Union_Berlin
2027-01-30,15:30,D1,RB Leipzig,Schalke 04,,,SCHEDULED,D1_20270130_RB_Leipzig_Schalke_04
2027-01-30,15:30,D2,Cottbus,Bielefeld,,,SCHEDULED,D2_20270130_Cottbus_Bielefeld
2027-01-30,15:30,D2,Dresden,St Pauli,,,SCHEDULED,D2_20270130_Dresden_St_Pauli
2027-01-30,15:30,D2,Holstein Kiel,Magdeburg,,,SCHEDULED,D2_20270130_Holstein_Kiel_Magdeburg
2027-01-30,15:30,D2,Nurnberg,Greuther Furth,,,SCHEDULED,D2_20270130_Nurnberg_Greuther_Furth
2027-01-30,15:30,D2,Osnabruck,Heidenheim,,,SCHEDULED,D2_20270130_Osnabruck_Heidenheim
2027-01-30,16:00,E1,Bolton,Derby,,,SCHEDULED,E1_20270130_Bolton_Derby
2027-01-30,16:00,E1,Burnley,Cardiff,,,SCHEDULED,E1_20270130_Burnley_Cardiff
2027-01-30,16:00,E1,Lincoln,QPR,,,SCHEDULED,E1_20270130_Lincoln_QPR
2027-01-30,16:00,E1,Middlesbrough,Watford,,,SCHEDULED,E1_20270130_Middlesbrough_Watford
2027-01-30,16:00,E1,Millwall,West Brom,,,SCHEDULED,E1_20270130_Millwall_West_Brom
2027-01-30,16:00,E1,Norwich,Bristol City,,,SCHEDULED,E1_20270130_Norwich_Bristol_City
2027-01-30,16:00,E1,Sheffield United,Charlton,,,SCHEDULED,E1_20270130_Sheffield_United_Charlton
2027-01-30,16:00,E1,Southampton,Preston,,,SCHEDULED,E1_20270130_Southampton_Preston
2027-01-30,16:00,E1,Stoke,Portsmouth,,,SCHEDULED,E1_20270130_Stoke_Portsmouth
2027-01-30,16:00,E1,Swansea,Birmingham,,,SCHEDULED,E1_20270130_Swansea_Birmingham
2027-01-30,16:00,E1,West Ham,Blackburn,,,SCHEDULED,E1_20270130_West_Ham_Blackburn
2027-01-30,16:00,E1,Wolves,Wrexham,,,SCHEDULED,E1_20270130_Wolves_Wrexham
2027-01-30,16:00,E2,AFC Wimbledon,Stockport,,,SCHEDULED,E2_20270130_AFC_Wimbledon_Stockport
2027-01-30,16:00,E2,Blackpool,Sheffield Weds,,,SCHEDULED,E2_20270130_Blackpool_Sheffield_Weds
2027-01-30,16:00,E2,Bromley,Wigan,,,SCHEDULED,E2_20270130_Bromley_Wigan
2027-01-30,16:00,E2,Burton,Wycombe,,,SCHEDULED,E2_20270130_Burton_Wycombe
2027-01-30,16:00,E2,Cambridge,Leyton Orient,,,SCHEDULED,E2_20270130_Cambridge_Leyton_Orient
2027-01-30,16:00,E2,Doncaster,Milton Keynes Dons,,,SCHEDULED,E2_20270130_Doncaster_Milton_Keynes_Dons
2027-01-30,16:00,E2,Luton,Peterboro,,,SCHEDULED,E2_20270130_Luton_Peterboro
2027-01-30,16:00,E2,Notts County,Mansfield,,,SCHEDULED,E2_20270130_Notts_County_Mansfield
2027-01-30,16:00,E2,Oxford,Barnsley,,,SCHEDULED,E2_20270130_Oxford_Barnsley
2027-01-30,16:00,E2,Reading,Plymouth,,,SCHEDULED,E2_20270130_Reading_Plymouth
2027-01-30,16:00,E2,Stevenage,Leicester,,,SCHEDULED,E2_20270130_Stevenage_Leicester
2027-01-30,16:15,SP1,La Coruna,Santander,,,SCHEDULED,SP1_20270130_La_Coruna_Santander
2027-01-30,16:15,SP2,Andorra,Ceuta,,,SCHEDULED,SP2_20270130_Andorra_Ceuta
2027-01-30,16:15,SP2,Valladolid,Burgos,,,SCHEDULED,SP2_20270130_Valladolid_Burgos
2027-01-30,17:00,F1,Lyon,Lille,,,SCHEDULED,F1_20270130_Lyon_Lille
2027-01-30,17:00,F1,Paris FC,Auxerre,,,SCHEDULED,F1_20270130_Paris_FC_Auxerre
2027-01-30,17:00,F2,Metz,Guingamp,,,SCHEDULED,F2_20270130_Metz_Guingamp
2027-01-30,17:00,F2,Montpellier,Red Star,,,SCHEDULED,F2_20270130_Montpellier_Red_Star
2027-01-30,17:30,E3,Walsall,Rotherham,,,SCHEDULED,E3_20270130_Walsall_Rotherham
2027-01-30,17:30,SC0,Dundee United,Rangers,,,SCHEDULED,SC0_20270130_Dundee_United_Rangers
2027-01-30,18:00,AUT,Tirol,Sturm Graz,,,SCHEDULED,AUT_20270130_Tirol_Sturm_Graz
2027-01-30,18:00,B1,Anderlecht,Oud-Heverlee Leuven,,,SCHEDULED,B1_20270130_Anderlecht_Oud_Heverlee_Leuven
2027-01-30,18:00,B1,Gent,Lommel SK,,,SCHEDULED,B1_20270130_Gent_Lommel_SK
2027-01-30,18:00,B1,Waregem,Cercle Brugge,,,SCHEDULED,B1_20270130_Waregem_Cercle_Brugge
2027-01-30,18:00,DNK,Midtjylland,Horsens,,,SCHEDULED,DNK_20270130_Midtjylland_Horsens
2027-01-30,18:00,G1,PAOK,Asteras Tripolis,,,SCHEDULED,G1_20270130_PAOK_Asteras_Tripolis
2027-01-30,18:00,G1,Panathinaikos,Aris,,,SCHEDULED,G1_20270130_Panathinaikos_Aris
2027-01-30,18:00,I1,Monza,Roma,,,SCHEDULED,I1_20270130_Monza_Roma
2027-01-30,18:00,I1,Venezia,Udinese,,,SCHEDULED,I1_20270130_Venezia_Udinese
2027-01-30,18:00,I2,Arezzo,Benevento,,,SCHEDULED,I2_20270130_Arezzo_Benevento
2027-01-30,18:00,I2,Sampdoria,Pisa,,,SCHEDULED,I2_20270130_Sampdoria_Pisa
2027-01-30,18:00,N1,Cambuur,Telstar,,,SCHEDULED,N1_20270130_Cambuur_Telstar
2027-01-30,18:00,N1,PSV Eindhoven,Feyenoord,,,SCHEDULED,N1_20270130_PSV_Eindhoven_Feyenoord
2027-01-30,18:00,N1,Twente,Ajax,,,SCHEDULED,N1_20270130_Twente_Ajax
2027-01-30,18:00,P1,Casa Pia,Nacional,,,SCHEDULED,P1_20270130_Casa_Pia_Nacional
2027-01-30,18:00,P1,Rio Ave,Benfica,,,SCHEDULED,P1_20270130_Rio_Ave_Benfica
2027-01-30,18:00,P1,Sp Braga,Santa Clara,,,SCHEDULED,P1_20270130_Sp_Braga_Santa_Clara
2027-01-30,18:00,POL,Korona Kielce,Widzew Lodz,,,SCHEDULED,POL_20270130_Korona_Kielce_Widzew_Lodz
2027-01-30,18:00,POL,Piast Gliwice,Pogon Szczecin,,,SCHEDULED,POL_20270130_Piast_Gliwice_Pogon_Szczecin
2027-01-30,18:00,POL,Wisla,Wisla Plock,,,SCHEDULED,POL_20270130_Wisla_Wisla_Plock
2027-01-30,18:00,ROU,Corvinul,CFR Cluj,,,SCHEDULED,ROU_20270130_Corvinul_CFR_Cluj
2027-01-30,18:00,ROU,Petrolul,Sepsi Sf. Gheorghe,,,SCHEDULED,ROU_20270130_Petrolul_Sepsi_Sf_Gheorghe
2027-01-30,18:00,SWZ,Servette,Vaduz,,,SCHEDULED,SWZ_20270130_Servette_Vaduz
2027-01-30,18:00,T1,Alanyaspor,Genclerbirligi,,,SCHEDULED,T1_20270130_Alanyaspor_Genclerbirligi
2027-01-30,18:00,T1,Kasimpasa,Amedspor,,,SCHEDULED,T1_20270130_Kasimpasa_Amedspor
2027-01-30,18:00,T1,Samsunspor,Goztep,,,SCHEDULED,T1_20270130_Samsunspor_Goztep
2027-01-30,18:30,D1,Ein Frankfurt,Hoffenheim,,,SCHEDULED,D1_20270130_Ein_Frankfurt_Hoffenheim
2027-01-30,18:30,D2,Braunschweig,Bochum,,,SCHEDULED,D2_20270130_Braunschweig_Bochum
2027-01-30,18:30,SP1,Osasuna,Malaga,,,SCHEDULED,SP1_20270130_Osasuna_Malaga
2027-01-30,18:30,SP2,Eibar,Almeria,,,SCHEDULED,SP2_20270130_Eibar_Almeria
2027-01-30,20:45,AUT,Salzburg,A. Lustenau,,,SCHEDULED,AUT_20270130_Salzburg_A_Lustenau
2027-01-30,20:45,B1,Antwerp,Standard,,,SCHEDULED,B1_20270130_Antwerp_Standard
2027-01-30,20:45,DNK,Brondby,Nordsjaelland,,,SCHEDULED,DNK_20270130_Brondby_Nordsjaelland
2027-01-30,20:45,G1,Volos NFC,OFI Crete,,,SCHEDULED,G1_20270130_Volos_NFC_OFI_Crete
2027-01-30,20:45,I1,Torino,Fiorentina,,,SCHEDULED,I1_20270130_Torino_Fiorentina
2027-01-30,20:45,I2,Vicenza,Palermo,,,SCHEDULED,I2_20270130_Vicenza_Palermo
2027-01-30,20:45,N1,Heerenveen,Willem II,,,SCHEDULED,N1_20270130_Heerenveen_Willem_II
2027-01-30,20:45,P1,Gil Vicente,Porto,,,SCHEDULED,P1_20270130_Gil_Vicente_Porto
2027-01-30,20:45,POL,Gornik Zabrze,Jagiellonia,,,SCHEDULED,POL_20270130_Gornik_Zabrze_Jagiellonia
2027-01-30,20:45,ROU,FCSB,FC Arges,,,SCHEDULED,ROU_20270130_FCSB_FC_Arges
2027-01-30,20:45,SWZ,Grasshoppers,Luzern,,,SCHEDULED,SWZ_20270130_Grasshoppers_Luzern
2027-01-30,20:45,T1,Rizespor,Erzurumspor,,,SCHEDULED,T1_20270130_Rizespor_Erzurumspor
2027-01-30,21:00,F1,Monaco,Troyes,,,SCHEDULED,F1_20270130_Monaco_Troyes
2027-01-30,21:00,F2,Pau FC,Grenoble,,,SCHEDULED,F2_20270130_Pau_FC_Grenoble
2027-01-30,21:00,SP1,Barcelona,Betis,,,SCHEDULED,SP1_20270130_Barcelona_Betis
2027-01-30,21:00,SP2,Cordoba,Tenerife,,,SCHEDULED,SP2_20270130_Cordoba_Tenerife
2027-01-31,12:30,I1,Bologna,Genoa,,,SCHEDULED,I1_20270131_Bologna_Genoa
2027-01-31,12:30,I2,Avellino,Cesena,,,SCHEDULED,I2_20270131_Avellino_Cesena
2027-01-31,14:00,E3,Oldham,Shrewsbury,,,SCHEDULED,E3_20270131_Oldham_Shrewsbury
2027-01-31,14:00,SC0,Dundee,St Mirren,,,SCHEDULED,SC0_20270131_Dundee_St_Mirren
2027-01-31,14:00,SP1,Ath Madrid,Valencia,,,SCHEDULED,SP1_20270131_Ath_Madrid_Valencia
2027-01-31,14:00,SP2,Sabadell,Eldense,,,SCHEDULED,SP2_20270131_Sabadell_Eldense
2027-01-31,14:30,AUT,SK Rapid,Ried,,,SCHEDULED,AUT_20270131_SK_Rapid_Ried
2027-01-31,14:30,B1,RAAL La Louviere,Beveren,,,SCHEDULED,B1_20270131_RAAL_La_Louviere_Beveren
2027-01-31,14:30,B1,Westerlo,Kortrijk,,,SCHEDULED,B1_20270131_Westerlo_Kortrijk
2027-01-31,14:30,DNK,FC Copenhagen,Silkeborg,,,SCHEDULED,DNK_20270131_FC_Copenhagen_Silkeborg
2027-01-31,14:30,G1,Iraklis,Kifisia,,,SCHEDULED,G1_20270131_Iraklis_Kifisia
2027-01-31,14:30,N1,Nijmegen,Go Ahead Eagles,,,SCHEDULED,N1_20270131_Nijmegen_Go_Ahead_Eagles
2027-01-31,14:30,N1,Utrecht,Sparta Rotterdam,,,SCHEDULED,N1_20270131_Utrecht_Sparta_Rotterdam
2027-01-31,14:30,P1,Estoril,Famalicao,,,SCHEDULED,P1_20270131_Estoril_Famalicao
2027-01-31,14:30,P1,Moreirense,Arouca,,,SCHEDULED,P1_20270131_Moreirense_Arouca
2027-01-31,14:30,POL,Cracovia,Motor Lublin,,,SCHEDULED,POL_20270131_Cracovia_Motor_Lublin
2027-01-31,14:30,POL,Slask Wroclaw,Wieczysta Krakow,,,SCHEDULED,POL_20270131_Slask_Wroclaw_Wieczysta_Krakow
2027-01-31,14:30,ROU,FC Rapid Bucuresti,Farul Constanta,,,SCHEDULED,ROU_20270131_FC_Rapid_Bucuresti_Farul_Constanta
2027-01-31,14:30,ROU,Univ. Craiova,Dinamo Bucuresti,,,SCHEDULED,ROU_20270131_Univ_Craiova_Dinamo_Bucuresti
2027-01-31,14:30,SWZ,Basel,Lausanne,,,SCHEDULED,SWZ_20270131_Basel_Lausanne
2027-01-31,14:30,T1,Buyuksehyr,Galatasaray,,,SCHEDULED,T1_20270131_Buyuksehyr_Galatasaray
2027-01-31,14:30,T1,Trabzonspor,Corum,,,SCHEDULED,T1_20270131_Trabzonspor_Corum
2027-01-31,15:00,F1,Angers,Nice,,,SCHEDULED,F1_20270131_Angers_Nice
2027-01-31,15:00,F1,Lens,Brest,,,SCHEDULED,F1_20270131_Lens_Brest
2027-01-31,15:00,F1,Strasbourg,Lorient,,,SCHEDULED,F1_20270131_Strasbourg_Lorient
2027-01-31,15:00,F2,Clermont,Annecy,,,SCHEDULED,F2_20270131_Clermont_Annecy
2027-01-31,15:00,F2,Laval,Rodez,,,SCHEDULED,F2_20270131_Laval_Rodez
2027-01-31,15:00,F2,Nancy,Sochaux,,,SCHEDULED,F2_20270131_Nancy_Sochaux
2027-01-31,15:00,I1,Napoli,Parma,,,SCHEDULED,I1_20270131_Napoli_Parma
2027-01-31,15:00,I2,Modena,Cremonese,,,SCHEDULED,I2_20270131_Modena_Cremonese
2027-01-31,15:30,D1,Stuttgart,Paderborn,,,SCHEDULED,D1_20270131_Stuttgart_Paderborn
2027-01-31,15:30,D2,Hannover,Hertha,,,SCHEDULED,D2_20270131_Hannover_Hertha
2027-01-31,16:15,SP1,Vallecano,Elche,,,SCHEDULED,SP1_20270131_Vallecano_Elche
2027-01-31,16:15,SP2,Girona,Celta B,,,SCHEDULED,SP2_20270131_Girona_Celta_B
2027-01-31,16:30,AUT,Austria Vienna,LASK,,,SCHEDULED,AUT_20270131_Austria_Vienna_LASK
2027-01-31,16:30,B1,St. Gilloise,Genk,,,SCHEDULED,B1_20270131_St_Gilloise_Genk
2027-01-31,16:30,DNK,Lyngby,Sonderjyske,,,SCHEDULED,DNK_20270131_Lyngby_Sonderjyske
2027-01-31,16:30,E3,Swindon,Cheltenham,,,SCHEDULED,E3_20270131_Swindon_Cheltenham
2027-01-31,16:30,G1,Olympiakos,Levadeiakos,,,SCHEDULED,G1_20270131_Olympiakos_Levadeiakos
2027-01-31,16:30,N1,Groningen,For Sittard,,,SCHEDULED,N1_20270131_Groningen_For_Sittard
2027-01-31,16:30,P1,Sp Lisbon,Maritimo,,,SCHEDULED,P1_20270131_Sp_Lisbon_Maritimo
2027-01-31,16:30,POL,Radomiak Radom,Lech Poznan,,,SCHEDULED,POL_20270131_Radomiak_Radom_Lech_Poznan
2027-01-31,16:30,ROU,FC Voluntari,Otelul,,,SCHEDULED,ROU_20270131_FC_Voluntari_Otelul
2027-01-31,16:30,SWZ,Zurich,St. Gallen,,,SCHEDULED,SWZ_20270131_Zurich_St_Gallen
2027-01-31,16:30,T1,Kocaelispor,Konyaspor,,,SCHEDULED,T1_20270131_Kocaelispor_Konyaspor
2027-01-31,17:15,F1,Marseille,Le Havre,,,SCHEDULED,F1_20270131_Marseille_Le_Havre
2027-01-31,17:15,F2,Dunkerque,Reims,,,SCHEDULED,F2_20270131_Dunkerque_Reims
2027-01-31,17:30,D1,Elversberg,Bayern Munich,,,SCHEDULED,D1_20270131_Elversberg_Bayern_Munich
2027-01-31,17:30,D2,Karlsruhe,Kaiserslautern,,,SCHEDULED,D2_20270131_Karlsruhe_Kaiserslautern
2027-01-31,18:00,I1,Frosinone,Atalanta,,,SCHEDULED,I1_20270131_Frosinone_Atalanta
2027-01-31,18:00,I2,Mantova,Ascoli,,,SCHEDULED,I2_20270131_Mantova_Ascoli
2027-01-31,18:30,AUT,Hartberg,Wolfsberger AC,,,SCHEDULED,AUT_20270131_Hartberg_Wolfsberger_AC
2027-01-31,18:30,B1,Mechelen,Charleroi,,,SCHEDULED,B1_20270131_Mechelen_Charleroi
2027-01-31,18:30,DNK,Randers FC,Odense,,,SCHEDULED,DNK_20270131_Randers_FC_Odense
2027-01-31,18:30,G1,AEK,Panetolikos,,,SCHEDULED,G1_20270131_AEK_Panetolikos
2027-01-31,18:30,N1,Zwolle,AZ Alkmaar,,,SCHEDULED,N1_20270131_Zwolle_AZ_Alkmaar
2027-01-31,18:30,P1,Academico Viseu,Guimaraes,,,SCHEDULED,P1_20270131_Academico_Viseu_Guimaraes
2027-01-31,18:30,POL,Zaglebie,GKS Katowice,,,SCHEDULED,POL_20270131_Zaglebie_GKS_Katowice
2027-01-31,18:30,ROU,Csikszereda M. Ciuc,UTA Arad,,,SCHEDULED,ROU_20270131_Csikszereda_M_Ciuc_UTA_Arad
2027-01-31,18:30,SP1,Ath Bilbao,Sociedad,,,SCHEDULED,SP1_20270131_Ath_Bilbao_Sociedad
2027-01-31,18:30,SP2,Las Palmas,Mallorca,,,SCHEDULED,SP2_20270131_Las_Palmas_Mallorca
2027-01-31,18:30,SWZ,Sion,Thun,,,SCHEDULED,SWZ_20270131_Sion_Thun
2027-01-31,18:30,T1,Gaziantep,Fenerbahce,,,SCHEDULED,T1_20270131_Gaziantep_Fenerbahce
2027-01-31,20:45,F1,Toulouse,Paris SG,,,SCHEDULED,F1_20270131_Toulouse_Paris_SG
2027-01-31,20:45,F2,Boulogne,St Etienne,,,SCHEDULED,F2_20270131_Boulogne_St_Etienne
2027-01-31,20:45,I1,Lazio,Cagliari,,,SCHEDULED,I1_20270131_Lazio_Cagliari
2027-01-31,20:45,I2,Verona,Sudtirol,,,SCHEDULED,I2_20270131_Verona_Sudtirol
2027-01-31,21:00,SP1,Real Madrid,Alaves,,,SCHEDULED,SP1_20270131_Real_Madrid_Alaves
2027-01-31,21:00,SP2,Oviedo,Albacete,,,SCHEDULED,SP2_20270131_Oviedo_Albacete
2027-02-05,20:00,AUT,Hartberg,Grazer AK,,,SCHEDULED,AUT_20270205_Hartberg_Grazer_AK
2027-02-05,20:00,B1,Mechelen,Cercle Brugge,,,SCHEDULED,B1_20270205_Mechelen_Cercle_Brugge
2027-02-05,20:00,DNK,Odense,Aarhus,,,SCHEDULED,DNK_20270205_Odense_Aarhus
2027-02-05,20:00,E3,Rochdale,Cheltenham,,,SCHEDULED,E3_20270205_Rochdale_Cheltenham
2027-02-05,20:00,G1,AEK,Aris,,,SCHEDULED,G1_20270205_AEK_Aris
2027-02-05,20:00,N1,Zwolle,Feyenoord,,,SCHEDULED,N1_20270205_Zwolle_Feyenoord
2027-02-05,20:00,P1,Academico Viseu,Nacional,,,SCHEDULED,P1_20270205_Academico_Viseu_Nacional
2027-02-05,20:00,POL,Zaglebie,Wisla Plock,,,SCHEDULED,POL_20270205_Zaglebie_Wisla_Plock
2027-02-05,20:00,ROU,Petrolul,UTA Arad,,,SCHEDULED,ROU_20270205_Petrolul_UTA_Arad
2027-02-05,20:00,SWZ,Thun,Young Boys,,,SCHEDULED,SWZ_20270205_Thun_Young_Boys
2027-02-05,20:00,T1,Kasimpasa,Fenerbahce,,,SCHEDULED,T1_20270205_Kasimpasa_Fenerbahce
2027-02-05,20:30,D1,Werder Bremen,Bayern Munich,,,SCHEDULED,D1_20270205_Werder_Bremen_Bayern_Munich
2027-02-05,20:30,D2,Karlsruhe,Wolfsburg,,,SCHEDULED,D2_20270205_Karlsruhe_Wolfsburg
2027-02-05,20:45,F1,Toulouse,Brest,,,SCHEDULED,F1_20270205_Toulouse_Brest
2027-02-05,20:45,F2,Boulogne,Sochaux,,,SCHEDULED,F2_20270205_Boulogne_Sochaux
2027-02-05,20:45,I1,Lazio,Milan,,,SCHEDULED,I1_20270205_Lazio_Milan
2027-02-05,20:45,I2,Verona,Padova,,,SCHEDULED,I2_20270205_Verona_Padova
2027-02-05,21:00,SP1,Real Madrid,Sevilla,,,SCHEDULED,SP1_20270205_Real_Madrid_Sevilla
2027-02-05,21:00,SP2,Oviedo,Cadiz,,,SCHEDULED,SP2_20270205_Oviedo_Cadiz
2027-02-06,14:00,SP1,Celta,Villarreal,,,SCHEDULED,SP1_20270206_Celta_Villarreal
2027-02-06,14:00,SP1,Levante,Santander,,,SCHEDULED,SP1_20270206_Levante_Santander
2027-02-06,14:00,SP2,Leganes,Ceuta,,,SCHEDULED,SP2_20270206_Leganes_Ceuta
2027-02-06,14:00,SP2,Valladolid,Granada,,,SCHEDULED,SP2_20270206_Valladolid_Granada
2027-02-06,15:00,E0,Arsenal,Liverpool,,,SCHEDULED,E0_20270206_Arsenal_Liverpool
2027-02-06,15:00,E0,Brighton,Hull,,,SCHEDULED,E0_20270206_Brighton_Hull
2027-02-06,15:00,E0,Crystal Palace,Coventry,,,SCHEDULED,E0_20270206_Crystal_Palace_Coventry
2027-02-06,15:00,E0,Everton,Newcastle,,,SCHEDULED,E0_20270206_Everton_Newcastle
2027-02-06,15:00,E0,Fulham,Man City,,,SCHEDULED,E0_20270206_Fulham_Man_City
2027-02-06,15:00,E0,Ipswich,Tottenham,,,SCHEDULED,E0_20270206_Ipswich_Tottenham
2027-02-06,15:00,E0,Leeds,Bournemouth,,,SCHEDULED,E0_20270206_Leeds_Bournemouth
2027-02-06,15:00,E0,Man United,Chelsea,,,SCHEDULED,E0_20270206_Man_United_Chelsea
2027-02-06,15:00,E0,Nott'm Forest,Brentford,,,SCHEDULED,E0_20270206_Nott_m_Forest_Brentford
2027-02-06,15:00,E0,Sunderland,Aston Villa,,,SCHEDULED,E0_20270206_Sunderland_Aston_Villa
2027-02-06,15:00,E3,Bristol Rvs,York,,,SCHEDULED,E3_20270206_Bristol_Rvs_York
2027-02-06,15:00,E3,Chesterfield,Port Vale,,,SCHEDULED,E3_20270206_Chesterfield_Port_Vale
2027-02-06,15:00,E3,Colchester,Barnet,,,SCHEDULED,E3_20270206_Colchester_Barnet
2027-02-06,15:00,E3,Crawley Town,Accrington,,,SCHEDULED,E3_20270206_Crawley_Town_Accrington
2027-02-06,15:00,E3,Fleetwood Town,Salford,,,SCHEDULED,E3_20270206_Fleetwood_Town_Salford
2027-02-06,15:00,E3,Gillingham,Northampton,,,SCHEDULED,E3_20270206_Gillingham_Northampton
2027-02-06,15:00,E3,Oldham,Grimsby,,,SCHEDULED,E3_20270206_Oldham_Grimsby
2027-02-06,15:00,E3,Tranmere,Crewe,,,SCHEDULED,E3_20270206_Tranmere_Crewe
2027-02-06,15:00,I1,Monza,Lecce,,,SCHEDULED,I1_20270206_Monza_Lecce
2027-02-06,15:00,I1,Venezia,Como,,,SCHEDULED,I1_20270206_Venezia_Como
2027-02-06,15:00,I2,Arezzo,Virtus Entella,,,SCHEDULED,I2_20270206_Arezzo_Virtus_Entella
2027-02-06,15:00,I2,Sampdoria,Empoli,,,SCHEDULED,I2_20270206_Sampdoria_Empoli
2027-02-06,15:00,SC0,Celtic,Hibernian,,,SCHEDULED,SC0_20270206_Celtic_Hibernian
2027-02-06,15:00,SC0,Hearts,Aberdeen,,,SCHEDULED,SC0_20270206_Hearts_Aberdeen
2027-02-06,15:00,SC0,Kilmarnock,Dundee,,,SCHEDULED,SC0_20270206_Kilmarnock_Dundee
2027-02-06,15:00,SC0,St Johnstone,Falkirk,,,SCHEDULED,SC0_20270206_St_Johnstone_Falkirk
2027-02-06,15:30,D1,Ein Frankfurt,Mainz,,,SCHEDULED,D1_20270206_Ein_Frankfurt_Mainz
2027-02-06,15:30,D1,FC Koln,Union Berlin,,,SCHEDULED,D1_20270206_FC_Koln_Union_Berlin
2027-02-06,15:30,D1,Freiburg,Schalke 04,,,SCHEDULED,D1_20270206_Freiburg_Schalke_04
2027-02-06,15:30,D1,Leverkusen,Hamburg,,,SCHEDULED,D1_20270206_Leverkusen_Hamburg
2027-02-06,15:30,D1,M'gladbach,Augsburg,,,SCHEDULED,D1_20270206_M_gladbach_Augsburg
2027-02-06,15:30,D2,Cottbus,Bochum,,,SCHEDULED,D2_20270206_Cottbus_Bochum
2027-02-06,15:30,D2,Dresden,Holstein Kiel,,,SCHEDULED,D2_20270206_Dresden_Holstein_Kiel
2027-02-06,15:30,D2,Magdeburg,Heidenheim,,,SCHEDULED,D2_20270206_Magdeburg_Heidenheim
2027-02-06,15:30,D2,Nurnberg,St Pauli,,,SCHEDULED,D2_20270206_Nurnberg_St_Pauli
2027-02-06,15:30,D2,Osnabruck,Bielefeld,,,SCHEDULED,D2_20270206_Osnabruck_Bielefeld
2027-02-06,16:00,E1,Birmingham,Stoke,,,SCHEDULED,E1_20270206_Birmingham_Stoke
2027-02-06,16:00,E1,Blackburn,Burnley,,,SCHEDULED,E1_20270206_Blackburn_Burnley
2027-02-06,16:00,E1,Bristol City,Middlesbrough,,,SCHEDULED,E1_20270206_Bristol_City_Middlesbrough
2027-02-06,16:00,E1,Cardiff,Norwich,,,SCHEDULED,E1_20270206_Cardiff_Norwich
2027-02-06,16:00,E1,Charlton,Wolves,,,SCHEDULED,E1_20270206_Charlton_Wolves
2027-02-06,16:00,E1,Derby,Southampton,,,SCHEDULED,E1_20270206_Derby_Southampton
2027-02-06,16:00,E1,Portsmouth,Bolton,,,SCHEDULED,E1_20270206_Portsmouth_Bolton
2027-02-06,16:00,E1,Preston,West Ham,,,SCHEDULED,E1_20270206_Preston_West_Ham
2027-02-06,16:00,E1,QPR,Millwall,,,SCHEDULED,E1_20270206_QPR_Millwall
2027-02-06,16:00,E1,Watford,Sheffield United,,,SCHEDULED,E1_20270206_Watford_Sheffield_United
2027-02-06,16:00,E1,West Brom,Swansea,,,SCHEDULED,E1_20270206_West_Brom_Swansea
2027-02-06,16:00,E1,Wrexham,Lincoln,,,SCHEDULED,E1_20270206_Wrexham_Lincoln
2027-02-06,16:00,E2,Barnsley,Leyton Orient,,,SCHEDULED,E2_20270206_Barnsley_Leyton_Orient
2027-02-06,16:00,E2,Bradford,Plymouth,,,SCHEDULED,E2_20270206_Bradford_Plymouth
2027-02-06,16:00,E2,Bromley,Sheffield Weds,,,SCHEDULED,E2_20270206_Bromley_Sheffield_Weds
2027-02-06,16:00,E2,Burton,Notts County,,,SCHEDULED,E2_20270206_Burton_Notts_County
2027-02-06,16:00,E2,Doncaster,Stevenage,,,SCHEDULED,E2_20270206_Doncaster_Stevenage
2027-02-06,16:00,E2,Huddersfield,Cambridge,,,SCHEDULED,E2_20270206_Huddersfield_Cambridge
2027-02-06,16:00,E2,Leicester,Milton Keynes Dons,,,SCHEDULED,E2_20270206_Leicester_Milton_Keynes_Dons
2027-02-06,16:00,E2,Luton,Mansfield,,,SCHEDULED,E2_20270206_Luton_Mansfield
2027-02-06,16:00,E2,Peterboro,Blackpool,,,SCHEDULED,E2_20270206_Peterboro_Blackpool
2027-02-06,16:00,E2,Reading,Oxford,,,SCHEDULED,E2_20270206_Reading_Oxford
2027-02-06,16:00,E2,Wigan,AFC Wimbledon,,,SCHEDULED,E2_20270206_Wigan_AFC_Wimbledon
2027-02-06,16:00,E2,Wycombe,Stockport,,,SCHEDULED,E2_20270206_Wycombe_Stockport
2027-02-06,16:15,SP1,Osasuna,Getafe,,,SCHEDULED,SP1_20270206_Osasuna_Getafe
2027-02-06,16:15,SP2,Eibar,Sociedad B,,,SCHEDULED,SP2_20270206_Eibar_Sociedad_B
2027-02-06,16:15,SP2,Sp Gijon,Burgos,,,SCHEDULED,SP2_20270206_Sp_Gijon_Burgos
2027-02-06,17:00,F1,Lens,Nice,,,SCHEDULED,F1_20270206_Lens_Nice
2027-02-06,17:00,F1,Monaco,Paris FC,,,SCHEDULED,F1_20270206_Monaco_Paris_FC
2027-02-06,17:00,F2,Nancy,Annecy,,,SCHEDULED,F2_20270206_Nancy_Annecy
2027-02-06,17:00,F2,Pau FC,Metz,,,SCHEDULED,F2_20270206_Pau_FC_Metz
2027-02-06,17:30,E3,Swindon,Shrewsbury,,,SCHEDULED,E3_20270206_Swindon_Shrewsbury
2027-02-06,17:30,SC0,St Mirren,Rangers,,,SCHEDULED,SC0_20270206_St_Mirren_Rangers
2027-02-06,18:00,AUT,Salzburg,Tirol,,,SCHEDULED,AUT_20270206_Salzburg_Tirol
2027-02-06,18:00,B1,Anderlecht,Beveren,,,SCHEDULED,B1_20270206_Anderlecht_Beveren
2027-02-06,18:00,B1,Antwerp,Gent,,,SCHEDULED,B1_20270206_Antwerp_Gent
2027-02-06,18:00,B1,RAAL La Louviere,St Truiden,,,SCHEDULED,B1_20270206_RAAL_La_Louviere_St_Truiden
2027-02-06,18:00,DNK,Horsens,Brondby,,,SCHEDULED,DNK_20270206_Horsens_Brondby
2027-02-06,18:00,G1,Panathinaikos,Atromitos,,,SCHEDULED,G1_20270206_Panathinaikos_Atromitos
2027-02-06,18:00,G1,Volos NFC,PAOK,,,SCHEDULED,G1_20270206_Volos_NFC_PAOK
2027-02-06,18:00,I1,Inter,Roma,,,SCHEDULED,I1_20270206_Inter_Roma
2027-02-06,18:00,I1,Sassuolo,Fiorentina,,,SCHEDULED,I1_20270206_Sassuolo_Fiorentina
2027-02-06,18:00,I2,Carrarese,Benevento,,,SCHEDULED,I2_20270206_Carrarese_Benevento
2027-02-06,18:00,I2,Catanzaro,Palermo,,,SCHEDULED,I2_20270206_Catanzaro_Palermo
2027-02-06,18:00,N1,Heerenveen,Cambuur,,,SCHEDULED,N1_20270206_Heerenveen_Cambuur
2027-02-06,18:00,N1,Nijmegen,Excelsior,,,SCHEDULED,N1_20270206_Nijmegen_Excelsior
2027-02-06,18:00,N1,Twente,Go Ahead Eagles,,,SCHEDULED,N1_20270206_Twente_Go_Ahead_Eagles
2027-02-06,18:00,P1,Estoril,Estrela,,,SCHEDULED,P1_20270206_Estoril_Estrela
2027-02-06,18:00,P1,Gil Vicente,Sp Braga,,,SCHEDULED,P1_20270206_Gil_Vicente_Sp_Braga
2027-02-06,18:00,P1,Rio Ave,Famalicao,,,SCHEDULED,P1_20270206_Rio_Ave_Famalicao
2027-02-06,18:00,POL,Cracovia,Legia,,,SCHEDULED,POL_20270206_Cracovia_Legia
2027-02-06,18:00,POL,Gornik Zabrze,Piast Gliwice,,,SCHEDULED,POL_20270206_Gornik_Zabrze_Piast_Gliwice
2027-02-06,18:00,POL,Korona Kielce,Motor Lublin,,,SCHEDULED,POL_20270206_Korona_Kielce_Motor_Lublin
2027-02-06,18:00,ROU,CFR Cluj,FC Arges,,,SCHEDULED,ROU_20270206_CFR_Cluj_FC_Arges
2027-02-06,18:00,ROU,U. Cluj,Dinamo Bucuresti,,,SCHEDULED,ROU_20270206_U_Cluj_Dinamo_Bucuresti
2027-02-06,18:00,SWZ,Vaduz,Grasshoppers,,,SCHEDULED,SWZ_20270206_Vaduz_Grasshoppers
2027-02-06,18:00,T1,Buyuksehyr,Goztep,,,SCHEDULED,T1_20270206_Buyuksehyr_Goztep
2027-02-06,18:00,T1,Eyupspor,Galatasaray,,,SCHEDULED,T1_20270206_Eyupspor_Galatasaray
2027-02-06,18:00,T1,Genclerbirligi,Erzurumspor,,,SCHEDULED,T1_20270206_Genclerbirligi_Erzurumspor
2027-02-06,18:30,D1,RB Leipzig,Paderborn,,,SCHEDULED,D1_20270206_RB_Leipzig_Paderborn
2027-02-06,18:30,D2,Hannover,Greuther Furth,,,SCHEDULED,D2_20270206_Hannover_Greuther_Furth
2027-02-06,18:30,SP1,La Coruna,Betis,,,SCHEDULED,SP1_20270206_La_Coruna_Betis
2027-02-06,18:30,SP2,Andorra,Tenerife,,,SCHEDULED,SP2_20270206_Andorra_Tenerife
2027-02-06,20:45,AUT,Sturm Graz,Ried,,,SCHEDULED,AUT_20270206_Sturm_Graz_Ried
2027-02-06,20:45,B1,Lommel SK,Kortrijk,,,SCHEDULED,B1_20270206_Lommel_SK_Kortrijk
2027-02-06,20:45,DNK,Midtjylland,FC Copenhagen,,,SCHEDULED,DNK_20270206_Midtjylland_FC_Copenhagen
2027-02-06,20:45,G1,Asteras Tripolis,Kifisia,,,SCHEDULED,G1_20270206_Asteras_Tripolis_Kifisia
2027-02-06,20:45,I1,Bologna,Udinese,,,SCHEDULED,I1_20270206_Bologna_Udinese
2027-02-06,20:45,I2,Avellino,Pisa,,,SCHEDULED,I2_20270206_Avellino_Pisa
2027-02-06,20:45,N1,Telstar,Sparta Rotterdam,,,SCHEDULED,N1_20270206_Telstar_Sparta_Rotterdam
2027-02-06,20:45,P1,Santa Clara,Arouca,,,SCHEDULED,P1_20270206_Santa_Clara_Arouca
2027-02-06,20:45,POL,Pogon Szczecin,Wieczysta Krakow,,,SCHEDULED,POL_20270206_Pogon_Szczecin_Wieczysta_Krakow
2027-02-06,20:45,ROU,FC Rapid Bucuresti,Corvinul,,,SCHEDULED,ROU_20270206_FC_Rapid_Bucuresti_Corvinul
2027-02-06,20:45,SWZ,Servette,Basel,,,SCHEDULED,SWZ_20270206_Servette_Basel
2027-02-06,20:45,T1,Trabzonspor,Alanyaspor,,,SCHEDULED,T1_20270206_Trabzonspor_Alanyaspor
2027-02-06,21:00,F1,Auxerre,Lorient,,,SCHEDULED,F1_20270206_Auxerre_Lorient
2027-02-06,21:00,F2,Guingamp,Rodez,,,SCHEDULED,F2_20270206_Guingamp_Rodez
2027-02-06,21:00,SP1,Ath Madrid,Malaga,,,SCHEDULED,SP1_20270206_Ath_Madrid_Malaga
2027-02-06,21:00,SP2,Sabadell,Almeria,,,SCHEDULED,SP2_20270206_Sabadell_Almeria
2027-02-07,12:30,I1,Torino,Parma,,,SCHEDULED,I1_20270207_Torino_Parma
2027-02-07,12:30,I2,Vicenza,Cremonese,,,SCHEDULED,I2_20270207_Vicenza_Cremonese
2027-02-07,14:00,E3,Exeter,Rotherham,,,SCHEDULED,E3_20270207_Exeter_Rotherham
2027-02-07,14:00,SC0,Motherwell,Dundee United,,,SCHEDULED,SC0_20270207_Motherwell_Dundee_United
2027-02-07,14:00,SP1,Barcelona,Elche,,,SCHEDULED,SP1_20270207_Barcelona_Elche
2027-02-07,14:00,SP2,Cordoba,Celta B,,,SCHEDULED,SP2_20270207_Cordoba_Celta_B
2027-02-07,14:30,AUT,Austria Vienna,A. Lustenau,,,SCHEDULED,AUT_20270207_Austria_Vienna_A_Lustenau
2027-02-07,14:30,B1,St. Gilloise,Standard,,,SCHEDULED,B1_20270207_St_Gilloise_Standard
2027-02-07,14:30,B1,Waregem,Oud-Heverlee Leuven,,,SCHEDULED,B1_20270207_Waregem_Oud_Heverlee_Leuven
2027-02-07,14:30,DNK,Nordsjaelland,Lyngby,,,SCHEDULED,DNK_20270207_Nordsjaelland_Lyngby
2027-02-07,14:30,G1,Olympiakos,OFI Crete,,,SCHEDULED,G1_20270207_Olympiakos_OFI_Crete
2027-02-07,14:30,N1,Groningen,Willem II,,,SCHEDULED,N1_20270207_Groningen_Willem_II
2027-02-07,14:30,N1,PSV Eindhoven,Ajax,,,SCHEDULED,N1_20270207_PSV_Eindhoven_Ajax
2027-02-07,14:30,P1,Casa Pia,Benfica,,,SCHEDULED,P1_20270207_Casa_Pia_Benfica
2027-02-07,14:30,P1,Sp Lisbon,Porto,,,SCHEDULED,P1_20270207_Sp_Lisbon_Porto
2027-02-07,14:30,POL,Radomiak Radom,Jagiellonia,,,SCHEDULED,POL_20270207_Radomiak_Radom_Jagiellonia
2027-02-07,14:30,POL,Wisla,Widzew Lodz,,,SCHEDULED,POL_20270207_Wisla_Widzew_Lodz
2027-02-07,14:30,ROU,FCSB,Otelul,,,SCHEDULED,ROU_20270207_FCSB_Otelul
2027-02-07,14:30,ROU,Univ. Craiova,Sepsi Sf. Gheorghe,,,SCHEDULED,ROU_20270207_Univ_Craiova_Sepsi_Sf_Gheorghe
2027-02-07,14:30,SWZ,Luzern,Zurich,,,SCHEDULED,SWZ_20270207_Luzern_Zurich
2027-02-07,14:30,T1,Rizespor,Konyaspor,,,SCHEDULED,T1_20270207_Rizespor_Konyaspor
2027-02-07,14:30,T1,Samsunspor,Amedspor,,,SCHEDULED,T1_20270207_Samsunspor_Amedspor
2027-02-07,15:00,F1,Angers,Lille,,,SCHEDULED,F1_20270207_Angers_Lille
2027-02-07,15:00,F1,Lyon,Le Mans,,,SCHEDULED,F1_20270207_Lyon_Le_Mans
2027-02-07,15:00,F1,Marseille,Troyes,,,SCHEDULED,F1_20270207_Marseille_Troyes
2027-02-07,15:00,F2,Clermont,Red Star,,,SCHEDULED,F2_20270207_Clermont_Red_Star
2027-02-07,15:00,F2,Dunkerque,Grenoble,,,SCHEDULED,F2_20270207_Dunkerque_Grenoble
2027-02-07,15:00,F2,Montpellier,Nantes,,,SCHEDULED,F2_20270207_Montpellier_Nantes
2027-02-07,15:00,I1,Frosinone,Genoa,,,SCHEDULED,I1_20270207_Frosinone_Genoa
2027-02-07,15:00,I2,Mantova,Cesena,,,SCHEDULED,I2_20270207_Mantova_Cesena
2027-02-07,15:30,D1,Elversberg,Hoffenheim,,,SCHEDULED,D1_20270207_Elversberg_Hoffenheim
2027-02-07,15:30,D2,Braunschweig,Kaiserslautern,,,SCHEDULED,D2_20270207_Braunschweig_Kaiserslautern
2027-02-07,16:15,SP1,Ath Bilbao,Valencia,,,SCHEDULED,SP1_20270207_Ath_Bilbao_Valencia
2027-02-07,16:15,SP2,Las Palmas,Eldense,,,SCHEDULED,SP2_20270207_Las_Palmas_Eldense
2027-02-07,16:30,AUT,SK Rapid,Wolfsberger AC,,,SCHEDULED,AUT_20270207_SK_Rapid_Wolfsberger_AC
2027-02-07,16:30,B1,Westerlo,Charleroi,,,SCHEDULED,B1_20270207_Westerlo_Charleroi
2027-02-07,16:30,DNK,Silkeborg,Randers FC,,,SCHEDULED,DNK_20270207_Silkeborg_Randers_FC
2027-02-07,16:30,E3,Walsall,Newport County,,,SCHEDULED,E3_20270207_Walsall_Newport_County
2027-02-07,16:30,G1,Iraklis,Panetolikos,,,SCHEDULED,G1_20270207_Iraklis_Panetolikos
2027-02-07,16:30,N1,Utrecht,AZ Alkmaar,,,SCHEDULED,N1_20270207_Utrecht_AZ_Alkmaar
2027-02-07,16:30,P1,Moreirense,Guimaraes,,,SCHEDULED,P1_20270207_Moreirense_Guimaraes
2027-02-07,16:30,POL,Slask Wroclaw,GKS Katowice,,,SCHEDULED,POL_20270207_Slask_Wroclaw_GKS_Katowice
2027-02-07,16:30,ROU,Csikszereda M. Ciuc,Farul Constanta,,,SCHEDULED,ROU_20270207_Csikszereda_M_Ciuc_Farul_Constanta
2027-02-07,16:30,SWZ,Lausanne,Sion,,,SCHEDULED,SWZ_20270207_Lausanne_Sion
2027-02-07,16:30,T1,Gaziantep,Corum,,,SCHEDULED,T1_20270207_Gaziantep_Corum
2027-02-07,17:15,F1,Strasbourg,Paris SG,,,SCHEDULED,F1_20270207_Strasbourg_Paris_SG
2027-02-07,17:15,F2,Laval,St Etienne,,,SCHEDULED,F2_20270207_Laval_St_Etienne
2027-02-07,17:30,D1,Stuttgart,Dortmund,,,SCHEDULED,D1_20270207_Stuttgart_Dortmund
2027-02-07,17:30,D2,Darmstadt,Hertha,,,SCHEDULED,D2_20270207_Darmstadt_Hertha
2027-02-07,18:00,I1,Napoli,Cagliari,,,SCHEDULED,I1_20270207_Napoli_Cagliari
2027-02-07,18:00,I2,Modena,Sudtirol,,,SCHEDULED,I2_20270207_Modena_Sudtirol
2027-02-07,18:30,AUT,Altach,LASK,,,SCHEDULED,AUT_20270207_Altach_LASK
2027-02-07,18:30,B1,Club Brugge,Genk,,,SCHEDULED,B1_20270207_Club_Brugge_Genk
2027-02-07,18:30,DNK,Sonderjyske,Viborg,,,SCHEDULED,DNK_20270207_Sonderjyske_Viborg
2027-02-07,18:30,G1,Kalamata,Levadeiakos,,,SCHEDULED,G1_20270207_Kalamata_Levadeiakos
2027-02-07,18:30,N1,Den Haag,For Sittard,,,SCHEDULED,N1_20270207_Den_Haag_For_Sittard
2027-02-07,18:30,P1,Alverca,Maritimo,,,SCHEDULED,P1_20270207_Alverca_Maritimo
2027-02-07,18:30,POL,Rakow,Lech Poznan,,,SCHEDULED,POL_20270207_Rakow_Lech_Poznan
2027-02-07,18:30,ROU,FC Voluntari,FC Botosani,,,SCHEDULED,ROU_20270207_FC_Voluntari_FC_Botosani
2027-02-07,18:30,SP1,Vallecano,Alaves,,,SCHEDULED,SP1_20270207_Vallecano_Alaves
2027-02-07,18:30,SP2,Girona,Albacete,,,SCHEDULED,SP2_20270207_Girona_Albacete
2027-02-07,18:30,SWZ,St. Gallen,Lugano,,,SCHEDULED,SWZ_20270207_St_Gallen_Lugano
2027-02-07,18:30,T1,Kocaelispor,Besiktas,,,SCHEDULED,T1_20270207_Kocaelispor_Besiktas
2027-02-07,20:45,F1,Rennes,Le Havre,,,SCHEDULED,F1_20270207_Rennes_Le_Havre
2027-02-07,20:45,F2,Dijon,Reims,,,SCHEDULED,F2_20270207_Dijon_Reims
2027-02-07,20:45,I1,Juventus,Atalanta,,,SCHEDULED,I1_20270207_Juventus_Atalanta
2027-02-07,20:45,I2,Juve Stabia,Ascoli,,,SCHEDULED,I2_20270207_Juve_Stabia_Ascoli
2027-02-07,21:00,SP1,Espanol,Sociedad,,,SCHEDULED,SP1_20270207_Espanol_Sociedad
2027-02-07,21:00,SP2,Castellon,Mallorca,,,SCHEDULED,SP2_20270207_Castellon_Mallorca
2027-02-09,20:30,D1,Ein Frankfurt,Union Berlin,,,SCHEDULED,D1_20270209_Ein_Frankfurt_Union_Berlin
2027-02-09,20:30,D1,Elversberg,Mainz,,,SCHEDULED,D1_20270209_Elversberg_Mainz
2027-02-09,20:30,D1,FC Koln,Leverkusen,,,SCHEDULED,D1_20270209_FC_Koln_Leverkusen
2027-02-09,20:30,D1,Freiburg,Paderborn,,,SCHEDULED,D1_20270209_Freiburg_Paderborn
2027-02-09,20:30,D1,Hamburg,Augsburg,,,SCHEDULED,D1_20270209_Hamburg_Augsburg
2027-02-09,20:30,D1,M'gladbach,Schalke 04,,,SCHEDULED,D1_20270209_M_gladbach_Schalke_04
2027-02-09,20:30,D1,RB Leipzig,Dortmund,,,SCHEDULED,D1_20270209_RB_Leipzig_Dortmund
2027-02-09,20:30,D1,Stuttgart,Bayern Munich,,,SCHEDULED,D1_20270209_Stuttgart_Bayern_Munich
2027-02-09,20:30,D1,Werder Bremen,Hoffenheim,,,SCHEDULED,D1_20270209_Werder_Bremen_Hoffenheim
2027-02-09,20:30,D2,Braunschweig,Wolfsburg,,,SCHEDULED,D2_20270209_Braunschweig_Wolfsburg
2027-02-09,20:30,D2,Cottbus,Kaiserslautern,,,SCHEDULED,D2_20270209_Cottbus_Kaiserslautern
2027-02-09,20:30,D2,Darmstadt,Greuther Furth,,,SCHEDULED,D2_20270209_Darmstadt_Greuther_Furth
2027-02-09,20:30,D2,Dresden,Magdeburg,,,SCHEDULED,D2_20270209_Dresden_Magdeburg
2027-02-09,20:30,D2,Hannover,St Pauli,,,SCHEDULED,D2_20270209_Hannover_St_Pauli
2027-02-09,20:30,D2,Heidenheim,Bielefeld,,,SCHEDULED,D2_20270209_Heidenheim_Bielefeld
2027-02-09,20:30,D2,Karlsruhe,Hertha,,,SCHEDULED,D2_20270209_Karlsruhe_Hertha
2027-02-09,20:30,D2,Nurnberg,Holstein Kiel,,,SCHEDULED,D2_20270209_Nurnberg_Holstein_Kiel
2027-02-09,20:30,D2,Osnabruck,Bochum,,,SCHEDULED,D2_20270209_Osnabruck_Bochum
2027-02-09,20:45,E2,AFC Wimbledon,Burton,,,SCHEDULED,E2_20270209_AFC_Wimbledon_Burton
2027-02-09,20:45,E2,Blackpool,Barnsley,,,SCHEDULED,E2_20270209_Blackpool_Barnsley
2027-02-09,20:45,E2,Cambridge,Bradford,,,SCHEDULED,E2_20270209_Cambridge_Bradford
2027-02-09,20:45,E2,Leyton Orient,Bromley,,,SCHEDULED,E2_20270209_Leyton_Orient_Bromley
2027-02-09,20:45,E2,Mansfield,Reading,,,SCHEDULED,E2_20270209_Mansfield_Reading
2027-02-09,20:45,E2,Milton Keynes Dons,Wigan,,,SCHEDULED,E2_20270209_Milton_Keynes_Dons_Wigan
2027-02-09,20:45,E2,Notts County,Doncaster,,,SCHEDULED,E2_20270209_Notts_County_Doncaster
2027-02-09,20:45,E2,Oxford,Huddersfield,,,SCHEDULED,E2_20270209_Oxford_Huddersfield
2027-02-09,20:45,E2,Plymouth,Leicester,,,SCHEDULED,E2_20270209_Plymouth_Leicester
2027-02-09,20:45,E2,Sheffield Weds,Wycombe,,,SCHEDULED,E2_20270209_Sheffield_Weds_Wycombe
2027-02-09,20:45,E2,Stevenage,Peterboro,,,SCHEDULED,E2_20270209_Stevenage_Peterboro
2027-02-09,20:45,E2,Stockport,Luton,,,SCHEDULED,E2_20270209_Stockport_Luton
2027-02-09,21:00,SP2,Andorra,Celta B,,,SCHEDULED,SP2_20270209_Andorra_Celta_B
2027-02-09,21:00,SP2,Castellon,Eldense,,,SCHEDULED,SP2_20270209_Castellon_Eldense
2027-02-09,21:00,SP2,Ceuta,Tenerife,,,SCHEDULED,SP2_20270209_Ceuta_Tenerife
2027-02-09,21:00,SP2,Cordoba,Albacete,,,SCHEDULED,SP2_20270209_Cordoba_Albacete
2027-02-09,21:00,SP2,Eibar,Leganes,,,SCHEDULED,SP2_20270209_Eibar_Leganes
2027-02-09,21:00,SP2,Girona,Cadiz,,,SCHEDULED,SP2_20270209_Girona_Cadiz
2027-02-09,21:00,SP2,Las Palmas,Almeria,,,SCHEDULED,SP2_20270209_Las_Palmas_Almeria
2027-02-09,21:00,SP2,Oviedo,Burgos,,,SCHEDULED,SP2_20270209_Oviedo_Burgos
2027-02-09,21:00,SP2,Sabadell,Sociedad B,,,SCHEDULED,SP2_20270209_Sabadell_Sociedad_B
2027-02-09,21:00,SP2,Sp Gijon,Granada,,,SCHEDULED,SP2_20270209_Sp_Gijon_Granada
2027-02-09,21:00,SP2,Valladolid,Mallorca,,,SCHEDULED,SP2_20270209_Valladolid_Mallorca
2027-02-10,20:00,E0,Aston Villa,Bournemouth,,,SCHEDULED,E0_20270210_Aston_Villa_Bournemouth
2027-02-10,20:00,E0,Coventry,Liverpool,,,SCHEDULED,E0_20270210_Coventry_Liverpool
2027-02-10,20:00,E0,Crystal Palace,Brentford,,,SCHEDULED,E0_20270210_Crystal_Palace_Brentford
2027-02-10,20:00,E0,Everton,Leeds,,,SCHEDULED,E0_20270210_Everton_Leeds
2027-02-10,20:00,E0,Fulham,Nott'm Forest,,,SCHEDULED,E0_20270210_Fulham_Nott_m_Forest
2027-02-10,20:00,E0,Hull,Sunderland,,,SCHEDULED,E0_20270210_Hull_Sunderland
2027-02-10,20:00,E0,Ipswich,Arsenal,,,SCHEDULED,E0_20270210_Ipswich_Arsenal
2027-02-10,20:00,E0,Man United,Brighton,,,SCHEDULED,E0_20270210_Man_United_Brighton
2027-02-10,20:00,E0,Newcastle,Chelsea,,,SCHEDULED,E0_20270210_Newcastle_Chelsea
2027-02-10,20:00,E0,Tottenham,Man City,,,SCHEDULED,E0_20270210_Tottenham_Man_City
2027-02-12,20:00,AUT,Hartberg,LASK,,,SCHEDULED,AUT_20270212_Hartberg_LASK
2027-02-12,20:00,B1,RAAL La Louviere,Genk,,,SCHEDULED,B1_20270212_RAAL_La_Louviere_Genk
2027-02-12,20:00,DNK,Odense,Sonderjyske,,,SCHEDULED,DNK_20270212_Odense_Sonderjyske
2027-02-12,20:00,E3,Walsall,York,,,SCHEDULED,E3_20270212_Walsall_York
2027-02-12,20:00,G1,Panathinaikos,Levadeiakos,,,SCHEDULED,G1_20270212_Panathinaikos_Levadeiakos
2027-02-12,20:00,N1,Nijmegen,For Sittard,,,SCHEDULED,N1_20270212_Nijmegen_For_Sittard
2027-02-12,20:00,P1,Estoril,Maritimo,,,SCHEDULED,P1_20270212_Estoril_Maritimo
2027-02-12,20:00,POL,Cracovia,Lech Poznan,,,SCHEDULED,POL_20270212_Cracovia_Lech_Poznan
2027-02-12,20:00,ROU,FC Voluntari,Dinamo Bucuresti,,,SCHEDULED,ROU_20270212_FC_Voluntari_Dinamo_Bucuresti
2027-02-12,20:00,SWZ,Thun,St. Gallen,,,SCHEDULED,SWZ_20270212_Thun_St_Gallen
2027-02-12,20:00,T1,Kocaelispor,Galatasaray,,,SCHEDULED,T1_20270212_Kocaelispor_Galatasaray
2027-02-12,20:30,D1,Stuttgart,Hoffenheim,,,SCHEDULED,D1_20270212_Stuttgart_Hoffenheim
2027-02-12,20:30,D2,Braunschweig,Hertha,,,SCHEDULED,D2_20270212_Braunschweig_Hertha
2027-02-12,20:45,F1,Lyon,Le Havre,,,SCHEDULED,F1_20270212_Lyon_Le_Havre
2027-02-12,20:45,F2,Montpellier,Reims,,,SCHEDULED,F2_20270212_Montpellier_Reims
2027-02-12,20:45,I1,Monza,Atalanta,,,SCHEDULED,I1_20270212_Monza_Atalanta
2027-02-12,20:45,I2,Arezzo,Ascoli,,,SCHEDULED,I2_20270212_Arezzo_Ascoli
2027-02-12,21:00,SP1,Celta,Sociedad,,,SCHEDULED,SP1_20270212_Celta_Sociedad
2027-02-12,21:00,SP2,Girona,Burgos,,,SCHEDULED,SP2_20270212_Girona_Burgos
2027-02-13,14:00,JPN,Kashiwa Reysol,Verdy,,,SCHEDULED,JPN_20270213_Kashiwa_Reysol_Verdy
2027-02-13,14:00,JPN,Kyoto,Sanfrecce Hiroshima,,,SCHEDULED,JPN_20270213_Kyoto_Sanfrecce_Hiroshima
2027-02-13,14:00,JPN,Shimizu S-Pulse,Vissel Kobe,,,SCHEDULED,JPN_20270213_Shimizu_S_Pulse_Vissel_Kobe
2027-02-13,14:00,SP1,Osasuna,Levante,,,SCHEDULED,SP1_20270213_Osasuna_Levante
2027-02-13,14:00,SP1,Real Madrid,Villarreal,,,SCHEDULED,SP1_20270213_Real_Madrid_Villarreal
2027-02-13,14:00,SP2,Leganes,Tenerife,,,SCHEDULED,SP2_20270213_Leganes_Tenerife
2027-02-13,14:00,SP2,Sp Gijon,Mallorca,,,SCHEDULED,SP2_20270213_Sp_Gijon_Mallorca
2027-02-13,15:00,E3,Bristol Rvs,Northampton,,,SCHEDULED,E3_20270213_Bristol_Rvs_Northampton
2027-02-13,15:00,E3,Chesterfield,Cheltenham,,,SCHEDULED,E3_20270213_Chesterfield_Cheltenham
2027-02-13,15:00,E3,Colchester,Port Vale,,,SCHEDULED,E3_20270213_Colchester_Port_Vale
2027-02-13,15:00,E3,Crawley Town,Fleetwood Town,,,SCHEDULED,E3_20270213_Crawley_Town_Fleetwood_Town
2027-02-13,15:00,E3,Gillingham,Barnet,,,SCHEDULED,E3_20270213_Gillingham_Barnet
2027-02-13,15:00,E3,Oldham,Accrington,,,SCHEDULED,E3_20270213_Oldham_Accrington
2027-02-13,15:00,E3,Salford,Crewe,,,SCHEDULED,E3_20270213_Salford_Crewe
2027-02-13,15:00,E3,Tranmere,Rotherham,,,SCHEDULED,E3_20270213_Tranmere_Rotherham
2027-02-13,15:00,I1,Como,Fiorentina,,,SCHEDULED,I1_20270213_Como_Fiorentina
2027-02-13,15:00,I1,Lazio,Roma,,,SCHEDULED,I1_20270213_Lazio_Roma
2027-02-13,15:00,I2,Empoli,Palermo,,,SCHEDULED,I2_20270213_Empoli_Palermo
2027-02-13,15:00,I2,Verona,Benevento,,,SCHEDULED,I2_20270213_Verona_Benevento
2027-02-13,15:00,SC0,Dundee,St Johnstone,,,SCHEDULED,SC0_20270213_Dundee_St_Johnstone
2027-02-13,15:00,SC0,Dundee United,Celtic,,,SCHEDULED,SC0_20270213_Dundee_United_Celtic
2027-02-13,15:00,SC0,Falkirk,Hearts,,,SCHEDULED,SC0_20270213_Falkirk_Hearts
2027-02-13,15:00,SC0,Hibernian,Aberdeen,,,SCHEDULED,SC0_20270213_Hibernian_Aberdeen
2027-02-13,15:30,D1,Augsburg,Schalke 04,,,SCHEDULED,D1_20270213_Augsburg_Schalke_04
2027-02-13,15:30,D1,Ein Frankfurt,Leverkusen,,,SCHEDULED,D1_20270213_Ein_Frankfurt_Leverkusen
2027-02-13,15:30,D1,Elversberg,Union Berlin,,,SCHEDULED,D1_20270213_Elversberg_Union_Berlin
2027-02-13,15:30,D1,FC Koln,Hamburg,,,SCHEDULED,D1_20270213_FC_Koln_Hamburg
2027-02-13,15:30,D1,M'gladbach,Paderborn,,,SCHEDULED,D1_20270213_M_gladbach_Paderborn
2027-02-13,15:30,D2,Hannover,Holstein Kiel,,,SCHEDULED,D2_20270213_Hannover_Holstein_Kiel
2027-02-13,15:30,D2,Heidenheim,Bochum,,,SCHEDULED,D2_20270213_Heidenheim_Bochum
2027-02-13,15:30,D2,Magdeburg,Bielefeld,,,SCHEDULED,D2_20270213_Magdeburg_Bielefeld
2027-02-13,15:30,D2,Nurnberg,Dresden,,,SCHEDULED,D2_20270213_Nurnberg_Dresden
2027-02-13,15:30,D2,Osnabruck,Kaiserslautern,,,SCHEDULED,D2_20270213_Osnabruck_Kaiserslautern
2027-02-13,16:00,E1,Birmingham,Derby,,,SCHEDULED,E1_20270213_Birmingham_Derby
2027-02-13,16:00,E1,Bristol City,Southampton,,,SCHEDULED,E1_20270213_Bristol_City_Southampton
2027-02-13,16:00,E1,Burnley,Swansea,,,SCHEDULED,E1_20270213_Burnley_Swansea
2027-02-13,16:00,E1,Cardiff,Bolton,,,SCHEDULED,E1_20270213_Cardiff_Bolton
2027-02-13,16:00,E1,Lincoln,Preston,,,SCHEDULED,E1_20270213_Lincoln_Preston
2027-02-13,16:00,E1,Millwall,Blackburn,,,SCHEDULED,E1_20270213_Millwall_Blackburn
2027-02-13,16:00,E1,Norwich,Middlesbrough,,,SCHEDULED,E1_20270213_Norwich_Middlesbrough
2027-02-13,16:00,E1,Portsmouth,Charlton,,,SCHEDULED,E1_20270213_Portsmouth_Charlton
2027-02-13,16:00,E1,QPR,West Brom,,,SCHEDULED,E1_20270213_QPR_West_Brom
2027-02-13,16:00,E1,Stoke,Watford,,,SCHEDULED,E1_20270213_Stoke_Watford
2027-02-13,16:00,E1,Wolves,Sheffield United,,,SCHEDULED,E1_20270213_Wolves_Sheffield_United
2027-02-13,16:00,E1,Wrexham,West Ham,,,SCHEDULED,E1_20270213_Wrexham_West_Ham
2027-02-13,16:00,E2,AFC Wimbledon,Bromley,,,SCHEDULED,E2_20270213_AFC_Wimbledon_Bromley
2027-02-13,16:00,E2,Blackpool,Reading,,,SCHEDULED,E2_20270213_Blackpool_Reading
2027-02-13,16:00,E2,Cambridge,Burton,,,SCHEDULED,E2_20270213_Cambridge_Burton
2027-02-13,16:00,E2,Leyton Orient,Luton,,,SCHEDULED,E2_20270213_Leyton_Orient_Luton
2027-02-13,16:00,E2,Mansfield,Bradford,,,SCHEDULED,E2_20270213_Mansfield_Bradford
2027-02-13,16:00,E2,Milton Keynes Dons,Wycombe,,,SCHEDULED,E2_20270213_Milton_Keynes_Dons_Wycombe
2027-02-13,16:00,E2,Notts County,Huddersfield,,,SCHEDULED,E2_20270213_Notts_County_Huddersfield
2027-02-13,16:00,E2,Oxford,Leicester,,,SCHEDULED,E2_20270213_Oxford_Leicester
2027-02-13,16:00,E2,Plymouth,Doncaster,,,SCHEDULED,E2_20270213_Plymouth_Doncaster
2027-02-13,16:00,E2,Sheffield Weds,Peterboro,,,SCHEDULED,E2_20270213_Sheffield_Weds_Peterboro
2027-02-13,16:00,E2,Stevenage,Barnsley,,,SCHEDULED,E2_20270213_Stevenage_Barnsley
2027-02-13,16:00,E2,Stockport,Wigan,,,SCHEDULED,E2_20270213_Stockport_Wigan
2027-02-13,16:00,JPN,Cerezo Osaka,Yokohama F. Marinos,,,SCHEDULED,JPN_20270213_Cerezo_Osaka_Yokohama_F_Marinos
2027-02-13,16:00,JPN,Nagoya Grampus,Okayama,,,SCHEDULED,JPN_20270213_Nagoya_Grampus_Okayama
2027-02-13,16:15,SP1,Santander,Betis,,,SCHEDULED,SP1_20270213_Santander_Betis
2027-02-13,16:15,SP2,Oviedo,Granada,,,SCHEDULED,SP2_20270213_Oviedo_Granada
2027-02-13,16:15,SP2,Sabadell,Eibar,,,SCHEDULED,SP2_20270213_Sabadell_Eibar
2027-02-13,17:00,F1,Angers,Le Mans,,,SCHEDULED,F1_20270213_Angers_Le_Mans
2027-02-13,17:00,F1,Paris FC,Lorient,,,SCHEDULED,F1_20270213_Paris_FC_Lorient
2027-02-13,17:00,F2,Clermont,Nantes,,,SCHEDULED,F2_20270213_Clermont_Nantes
2027-02-13,17:00,F2,Metz,Rodez,,,SCHEDULED,F2_20270213_Metz_Rodez
2027-02-13,17:30,E3,Exeter,Newport County,,,SCHEDULED,E3_20270213_Exeter_Newport_County
2027-02-13,17:30,SC0,St Mirren,Motherwell,,,SCHEDULED,SC0_20270213_St_Mirren_Motherwell
2027-02-13,18:00,AUT,Ried,Tirol,,,SCHEDULED,AUT_20270213_Ried_Tirol
2027-02-13,18:00,B1,Gent,Kortrijk,,,SCHEDULED,B1_20270213_Gent_Kortrijk
2027-02-13,18:00,B1,Mechelen,Oud-Heverlee Leuven,,,SCHEDULED,B1_20270213_Mechelen_Oud_Heverlee_Leuven
2027-02-13,18:00,B1,Waregem,Beveren,,,SCHEDULED,B1_20270213_Waregem_Beveren
2027-02-13,18:00,DNK,FC Copenhagen,Horsens,,,SCHEDULED,DNK_20270213_FC_Copenhagen_Horsens
2027-02-13,18:00,G1,AEK,Atromitos,,,SCHEDULED,G1_20270213_AEK_Atromitos
2027-02-13,18:00,G1,PAOK,Kifisia,,,SCHEDULED,G1_20270213_PAOK_Kifisia
2027-02-13,18:00,I1,Bologna,Venezia,,,SCHEDULED,I1_20270213_Bologna_Venezia
2027-02-13,18:00,I1,Inter,Lecce,,,SCHEDULED,I1_20270213_Inter_Lecce
2027-02-13,18:00,I2,Avellino,Sampdoria,,,SCHEDULED,I2_20270213_Avellino_Sampdoria
2027-02-13,18:00,I2,Carrarese,Virtus Entella,,,SCHEDULED,I2_20270213_Carrarese_Virtus_Entella
2027-02-13,18:00,N1,Cambuur,Sparta Rotterdam,,,SCHEDULED,N1_20270213_Cambuur_Sparta_Rotterdam
2027-02-13,18:00,N1,PSV Eindhoven,Go Ahead Eagles,,,SCHEDULED,N1_20270213_PSV_Eindhoven_Go_Ahead_Eagles
2027-02-13,18:00,N1,Zwolle,Ajax,,,SCHEDULED,N1_20270213_Zwolle_Ajax
2027-02-13,18:00,P1,Academico Viseu,Benfica,,,SCHEDULED,P1_20270213_Academico_Viseu_Benfica
2027-02-13,18:00,P1,Casa Pia,Famalicao,,,SCHEDULED,P1_20270213_Casa_Pia_Famalicao
2027-02-13,18:00,P1,Sp Braga,Arouca,,,SCHEDULED,P1_20270213_Sp_Braga_Arouca
2027-02-13,18:00,POL,Piast Gliwice,Wieczysta Krakow,,,SCHEDULED,POL_20270213_Piast_Gliwice_Wieczysta_Krakow
2027-02-13,18:00,POL,Wisla,Motor Lublin,,,SCHEDULED,POL_20270213_Wisla_Motor_Lublin
2027-02-13,18:00,POL,Zaglebie,Widzew Lodz,,,SCHEDULED,POL_20270213_Zaglebie_Widzew_Lodz
2027-02-13,18:00,ROU,FC Rapid Bucuresti,CFR Cluj,,,SCHEDULED,ROU_20270213_FC_Rapid_Bucuresti_CFR_Cluj
2027-02-13,18:00,ROU,Univ. Craiova,UTA Arad,,,SCHEDULED,ROU_20270213_Univ_Craiova_UTA_Arad
2027-02-13,18:00,SWZ,Basel,Vaduz,,,SCHEDULED,SWZ_20270213_Basel_Vaduz
2027-02-13,18:00,T1,Buyuksehyr,Amedspor,,,SCHEDULED,T1_20270213_Buyuksehyr_Amedspor
2027-02-13,18:00,T1,Samsunspor,Fenerbahce,,,SCHEDULED,T1_20270213_Samsunspor_Fenerbahce
2027-02-13,18:00,T1,Trabzonspor,Genclerbirligi,,,SCHEDULED,T1_20270213_Trabzonspor_Genclerbirligi
2027-02-13,18:30,D1,Freiburg,Dortmund,,,SCHEDULED,D1_20270213_Freiburg_Dortmund
2027-02-13,18:30,D2,Darmstadt,St Pauli,,,SCHEDULED,D2_20270213_Darmstadt_St_Pauli
2027-02-13,18:30,SP1,Ath Madrid,Getafe,,,SCHEDULED,SP1_20270213_Ath_Madrid_Getafe
2027-02-13,18:30,SP2,Ceuta,Celta B,,,SCHEDULED,SP2_20270213_Ceuta_Celta_B
2027-02-13,20:45,AUT,Austria Vienna,Salzburg,,,SCHEDULED,AUT_20270213_Austria_Vienna_Salzburg
2027-02-13,20:45,B1,St. Gilloise,Antwerp,,,SCHEDULED,B1_20270213_St_Gilloise_Antwerp
2027-02-13,20:45,DNK,Lyngby,Brondby,,,SCHEDULED,DNK_20270213_Lyngby_Brondby
2027-02-13,20:45,G1,Olympiakos,Volos NFC,,,SCHEDULED,G1_20270213_Olympiakos_Volos_NFC
2027-02-13,20:45,I1,Sassuolo,Parma,,,SCHEDULED,I1_20270213_Sassuolo_Parma
2027-02-13,20:45,I2,Catanzaro,Cremonese,,,SCHEDULED,I2_20270213_Catanzaro_Cremonese
2027-02-13,20:45,N1,Groningen,Heerenveen,,,SCHEDULED,N1_20270213_Groningen_Heerenveen
2027-02-13,20:45,P1,Sp Lisbon,Gil Vicente,,,SCHEDULED,P1_20270213_Sp_Lisbon_Gil_Vicente
2027-02-13,20:45,POL,Radomiak Radom,Gornik Zabrze,,,SCHEDULED,POL_20270213_Radomiak_Radom_Gornik_Zabrze
2027-02-13,20:45,ROU,FC Arges,Otelul,,,SCHEDULED,ROU_20270213_FC_Arges_Otelul
2027-02-13,20:45,SWZ,Zurich,Grasshoppers,,,SCHEDULED,SWZ_20270213_Zurich_Grasshoppers
2027-02-13,20:45,T1,Erzurumspor,Konyaspor,,,SCHEDULED,T1_20270213_Erzurumspor_Konyaspor
2027-02-13,21:00,F1,Marseille,Monaco,,,SCHEDULED,F1_20270213_Marseille_Monaco
2027-02-13,21:00,F2,Dunkerque,Pau FC,,,SCHEDULED,F2_20270213_Dunkerque_Pau_FC
2027-02-13,21:00,SP1,La Coruna,Elche,,,SCHEDULED,SP1_20270213_La_Coruna_Elche
2027-02-13,21:00,SP2,Las Palmas,Sociedad B,,,SCHEDULED,SP2_20270213_Las_Palmas_Sociedad_B
2027-02-14,12:30,I1,Frosinone,Udinese,,,SCHEDULED,I1_20270214_Frosinone_Udinese
2027-02-14,12:30,I2,Mantova,Pisa,,,SCHEDULED,I2_20270214_Mantova_Pisa
2027-02-14,14:00,E3,Swindon,Grimsby,,,SCHEDULED,E3_20270214_Swindon_Grimsby
2027-02-14,14:00,JPN,Chiba,Gamba Osaka,,,SCHEDULED,JPN_20270214_Chiba_Gamba_Osaka
2027-02-14,14:00,JPN,Machida,Kawasaki Frontale,,,SCHEDULED,JPN_20270214_Machida_Kawasaki_Frontale
2027-02-14,14:00,JPN,V-Varen Nagasaki,Mito,,,SCHEDULED,JPN_20270214_V_Varen_Nagasaki_Mito
2027-02-14,14:00,SC0,Rangers,Kilmarnock,,,SCHEDULED,SC0_20270214_Rangers_Kilmarnock
2027-02-14,14:00,SP1,Ath Bilbao,Malaga,,,SCHEDULED,SP1_20270214_Ath_Bilbao_Malaga
2027-02-14,14:00,SP2,Andorra,Albacete,,,SCHEDULED,SP2_20270214_Andorra_Albacete
2027-02-14,14:30,AUT,Wolfsberger AC,Sturm Graz,,,SCHEDULED,AUT_20270214_Wolfsberger_AC_Sturm_Graz
2027-02-14,14:30,B1,Anderlecht,St Truiden,,,SCHEDULED,B1_20270214_Anderlecht_St_Truiden
2027-02-14,14:30,B1,Lommel SK,Charleroi,,,SCHEDULED,B1_20270214_Lommel_SK_Charleroi
2027-02-14,14:30,DNK,Randers FC,Midtjylland,,,SCHEDULED,DNK_20270214_Randers_FC_Midtjylland
2027-02-14,14:30,G1,Asteras Tripolis,Panetolikos,,,SCHEDULED,G1_20270214_Asteras_Tripolis_Panetolikos
2027-02-14,14:30,N1,Telstar,AZ Alkmaar,,,SCHEDULED,N1_20270214_Telstar_AZ_Alkmaar
2027-02-14,14:30,N1,Twente,Excelsior,,,SCHEDULED,N1_20270214_Twente_Excelsior
2027-02-14,14:30,P1,Rio Ave,Estrela,,,SCHEDULED,P1_20270214_Rio_Ave_Estrela
2027-02-14,14:30,P1,Santa Clara,Guimaraes,,,SCHEDULED,P1_20270214_Santa_Clara_Guimaraes
2027-02-14,14:30,POL,Korona Kielce,Legia,,,SCHEDULED,POL_20270214_Korona_Kielce_Legia
2027-02-14,14:30,POL,Pogon Szczecin,GKS Katowice,,,SCHEDULED,POL_20270214_Pogon_Szczecin_GKS_Katowice
2027-02-14,14:30,ROU,Csikszereda M. Ciuc,Corvinul,,,SCHEDULED,ROU_20270214_Csikszereda_M_Ciuc_Corvinul
2027-02-14,14:30,ROU,U. Cluj,Sepsi Sf. Gheorghe,,,SCHEDULED,ROU_20270214_U_Cluj_Sepsi_Sf_Gheorghe
2027-02-14,14:30,SWZ,Sion,Servette,,,SCHEDULED,SWZ_20270214_Sion_Servette
2027-02-14,14:30,T1,Eyupspor,Goztep,,,SCHEDULED,T1_20270214_Eyupspor_Goztep
2027-02-14,14:30,T1,Gaziantep,Alanyaspor,,,SCHEDULED,T1_20270214_Gaziantep_Alanyaspor
2027-02-14,15:00,F1,Auxerre,Paris SG,,,SCHEDULED,F1_20270214_Auxerre_Paris_SG
2027-02-14,15:00,F1,Lens,Lille,,,SCHEDULED,F1_20270214_Lens_Lille
2027-02-14,15:00,F1,Toulouse,Nice,,,SCHEDULED,F1_20270214_Toulouse_Nice
2027-02-14,15:00,F2,Boulogne,Annecy,,,SCHEDULED,F2_20270214_Boulogne_Annecy
2027-02-14,15:00,F2,Guingamp,St Etienne,,,SCHEDULED,F2_20270214_Guingamp_St_Etienne
2027-02-14,15:00,F2,Nancy,Red Star,,,SCHEDULED,F2_20270214_Nancy_Red_Star
2027-02-14,15:00,I1,Torino,Cagliari,,,SCHEDULED,I1_20270214_Torino_Cagliari
2027-02-14,15:00,I2,Vicenza,Sudtirol,,,SCHEDULED,I2_20270214_Vicenza_Sudtirol
2027-02-14,15:30,D1,Werder Bremen,Mainz,,,SCHEDULED,D1_20270214_Werder_Bremen_Mainz
2027-02-14,15:30,D2,Cottbus,Wolfsburg,,,SCHEDULED,D2_20270214_Cottbus_Wolfsburg
2027-02-14,16:00,JPN,Avispa Fukuoka,Urawa Reds,,,SCHEDULED,JPN_20270214_Avispa_Fukuoka_Urawa_Reds
2027-02-14,16:00,JPN,FC Tokyo,Kashima Antlers,,,SCHEDULED,JPN_20270214_FC_Tokyo_Kashima_Antlers
2027-02-14,16:15,SP1,Barcelona,Alaves,,,SCHEDULED,SP1_20270214_Barcelona_Alaves
2027-02-14,16:15,SP2,Castellon,Almeria,,,SCHEDULED,SP2_20270214_Castellon_Almeria
2027-02-14,16:30,AUT,Altach,A. Lustenau,,,SCHEDULED,AUT_20270214_Altach_A_Lustenau
2027-02-14,16:30,B1,Club Brugge,Standard,,,SCHEDULED,B1_20270214_Club_Brugge_Standard
2027-02-14,16:30,DNK,Viborg,Nordsjaelland,,,SCHEDULED,DNK_20270214_Viborg_Nordsjaelland
2027-02-14,16:30,E3,Rochdale,Shrewsbury,,,SCHEDULED,E3_20270214_Rochdale_Shrewsbury
2027-02-14,16:30,G1,Kalamata,OFI Crete,,,SCHEDULED,G1_20270214_Kalamata_OFI_Crete
2027-02-14,16:30,N1,Den Haag,Willem II,,,SCHEDULED,N1_20270214_Den_Haag_Willem_II
2027-02-14,16:30,P1,Alverca,Porto,,,SCHEDULED,P1_20270214_Alverca_Porto
2027-02-14,16:30,POL,Rakow,Jagiellonia,,,SCHEDULED,POL_20270214_Rakow_Jagiellonia
2027-02-14,16:30,ROU,FCSB,FC Botosani,,,SCHEDULED,ROU_20270214_FCSB_FC_Botosani
2027-02-14,16:30,SWZ,Lugano,Luzern,,,SCHEDULED,SWZ_20270214_Lugano_Luzern
2027-02-14,16:30,T1,Rizespor,Besiktas,,,SCHEDULED,T1_20270214_Rizespor_Besiktas
2027-02-14,17:15,F1,Rennes,Troyes,,,SCHEDULED,F1_20270214_Rennes_Troyes
2027-02-14,17:15,F2,Dijon,Grenoble,,,SCHEDULED,F2_20270214_Dijon_Grenoble
2027-02-14,17:30,D1,RB Leipzig,Bayern Munich,,,SCHEDULED,D1_20270214_RB_Leipzig_Bayern_Munich
2027-02-14,17:30,D2,Karlsruhe,Greuther Furth,,,SCHEDULED,D2_20270214_Karlsruhe_Greuther_Furth
2027-02-14,18:00,I1,Juventus,Genoa,,,SCHEDULED,I1_20270214_Juventus_Genoa
2027-02-14,18:00,I2,Juve Stabia,Cesena,,,SCHEDULED,I2_20270214_Juve_Stabia_Cesena
2027-02-14,18:30,AUT,Grazer AK,SK Rapid,,,SCHEDULED,AUT_20270214_Grazer_AK_SK_Rapid
2027-02-14,18:30,B1,Westerlo,Cercle Brugge,,,SCHEDULED,B1_20270214_Westerlo_Cercle_Brugge
2027-02-14,18:30,DNK,Aarhus,Silkeborg,,,SCHEDULED,DNK_20270214_Aarhus_Silkeborg
2027-02-14,18:30,G1,Iraklis,Aris,,,SCHEDULED,G1_20270214_Iraklis_Aris
2027-02-14,18:30,N1,Utrecht,Feyenoord,,,SCHEDULED,N1_20270214_Utrecht_Feyenoord
2027-02-14,18:30,P1,Moreirense,Nacional,,,SCHEDULED,P1_20270214_Moreirense_Nacional
2027-02-14,18:30,POL,Slask Wroclaw,Wisla Plock,,,SCHEDULED,POL_20270214_Slask_Wroclaw_Wisla_Plock
2027-02-14,18:30,ROU,Petrolul,Farul Constanta,,,SCHEDULED,ROU_20270214_Petrolul_Farul_Constanta
2027-02-14,18:30,SP1,Espanol,Valencia,,,SCHEDULED,SP1_20270214_Espanol_Valencia
2027-02-14,18:30,SP2,Cordoba,Cadiz,,,SCHEDULED,SP2_20270214_Cordoba_Cadiz
2027-02-14,18:30,SWZ,Young Boys,Lausanne,,,SCHEDULED,SWZ_20270214_Young_Boys_Lausanne
2027-02-14,18:30,T1,Kasimpasa,Corum,,,SCHEDULED,T1_20270214_Kasimpasa_Corum
2027-02-14,20:45,F1,Strasbourg,Brest,,,SCHEDULED,F1_20270214_Strasbourg_Brest
2027-02-14,20:45,F2,Laval,Sochaux,,,SCHEDULED,F2_20270214_Laval_Sochaux
2027-02-14,20:45,I1,Napoli,Milan,,,SCHEDULED,I1_20270214_Napoli_Milan
2027-02-14,20:45,I2,Modena,Padova,,,SCHEDULED,I2_20270214_Modena_Padova
2027-02-14,21:00,SP1,Vallecano,Sevilla,,,SCHEDULED,SP1_20270214_Vallecano_Sevilla
2027-02-14,21:00,SP2,Valladolid,Eldense,,,SCHEDULED,SP2_20270214_Valladolid_Eldense
2027-02-16,19:45,E3,Bristol Rvs,Barnet,,,SCHEDULED,E3_20270216_Bristol_Rvs_Barnet
2027-02-16,19:45,E3,Chesterfield,Shrewsbury,,,SCHEDULED,E3_20270216_Chesterfield_Shrewsbury
2027-02-16,19:45,E3,Colchester,Cheltenham,,,SCHEDULED,E3_20270216_Colchester_Cheltenham
2027-02-16,19:45,E3,Exeter,York,,,SCHEDULED,E3_20270216_Exeter_York
2027-02-16,19:45,E3,Fleetwood Town,Crewe,,,SCHEDULED,E3_20270216_Fleetwood_Town_Crewe
2027-02-16,19:45,E3,Gillingham,Port Vale,,,SCHEDULED,E3_20270216_Gillingham_Port_Vale
2027-02-16,19:45,E3,Oldham,Crawley Town,,,SCHEDULED,E3_20270216_Oldham_Crawley_Town
2027-02-16,19:45,E3,Rochdale,Grimsby,,,SCHEDULED,E3_20270216_Rochdale_Grimsby
2027-02-16,19:45,E3,Salford,Rotherham,,,SCHEDULED,E3_20270216_Salford_Rotherham
2027-02-16,19:45,E3,Swindon,Accrington,,,SCHEDULED,E3_20270216_Swindon_Accrington
2027-02-16,19:45,E3,Tranmere,Newport County,,,SCHEDULED,E3_20270216_Tranmere_Newport_County
2027-02-16,19:45,E3,Walsall,Northampton,,,SCHEDULED,E3_20270216_Walsall_Northampton
2027-02-16,20:45,E1,Blackburn,Bristol City,,,SCHEDULED,E1_20270216_Blackburn_Bristol_City
2027-02-16,20:45,E1,Charlton,Burnley,,,SCHEDULED,E1_20270216_Charlton_Burnley
2027-02-16,20:45,E1,Derby,QPR,,,SCHEDULED,E1_20270216_Derby_QPR
2027-02-16,20:45,E1,Preston,Birmingham,,,SCHEDULED,E1_20270216_Preston_Birmingham
2027-02-16,20:45,E1,Sheffield United,Portsmouth,,,SCHEDULED,E1_20270216_Sheffield_United_Portsmouth
2027-02-16,20:45,E1,Watford,Cardiff,,,SCHEDULED,E1_20270216_Watford_Cardiff
2027-02-16,20:45,E1,West Brom,Wrexham,,,SCHEDULED,E1_20270216_West_Brom_Wrexham
2027-02-16,20:45,E1,West Ham,Lincoln,,,SCHEDULED,E1_20270216_West_Ham_Lincoln
2027-02-17,20:45,E1,Bolton,Wolves,,,SCHEDULED,E1_20270217_Bolton_Wolves
2027-02-17,20:45,E1,Middlesbrough,Stoke,,,SCHEDULED,E1_20270217_Middlesbrough_Stoke
2027-02-17,20:45,E1,Southampton,Norwich,,,SCHEDULED,E1_20270217_Southampton_Norwich
2027-02-17,20:45,E1,Swansea,Millwall,,,SCHEDULED,E1_20270217_Swansea_Millwall
2027-02-19,20:00,AUT,SK Rapid,LASK,,,SCHEDULED,AUT_20270219_SK_Rapid_LASK
2027-02-19,20:00,B1,Westerlo,Oud-Heverlee Leuven,,,SCHEDULED,B1_20270219_Westerlo_Oud_Heverlee_Leuven
2027-02-19,20:00,DNK,Silkeborg,Sonderjyske,,,SCHEDULED,DNK_20270219_Silkeborg_Sonderjyske
2027-02-19,20:00,E3,Exeter,Northampton,,,SCHEDULED,E3_20270219_Exeter_Northampton
2027-02-19,20:00,G1,Iraklis,Atromitos,,,SCHEDULED,G1_20270219_Iraklis_Atromitos
2027-02-19,20:00,N1,Utrecht,Ajax,,,SCHEDULED,N1_20270219_Utrecht_Ajax
2027-02-19,20:00,P1,Moreirense,Benfica,,,SCHEDULED,P1_20270219_Moreirense_Benfica
2027-02-19,20:00,POL,Slask Wroclaw,Widzew Lodz,,,SCHEDULED,POL_20270219_Slask_Wroclaw_Widzew_Lodz
2027-02-19,20:00,ROU,Univ. Craiova,Farul Constanta,,,SCHEDULED,ROU_20270219_Univ_Craiova_Farul_Constanta
2027-02-19,20:00,SWZ,Lausanne,St. Gallen,,,SCHEDULED,SWZ_20270219_Lausanne_St_Gallen
2027-02-19,20:00,T1,Samsunspor,Corum,,,SCHEDULED,T1_20270219_Samsunspor_Corum
2027-02-19,20:30,D1,RB Leipzig,Hoffenheim,,,SCHEDULED,D1_20270219_RB_Leipzig_Hoffenheim
2027-02-19,20:30,D2,Braunschweig,Greuther Furth,,,SCHEDULED,D2_20270219_Braunschweig_Greuther_Furth
2027-02-19,20:45,F1,Strasbourg,Nice,,,SCHEDULED,F1_20270219_Strasbourg_Nice
2027-02-19,20:45,F2,Laval,Annecy,,,SCHEDULED,F2_20270219_Laval_Annecy
2027-02-19,20:45,I1,Napoli,Roma,,,SCHEDULED,I1_20270219_Napoli_Roma
2027-02-19,20:45,I2,Modena,Benevento,,,SCHEDULED,I2_20270219_Modena_Benevento
2027-02-19,21:00,SP1,Vallecano,Villarreal,,,SCHEDULED,SP1_20270219_Vallecano_Villarreal
2027-02-19,21:00,SP2,Sp Gijon,Eldense,,,SCHEDULED,SP2_20270219_Sp_Gijon_Eldense
2027-02-19,21:00,USA,Inter Miami,New York Red Bulls,,,SCHEDULED,USA_20270219_Inter_Miami_New_York_Red_Bulls
2027-02-19,21:00,USA,Minnesota United,Real Salt Lake,,,SCHEDULED,USA_20270219_Minnesota_United_Real_Salt_Lake
2027-02-20,14:00,JPN,Cerezo Osaka,Gamba Osaka,,,SCHEDULED,JPN_20270220_Cerezo_Osaka_Gamba_Osaka
2027-02-20,14:00,JPN,Chiba,Urawa Reds,,,SCHEDULED,JPN_20270220_Chiba_Urawa_Reds
2027-02-20,14:00,JPN,Nagoya Grampus,Shimizu S-Pulse,,,SCHEDULED,JPN_20270220_Nagoya_Grampus_Shimizu_S_Pulse
2027-02-20,14:00,SP1,Levante,Betis,,,SCHEDULED,SP1_20270220_Levante_Betis
2027-02-20,14:00,SP1,Real Madrid,Sociedad,,,SCHEDULED,SP1_20270220_Real_Madrid_Sociedad
2027-02-20,14:00,SP2,Girona,Granada,,,SCHEDULED,SP2_20270220_Girona_Granada
2027-02-20,14:00,SP2,Sabadell,Leganes,,,SCHEDULED,SP2_20270220_Sabadell_Leganes
2027-02-20,15:00,E0,Arsenal,Fulham,,,SCHEDULED,E0_20270220_Arsenal_Fulham
2027-02-20,15:00,E0,Bournemouth,Crystal Palace,,,SCHEDULED,E0_20270220_Bournemouth_Crystal_Palace
2027-02-20,15:00,E0,Brentford,Coventry,,,SCHEDULED,E0_20270220_Brentford_Coventry
2027-02-20,15:00,E0,Brighton,Tottenham,,,SCHEDULED,E0_20270220_Brighton_Tottenham
2027-02-20,15:00,E0,Chelsea,Ipswich,,,SCHEDULED,E0_20270220_Chelsea_Ipswich
2027-02-20,15:00,E0,Leeds,Aston Villa,,,SCHEDULED,E0_20270220_Leeds_Aston_Villa
2027-02-20,15:00,E0,Liverpool,Hull,,,SCHEDULED,E0_20270220_Liverpool_Hull
2027-02-20,15:00,E0,Man City,Newcastle,,,SCHEDULED,E0_20270220_Man_City_Newcastle
2027-02-20,15:00,E0,Nott'm Forest,Man United,,,SCHEDULED,E0_20270220_Nott_m_Forest_Man_United
2027-02-20,15:00,E0,Sunderland,Everton,,,SCHEDULED,E0_20270220_Sunderland_Everton
2027-02-20,15:00,E3,Bristol Rvs,Port Vale,,,SCHEDULED,E3_20270220_Bristol_Rvs_Port_Vale
2027-02-20,15:00,E3,Colchester,Shrewsbury,,,SCHEDULED,E3_20270220_Colchester_Shrewsbury
2027-02-20,15:00,E3,Crewe,Rotherham,,,SCHEDULED,E3_20270220_Crewe_Rotherham
2027-02-20,15:00,E3,Gillingham,Cheltenham,,,SCHEDULED,E3_20270220_Gillingham_Cheltenham
2027-02-20,15:00,E3,Oldham,Fleetwood Town,,,SCHEDULED,E3_20270220_Oldham_Fleetwood_Town
2027-02-20,15:00,E3,Salford,Newport County,,,SCHEDULED,E3_20270220_Salford_Newport_County
2027-02-20,15:00,E3,Swindon,Crawley Town,,,SCHEDULED,E3_20270220_Swindon_Crawley_Town
2027-02-20,15:00,E3,Walsall,Barnet,,,SCHEDULED,E3_20270220_Walsall_Barnet
2027-02-20,15:00,I1,Bologna,Como,,,SCHEDULED,I1_20270220_Bologna_Como
2027-02-20,15:00,I1,Inter,Atalanta,,,SCHEDULED,I1_20270220_Inter_Atalanta
2027-02-20,15:00,I2,Avellino,Empoli,,,SCHEDULED,I2_20270220_Avellino_Empoli
2027-02-20,15:00,I2,Carrarese,Ascoli,,,SCHEDULED,I2_20270220_Carrarese_Ascoli
2027-02-20,15:00,SC0,Aberdeen,Dundee United,,,SCHEDULED,SC0_20270220_Aberdeen_Dundee_United
2027-02-20,15:00,SC0,Falkirk,Dundee,,,SCHEDULED,SC0_20270220_Falkirk_Dundee
2027-02-20,15:00,SC0,Hearts,Hibernian,,,SCHEDULED,SC0_20270220_Hearts_Hibernian
2027-02-20,15:00,SC0,St Johnstone,Rangers,,,SCHEDULED,SC0_20270220_St_Johnstone_Rangers
2027-02-20,15:30,D1,Augsburg,Paderborn,,,SCHEDULED,D1_20270220_Augsburg_Paderborn
2027-02-20,15:30,D1,Ein Frankfurt,FC Koln,,,SCHEDULED,D1_20270220_Ein_Frankfurt_FC_Koln
2027-02-20,15:30,D1,Elversberg,Leverkusen,,,SCHEDULED,D1_20270220_Elversberg_Leverkusen
2027-02-20,15:30,D1,Hamburg,Schalke 04,,,SCHEDULED,D1_20270220_Hamburg_Schalke_04
2027-02-20,15:30,D1,M'gladbach,Dortmund,,,SCHEDULED,D1_20270220_M_gladbach_Dortmund
2027-02-20,15:30,D2,Bielefeld,Bochum,,,SCHEDULED,D2_20270220_Bielefeld_Bochum
2027-02-20,15:30,D2,Darmstadt,Holstein Kiel,,,SCHEDULED,D2_20270220_Darmstadt_Holstein_Kiel
2027-02-20,15:30,D2,Hannover,Dresden,,,SCHEDULED,D2_20270220_Hannover_Dresden
2027-02-20,15:30,D2,Heidenheim,Kaiserslautern,,,SCHEDULED,D2_20270220_Heidenheim_Kaiserslautern
2027-02-20,15:30,D2,Nurnberg,Magdeburg,,,SCHEDULED,D2_20270220_Nurnberg_Magdeburg
2027-02-20,16:00,E1,Blackburn,Portsmouth,,,SCHEDULED,E1_20270220_Blackburn_Portsmouth
2027-02-20,16:00,E1,Bolton,Norwich,,,SCHEDULED,E1_20270220_Bolton_Norwich
2027-02-20,16:00,E1,Charlton,Cardiff,,,SCHEDULED,E1_20270220_Charlton_Cardiff
2027-02-20,16:00,E1,Derby,Burnley,,,SCHEDULED,E1_20270220_Derby_Burnley
2027-02-20,16:00,E1,Middlesbrough,Birmingham,,,SCHEDULED,E1_20270220_Middlesbrough_Birmingham
2027-02-20,16:00,E1,Preston,QPR,,,SCHEDULED,E1_20270220_Preston_QPR
2027-02-20,16:00,E1,Sheffield United,Stoke,,,SCHEDULED,E1_20270220_Sheffield_United_Stoke
2027-02-20,16:00,E1,Southampton,Wrexham,,,SCHEDULED,E1_20270220_Southampton_Wrexham
2027-02-20,16:00,E1,Swansea,Lincoln,,,SCHEDULED,E1_20270220_Swansea_Lincoln
2027-02-20,16:00,E1,Watford,Bristol City,,,SCHEDULED,E1_20270220_Watford_Bristol_City
2027-02-20,16:00,E1,West Brom,Wolves,,,SCHEDULED,E1_20270220_West_Brom_Wolves
2027-02-20,16:00,E2,Barnsley,Plymouth,,,SCHEDULED,E2_20270220_Barnsley_Plymouth
2027-02-20,16:00,E2,Bradford,Notts County,,,SCHEDULED,E2_20270220_Bradford_Notts_County
2027-02-20,16:00,E2,Bromley,Blackpool,,,SCHEDULED,E2_20270220_Bromley_Blackpool
2027-02-20,16:00,E2,Burton,Oxford,,,SCHEDULED,E2_20270220_Burton_Oxford
2027-02-20,16:00,E2,Doncaster,AFC Wimbledon,,,SCHEDULED,E2_20270220_Doncaster_AFC_Wimbledon
2027-02-20,16:00,E2,Huddersfield,Mansfield,,,SCHEDULED,E2_20270220_Huddersfield_Mansfield
2027-02-20,16:00,E2,Leicester,Stockport,,,SCHEDULED,E2_20270220_Leicester_Stockport
2027-02-20,16:00,E2,Luton,Stevenage,,,SCHEDULED,E2_20270220_Luton_Stevenage
2027-02-20,16:00,E2,Peterboro,Milton Keynes Dons,,,SCHEDULED,E2_20270220_Peterboro_Milton_Keynes_Dons
2027-02-20,16:00,E2,Reading,Cambridge,,,SCHEDULED,E2_20270220_Reading_Cambridge
2027-02-20,16:00,E2,Wigan,Sheffield Weds,,,SCHEDULED,E2_20270220_Wigan_Sheffield_Weds
2027-02-20,16:00,E2,Wycombe,Leyton Orient,,,SCHEDULED,E2_20270220_Wycombe_Leyton_Orient
2027-02-20,16:00,JPN,Kashiwa Reysol,Kawasaki Frontale,,,SCHEDULED,JPN_20270220_Kashiwa_Reysol_Kawasaki_Frontale
2027-02-20,16:00,JPN,Vissel Kobe,Mito,,,SCHEDULED,JPN_20270220_Vissel_Kobe_Mito
2027-02-20,16:15,SP1,Ath Madrid,Osasuna,,,SCHEDULED,SP1_20270220_Ath_Madrid_Osasuna
2027-02-20,16:15,SP2,Oviedo,Mallorca,,,SCHEDULED,SP2_20270220_Oviedo_Mallorca
2027-02-20,16:15,SP2,Tenerife,Celta B,,,SCHEDULED,SP2_20270220_Tenerife_Celta_B
2027-02-20,17:00,F1,Marseille,Paris FC,,,SCHEDULED,F1_20270220_Marseille_Paris_FC
2027-02-20,17:00,F1,Toulouse,Lille,,,SCHEDULED,F1_20270220_Toulouse_Lille
2027-02-20,17:00,F2,Boulogne,Red Star,,,SCHEDULED,F2_20270220_Boulogne_Red_Star
2027-02-20,17:00,F2,Dunkerque,Metz,,,SCHEDULED,F2_20270220_Dunkerque_Metz
2027-02-20,17:30,E3,Tranmere,York,,,SCHEDULED,E3_20270220_Tranmere_York
2027-02-20,17:30,SC0,Kilmarnock,Motherwell,,,SCHEDULED,SC0_20270220_Kilmarnock_Motherwell
2027-02-20,18:00,AUT,Tirol,Austria Vienna,,,SCHEDULED,AUT_20270220_Tirol_Austria_Vienna
2027-02-20,18:00,B1,Anderlecht,Genk,,,SCHEDULED,B1_20270220_Anderlecht_Genk
2027-02-20,18:00,B1,St. Gilloise,Gent,,,SCHEDULED,B1_20270220_St_Gilloise_Gent
2027-02-20,18:00,B1,Waregem,St Truiden,,,SCHEDULED,B1_20270220_Waregem_St_Truiden
2027-02-20,18:00,DNK,Horsens,Lyngby,,,SCHEDULED,DNK_20270220_Horsens_Lyngby
2027-02-20,18:00,G1,AEK,Levadeiakos,,,SCHEDULED,G1_20270220_AEK_Levadeiakos
2027-02-20,18:00,G1,Olympiakos,PAOK,,,SCHEDULED,G1_20270220_Olympiakos_PAOK
2027-02-20,18:00,I1,Fiorentina,Parma,,,SCHEDULED,I1_20270220_Fiorentina_Parma
2027-02-20,18:00,I1,Lazio,Lecce,,,SCHEDULED,I1_20270220_Lazio_Lecce
2027-02-20,18:00,I2,Palermo,Cremonese,,,SCHEDULED,I2_20270220_Palermo_Cremonese
2027-02-20,18:00,I2,Verona,Virtus Entella,,,SCHEDULED,I2_20270220_Verona_Virtus_Entella
2027-02-20,18:00,N1,Groningen,Cambuur,,,SCHEDULED,N1_20270220_Groningen_Cambuur
2027-02-20,18:00,N1,PSV Eindhoven,Excelsior,,,SCHEDULED,N1_20270220_PSV_Eindhoven_Excelsior
2027-02-20,18:00,N1,Twente,For Sittard,,,SCHEDULED,N1_20270220_Twente_For_Sittard
2027-02-20,18:00,P1,Casa Pia,Estrela,,,SCHEDULED,P1_20270220_Casa_Pia_Estrela
2027-02-20,18:00,P1,Rio Ave,Maritimo,,,SCHEDULED,P1_20270220_Rio_Ave_Maritimo
2027-02-20,18:00,P1,Sp Lisbon,Sp Braga,,,SCHEDULED,P1_20270220_Sp_Lisbon_Sp_Braga
2027-02-20,18:00,POL,Korona Kielce,Lech Poznan,,,SCHEDULED,POL_20270220_Korona_Kielce_Lech_Poznan
2027-02-20,18:00,POL,Radomiak Radom,Piast Gliwice,,,SCHEDULED,POL_20270220_Radomiak_Radom_Piast_Gliwice
2027-02-20,18:00,POL,Wisla,Legia,,,SCHEDULED,POL_20270220_Wisla_Legia
2027-02-20,18:00,ROU,CFR Cluj,Otelul,,,SCHEDULED,ROU_20270220_CFR_Cluj_Otelul
2027-02-20,18:00,ROU,FC Voluntari,Sepsi Sf. Gheorghe,,,SCHEDULED,ROU_20270220_FC_Voluntari_Sepsi_Sf_Gheorghe
2027-02-20,18:00,SWZ,Vaduz,Zurich,,,SCHEDULED,SWZ_20270220_Vaduz_Zurich
2027-02-20,18:00,T1,Eyupspor,Amedspor,,,SCHEDULED,T1_20270220_Eyupspor_Amedspor
2027-02-20,18:00,T1,Genclerbirligi,Konyaspor,,,SCHEDULED,T1_20270220_Genclerbirligi_Konyaspor
2027-02-20,18:00,T1,Kocaelispor,Goztep,,,SCHEDULED,T1_20270220_Kocaelispor_Goztep
2027-02-20,18:30,D1,Werder Bremen,Union Berlin,,,SCHEDULED,D1_20270220_Werder_Bremen_Union_Berlin
2027-02-20,18:30,D2,Osnabruck,Wolfsburg,,,SCHEDULED,D2_20270220_Osnabruck_Wolfsburg
2027-02-20,18:30,SP1,Santander,Elche,,,SCHEDULED,SP1_20270220_Santander_Elche
2027-02-20,18:30,SP2,Las Palmas,Eibar,,,SCHEDULED,SP2_20270220_Las_Palmas_Eibar
2027-02-20,19:30,USA,Charlotte,Chicago Fire,,,SCHEDULED,USA_20270220_Charlotte_Chicago_Fire
2027-02-20,19:30,USA,Los Angeles FC,St. Louis City,,,SCHEDULED,USA_20270220_Los_Angeles_FC_St_Louis_City
2027-02-20,19:30,USA,Nashville SC,Atlanta Utd,,,SCHEDULED,USA_20270220_Nashville_SC_Atlanta_Utd
2027-02-20,19:30,USA,Portland Timbers,San Jose Earthquakes,,,SCHEDULED,USA_20270220_Portland_Timbers_San_Jose_Earthquakes
2027-02-20,20:45,AUT,Ried,Wolfsberger AC,,,SCHEDULED,AUT_20270220_Ried_Wolfsberger_AC
2027-02-20,20:45,B1,Kortrijk,Charleroi,,,SCHEDULED,B1_20270220_Kortrijk_Charleroi
2027-02-20,20:45,DNK,FC Copenhagen,Randers FC,,,SCHEDULED,DNK_20270220_FC_Copenhagen_Randers_FC
2027-02-20,20:45,G1,Kifisia,Panetolikos,,,SCHEDULED,G1_20270220_Kifisia_Panetolikos
2027-02-20,20:45,I1,Frosinone,Venezia,,,SCHEDULED,I1_20270220_Frosinone_Venezia
2027-02-20,20:45,I2,Mantova,Sampdoria,,,SCHEDULED,I2_20270220_Mantova_Sampdoria
2027-02-20,20:45,N1,Sparta Rotterdam,AZ Alkmaar,,,SCHEDULED,N1_20270220_Sparta_Rotterdam_AZ_Alkmaar
2027-02-20,20:45,P1,Arouca,Guimaraes,,,SCHEDULED,P1_20270220_Arouca_Guimaraes
2027-02-20,20:45,POL,Wieczysta Krakow,GKS Katowice,,,SCHEDULED,POL_20270220_Wieczysta_Krakow_GKS_Katowice
2027-02-20,20:45,ROU,Csikszereda M. Ciuc,FC Rapid Bucuresti,,,SCHEDULED,ROU_20270220_Csikszereda_M_Ciuc_FC_Rapid_Bucuresti
2027-02-20,20:45,SWZ,Basel,Sion,,,SCHEDULED,SWZ_20270220_Basel_Sion
2027-02-20,20:45,T1,Gaziantep,Trabzonspor,,,SCHEDULED,T1_20270220_Gaziantep_Trabzonspor
2027-02-20,21:00,F1,Lorient,Paris SG,,,SCHEDULED,F1_20270220_Lorient_Paris_SG
2027-02-20,21:00,F2,Rodez,St Etienne,,,SCHEDULED,F2_20270220_Rodez_St_Etienne
2027-02-20,21:00,SP1,Ath Bilbao,Getafe,,,SCHEDULED,SP1_20270220_Ath_Bilbao_Getafe
2027-02-20,21:00,SP2,Ceuta,Albacete,,,SCHEDULED,SP2_20270220_Ceuta_Albacete
2027-02-20,21:00,USA,CF Montreal,New England Revolution,,,SCHEDULED,USA_20270220_CF_Montreal_New_England_Revolution
2027-02-20,21:00,USA,San Diego FC,Los Angeles Galaxy,,,SCHEDULED,USA_20270220_San_Diego_FC_Los_Angeles_Galaxy
2027-02-21,12:30,I1,Sassuolo,Cagliari,,,SCHEDULED,I1_20270221_Sassuolo_Cagliari
2027-02-21,12:30,I2,Catanzaro,Sudtirol,,,SCHEDULED,I2_20270221_Catanzaro_Sudtirol
2027-02-21,13:00,E1,West Ham,Millwall,,,SCHEDULED,E1_20270221_West_Ham_Millwall
2027-02-21,14:00,E3,Rochdale,Accrington,,,SCHEDULED,E3_20270221_Rochdale_Accrington
2027-02-21,14:00,JPN,Avispa Fukuoka,Okayama,,,SCHEDULED,JPN_20270221_Avispa_Fukuoka_Okayama
2027-02-21,14:00,JPN,FC Tokyo,Yokohama F. Marinos,,,SCHEDULED,JPN_20270221_FC_Tokyo_Yokohama_F_Marinos
2027-02-21,14:00,JPN,Kyoto,Verdy,,,SCHEDULED,JPN_20270221_Kyoto_Verdy
2027-02-21,14:00,SC0,Celtic,St Mirren,,,SCHEDULED,SC0_20270221_Celtic_St_Mirren
2027-02-21,14:00,SP1,La Coruna,Alaves,,,SCHEDULED,SP1_20270221_La_Coruna_Alaves
2027-02-21,14:00,SP2,Castellon,Sociedad B,,,SCHEDULED,SP2_20270221_Castellon_Sociedad_B
2027-02-21,14:30,AUT,Salzburg,Altach,,,SCHEDULED,AUT_20270221_Salzburg_Altach
2027-02-21,14:30,B1,Club Brugge,Antwerp,,,SCHEDULED,B1_20270221_Club_Brugge_Antwerp
2027-02-21,14:30,B1,Mechelen,Beveren,,,SCHEDULED,B1_20270221_Mechelen_Beveren
2027-02-21,14:30,DNK,Brondby,Viborg,,,SCHEDULED,DNK_20270221_Brondby_Viborg
2027-02-21,14:30,G1,Kalamata,Volos NFC,,,SCHEDULED,G1_20270221_Kalamata_Volos_NFC
2027-02-21,14:30,N1,Den Haag,Heerenveen,,,SCHEDULED,N1_20270221_Den_Haag_Heerenveen
2027-02-21,14:30,N1,Zwolle,Go Ahead Eagles,,,SCHEDULED,N1_20270221_Zwolle_Go_Ahead_Eagles
2027-02-21,14:30,P1,Academico Viseu,Famalicao,,,SCHEDULED,P1_20270221_Academico_Viseu_Famalicao
2027-02-21,14:30,P1,Alverca,Gil Vicente,,,SCHEDULED,P1_20270221_Alverca_Gil_Vicente
2027-02-21,14:30,POL,Rakow,Gornik Zabrze,,,SCHEDULED,POL_20270221_Rakow_Gornik_Zabrze
2027-02-21,14:30,POL,Zaglebie,Motor Lublin,,,SCHEDULED,POL_20270221_Zaglebie_Motor_Lublin
2027-02-21,14:30,ROU,FC Arges,FC Botosani,,,SCHEDULED,ROU_20270221_FC_Arges_FC_Botosani
2027-02-21,14:30,ROU,U. Cluj,UTA Arad,,,SCHEDULED,ROU_20270221_U_Cluj_UTA_Arad
2027-02-21,14:30,SWZ,Grasshoppers,Lugano,,,SCHEDULED,SWZ_20270221_Grasshoppers_Lugano
2027-02-21,14:30,T1,Buyuksehyr,Fenerbahce,,,SCHEDULED,T1_20270221_Buyuksehyr_Fenerbahce
2027-02-21,14:30,T1,Erzurumspor,Besiktas,,,SCHEDULED,T1_20270221_Erzurumspor_Besiktas
2027-02-21,15:00,F1,Angers,Le Havre,,,SCHEDULED,F1_20270221_Angers_Le_Havre
2027-02-21,15:00,F1,Lens,Le Mans,,,SCHEDULED,F1_20270221_Lens_Le_Mans
2027-02-21,15:00,F1,Rennes,Monaco,,,SCHEDULED,F1_20270221_Rennes_Monaco
2027-02-21,15:00,F2,Clermont,Reims,,,SCHEDULED,F2_20270221_Clermont_Reims
2027-02-21,15:00,F2,Dijon,Pau FC,,,SCHEDULED,F2_20270221_Dijon_Pau_FC
2027-02-21,15:00,F2,Nancy,Nantes,,,SCHEDULED,F2_20270221_Nancy_Nantes
2027-02-21,15:00,I1,Juventus,Udinese,,,SCHEDULED,I1_20270221_Juventus_Udinese
2027-02-21,15:00,I2,Juve Stabia,Pisa,,,SCHEDULED,I2_20270221_Juve_Stabia_Pisa
2027-02-21,15:30,D1,Freiburg,Bayern Munich,,,SCHEDULED,D1_20270221_Freiburg_Bayern_Munich
2027-02-21,15:30,D2,Karlsruhe,St Pauli,,,SCHEDULED,D2_20270221_Karlsruhe_St_Pauli
2027-02-21,16:00,JPN,Machida,Kashima Antlers,,,SCHEDULED,JPN_20270221_Machida_Kashima_Antlers
2027-02-21,16:00,JPN,V-Varen Nagasaki,Sanfrecce Hiroshima,,,SCHEDULED,JPN_20270221_V_Varen_Nagasaki_Sanfrecce_Hiroshima
2027-02-21,16:00,USA,Austin FC,FC Dallas,,,SCHEDULED,USA_20270221_Austin_FC_FC_Dallas
2027-02-21,16:00,USA,Columbus Crew,Orlando City,,,SCHEDULED,USA_20270221_Columbus_Crew_Orlando_City
2027-02-21,16:15,SP1,Espanol,Malaga,,,SCHEDULED,SP1_20270221_Espanol_Malaga
2027-02-21,16:15,SP2,Andorra,Cadiz,,,SCHEDULED,SP2_20270221_Andorra_Cadiz
2027-02-21,16:30,AUT,Sturm Graz,Grazer AK,,,SCHEDULED,AUT_20270221_Sturm_Graz_Grazer_AK
2027-02-21,16:30,B1,Lommel SK,Cercle Brugge,,,SCHEDULED,B1_20270221_Lommel_SK_Cercle_Brugge
2027-02-21,16:30,DNK,Midtjylland,Aarhus,,,SCHEDULED,DNK_20270221_Midtjylland_Aarhus
2027-02-21,16:30,E3,Chesterfield,Grimsby,,,SCHEDULED,E3_20270221_Chesterfield_Grimsby
2027-02-21,16:30,G1,Asteras Tripolis,Aris,,,SCHEDULED,G1_20270221_Asteras_Tripolis_Aris
2027-02-21,16:30,N1,Telstar,Feyenoord,,,SCHEDULED,N1_20270221_Telstar_Feyenoord
2027-02-21,16:30,P1,Santa Clara,Nacional,,,SCHEDULED,P1_20270221_Santa_Clara_Nacional
2027-02-21,16:30,POL,Pogon Szczecin,Wisla Plock,,,SCHEDULED,POL_20270221_Pogon_Szczecin_Wisla_Plock
2027-02-21,16:30,ROU,Petrolul,Corvinul,,,SCHEDULED,ROU_20270221_Petrolul_Corvinul
2027-02-21,16:30,SWZ,Servette,Young Boys,,,SCHEDULED,SWZ_20270221_Servette_Young_Boys
2027-02-21,16:30,T1,Kasimpasa,Alanyaspor,,,SCHEDULED,T1_20270221_Kasimpasa_Alanyaspor
2027-02-21,17:15,F1,Auxerre,Brest,,,SCHEDULED,F1_20270221_Auxerre_Brest
2027-02-21,17:15,F2,Guingamp,Sochaux,,,SCHEDULED,F2_20270221_Guingamp_Sochaux
2027-02-21,17:30,D1,Stuttgart,Mainz,,,SCHEDULED,D1_20270221_Stuttgart_Mainz
2027-02-21,17:30,D2,Cottbus,Hertha,,,SCHEDULED,D2_20270221_Cottbus_Hertha
2027-02-21,18:00,I1,Torino,Milan,,,SCHEDULED,I1_20270221_Torino_Milan
2027-02-21,18:00,I2,Vicenza,Padova,,,SCHEDULED,I2_20270221_Vicenza_Padova
2027-02-21,18:30,AUT,A. Lustenau,Hartberg,,,SCHEDULED,AUT_20270221_A_Lustenau_Hartberg
2027-02-21,18:30,B1,RAAL La Louviere,Standard,,,SCHEDULED,B1_20270221_RAAL_La_Louviere_Standard
2027-02-21,18:30,DNK,Nordsjaelland,Odense,,,SCHEDULED,DNK_20270221_Nordsjaelland_Odense
2027-02-21,18:30,G1,Panathinaikos,OFI Crete,,,SCHEDULED,G1_20270221_Panathinaikos_OFI_Crete
2027-02-21,18:30,N1,Nijmegen,Willem II,,,SCHEDULED,N1_20270221_Nijmegen_Willem_II
2027-02-21,18:30,P1,Estoril,Porto,,,SCHEDULED,P1_20270221_Estoril_Porto
2027-02-21,18:30,POL,Cracovia,Jagiellonia,,,SCHEDULED,POL_20270221_Cracovia_Jagiellonia
2027-02-21,18:30,ROU,FCSB,Dinamo Bucuresti,,,SCHEDULED,ROU_20270221_FCSB_Dinamo_Bucuresti
2027-02-21,18:30,SP1,Barcelona,Sevilla,,,SCHEDULED,SP1_20270221_Barcelona_Sevilla
2027-02-21,18:30,SP2,Valladolid,Almeria,,,SCHEDULED,SP2_20270221_Valladolid_Almeria
2027-02-21,18:30,SWZ,Luzern,Thun,,,SCHEDULED,SWZ_20270221_Luzern_Thun
2027-02-21,18:30,T1,Rizespor,Galatasaray,,,SCHEDULED,T1_20270221_Rizespor_Galatasaray
2027-02-21,18:30,USA,Sporting Kansas City,Colorado Rapids,,,SCHEDULED,USA_20270221_Sporting_Kansas_City_Colorado_Rapids
2027-02-21,18:30,USA,Toronto FC,DC United,,,SCHEDULED,USA_20270221_Toronto_FC_DC_United
2027-02-21,20:45,F1,Lyon,Troyes,,,SCHEDULED,F1_20270221_Lyon_Troyes
2027-02-21,20:45,F2,Montpellier,Grenoble,,,SCHEDULED,F2_20270221_Montpellier_Grenoble
2027-02-21,20:45,I1,Monza,Genoa,,,SCHEDULED,I1_20270221_Monza_Genoa
2027-02-21,20:45,I2,Arezzo,Cesena,,,SCHEDULED,I2_20270221_Arezzo_Cesena
2027-02-21,21:00,SP1,Celta,Valencia,,,SCHEDULED,SP1_20270221_Celta_Valencia
2027-02-21,21:00,SP2,Cordoba,Burgos,,,SCHEDULED,SP2_20270221_Cordoba_Burgos
2027-02-21,21:00,USA,FC Cincinnati,New York City,,,SCHEDULED,USA_20270221_FC_Cincinnati_New_York_City
2027-02-21,21:00,USA,Vancouver Whitecaps,Seattle Sounders,,,SCHEDULED,USA_20270221_Vancouver_Whitecaps_Seattle_Sounders
2027-02-23,19:00,JPN,Avispa Fukuoka,Nagoya Grampus,,,SCHEDULED,JPN_20270223_Avispa_Fukuoka_Nagoya_Grampus
2027-02-23,19:00,JPN,Cerezo Osaka,Urawa Reds,,,SCHEDULED,JPN_20270223_Cerezo_Osaka_Urawa_Reds
2027-02-23,19:00,JPN,Chiba,Okayama,,,SCHEDULED,JPN_20270223_Chiba_Okayama
2027-02-23,19:00,JPN,FC Tokyo,Gamba Osaka,,,SCHEDULED,JPN_20270223_FC_Tokyo_Gamba_Osaka
2027-02-23,19:00,JPN,Kashiwa Reysol,Kashima Antlers,,,SCHEDULED,JPN_20270223_Kashiwa_Reysol_Kashima_Antlers
2027-02-23,19:00,JPN,Kyoto,Kawasaki Frontale,,,SCHEDULED,JPN_20270223_Kyoto_Kawasaki_Frontale
2027-02-23,19:00,JPN,Machida,Yokohama F. Marinos,,,SCHEDULED,JPN_20270223_Machida_Yokohama_F_Marinos
2027-02-23,19:00,JPN,Shimizu S-Pulse,Mito,,,SCHEDULED,JPN_20270223_Shimizu_S_Pulse_Mito
2027-02-23,19:00,JPN,V-Varen Nagasaki,Verdy,,,SCHEDULED,JPN_20270223_V_Varen_Nagasaki_Verdy
2027-02-23,19:00,JPN,Vissel Kobe,Sanfrecce Hiroshima,,,SCHEDULED,JPN_20270223_Vissel_Kobe_Sanfrecce_Hiroshima
2027-02-26,20:00,AUT,SK Rapid,A. Lustenau,,,SCHEDULED,AUT_20270226_SK_Rapid_A_Lustenau
2027-02-26,20:00,B1,Anderlecht,Standard,,,SCHEDULED,B1_20270226_Anderlecht_Standard
2027-02-26,20:00,DNK,Silkeborg,Nordsjaelland,,,SCHEDULED,DNK_20270226_Silkeborg_Nordsjaelland
2027-02-26,20:00,E3,Colchester,Grimsby,,,SCHEDULED,E3_20270226_Colchester_Grimsby
2027-02-26,20:00,G1,AEK,OFI Crete,,,SCHEDULED,G1_20270226_AEK_OFI_Crete
2027-02-26,20:00,N1,Twente,Willem II,,,SCHEDULED,N1_20270226_Twente_Willem_II
2027-02-26,20:00,P1,Rio Ave,Porto,,,SCHEDULED,P1_20270226_Rio_Ave_Porto
2027-02-26,20:00,POL,Korona Kielce,Jagiellonia,,,SCHEDULED,POL_20270226_Korona_Kielce_Jagiellonia
2027-02-26,20:00,ROU,FCSB,Sepsi Sf. Gheorghe,,,SCHEDULED,ROU_20270226_FCSB_Sepsi_Sf_Gheorghe
2027-02-26,20:00,SWZ,Lausanne,Luzern,,,SCHEDULED,SWZ_20270226_Lausanne_Luzern
2027-02-26,20:00,T1,Rizespor,Goztep,,,SCHEDULED,T1_20270226_Rizespor_Goztep
2027-02-26,20:30,D1,RB Leipzig,Mainz,,,SCHEDULED,D1_20270226_RB_Leipzig_Mainz
2027-02-26,20:30,D2,Cottbus,Greuther Furth,,,SCHEDULED,D2_20270226_Cottbus_Greuther_Furth
2027-02-26,20:45,F1,Angers,Troyes,,,SCHEDULED,F1_20270226_Angers_Troyes
2027-02-26,20:45,F2,Clermont,Grenoble,,,SCHEDULED,F2_20270226_Clermont_Grenoble
2027-02-26,20:45,I1,Inter,Genoa,,,SCHEDULED,I1_20270226_Inter_Genoa
2027-02-26,20:45,I2,Carrarese,Cesena,,,SCHEDULED,I2_20270226_Carrarese_Cesena
2027-02-26,21:00,SP1,Real Madrid,Valencia,,,SCHEDULED,SP1_20270226_Real_Madrid_Valencia
2027-02-26,21:00,SP2,Cordoba,Granada,,,SCHEDULED,SP2_20270226_Cordoba_Granada
2027-02-26,21:00,USA,FC Cincinnati,New York Red Bulls,,,SCHEDULED,USA_20270226_FC_Cincinnati_New_York_Red_Bulls
2027-02-26,21:00,USA,Vancouver Whitecaps,Real Salt Lake,,,SCHEDULED,USA_20270226_Vancouver_Whitecaps_Real_Salt_Lake
2027-02-27,13:30,E2,Cambridge,Peterboro,,,SCHEDULED,E2_20270227_Cambridge_Peterboro
2027-02-27,14:00,JPN,Avispa Fukuoka,Shimizu S-Pulse,,,SCHEDULED,JPN_20270227_Avispa_Fukuoka_Shimizu_S_Pulse
2027-02-27,14:00,JPN,Cerezo Osaka,Okayama,,,SCHEDULED,JPN_20270227_Cerezo_Osaka_Okayama
2027-02-27,14:00,JPN,FC Tokyo,Urawa Reds,,,SCHEDULED,JPN_20270227_FC_Tokyo_Urawa_Reds
2027-02-27,14:00,SP1,Ath Madrid,Levante,,,SCHEDULED,SP1_20270227_Ath_Madrid_Levante
2027-02-27,14:00,SP1,Vallecano,Sociedad,,,SCHEDULED,SP1_20270227_Vallecano_Sociedad
2027-02-27,14:00,SP2,Leganes,Celta B,,,SCHEDULED,SP2_20270227_Leganes_Celta_B
2027-02-27,14:00,SP2,Oviedo,Eldense,,,SCHEDULED,SP2_20270227_Oviedo_Eldense
2027-02-27,15:00,E0,Aston Villa,Chelsea,,,SCHEDULED,E0_20270227_Aston_Villa_Chelsea
2027-02-27,15:00,E0,Coventry,Bournemouth,,,SCHEDULED,E0_20270227_Coventry_Bournemouth
2027-02-27,15:00,E0,Crystal Palace,Sunderland,,,SCHEDULED,E0_20270227_Crystal_Palace_Sunderland
2027-02-27,15:00,E0,Everton,Nott'm Forest,,,SCHEDULED,E0_20270227_Everton_Nott_m_Forest
2027-02-27,15:00,E0,Fulham,Leeds,,,SCHEDULED,E0_20270227_Fulham_Leeds
2027-02-27,15:00,E0,Hull,Man City,,,SCHEDULED,E0_20270227_Hull_Man_City
2027-02-27,15:00,E0,Ipswich,Brighton,,,SCHEDULED,E0_20270227_Ipswich_Brighton
2027-02-27,15:00,E0,Man United,Arsenal,,,SCHEDULED,E0_20270227_Man_United_Arsenal
2027-02-27,15:00,E0,Newcastle,Brentford,,,SCHEDULED,E0_20270227_Newcastle_Brentford
2027-02-27,15:00,E0,Tottenham,Liverpool,,,SCHEDULED,E0_20270227_Tottenham_Liverpool
2027-02-27,15:00,E3,Bristol Rvs,Cheltenham,,,SCHEDULED,E3_20270227_Bristol_Rvs_Cheltenham
2027-02-27,15:00,E3,Crewe,Newport County,,,SCHEDULED,E3_20270227_Crewe_Newport_County
2027-02-27,15:00,E3,Exeter,Barnet,,,SCHEDULED,E3_20270227_Exeter_Barnet
2027-02-27,15:00,E3,Fleetwood Town,Rotherham,,,SCHEDULED,E3_20270227_Fleetwood_Town_Rotherham
2027-02-27,15:00,E3,Gillingham,Shrewsbury,,,SCHEDULED,E3_20270227_Gillingham_Shrewsbury
2027-02-27,15:00,E3,Rochdale,Crawley Town,,,SCHEDULED,E3_20270227_Rochdale_Crawley_Town
2027-02-27,15:00,E3,Swindon,Oldham,,,SCHEDULED,E3_20270227_Swindon_Oldham
2027-02-27,15:00,E3,Walsall,Port Vale,,,SCHEDULED,E3_20270227_Walsall_Port_Vale
2027-02-27,15:00,I1,Como,Parma,,,SCHEDULED,I1_20270227_Como_Parma
2027-02-27,15:00,I1,Napoli,Lecce,,,SCHEDULED,I1_20270227_Napoli_Lecce
2027-02-27,15:00,I2,Empoli,Cremonese,,,SCHEDULED,I2_20270227_Empoli_Cremonese
2027-02-27,15:00,I2,Modena,Virtus Entella,,,SCHEDULED,I2_20270227_Modena_Virtus_Entella
2027-02-27,15:00,SC0,Dundee,Hearts,,,SCHEDULED,SC0_20270227_Dundee_Hearts
2027-02-27,15:00,SC0,Dundee United,Hibernian,,,SCHEDULED,SC0_20270227_Dundee_United_Hibernian
2027-02-27,15:00,SC0,Rangers,Falkirk,,,SCHEDULED,SC0_20270227_Rangers_Falkirk
2027-02-27,15:00,SC0,St Mirren,Aberdeen,,,SCHEDULED,SC0_20270227_St_Mirren_Aberdeen
2027-02-27,15:30,D1,Augsburg,Dortmund,,,SCHEDULED,D1_20270227_Augsburg_Dortmund
2027-02-27,15:30,D1,Ein Frankfurt,Hamburg,,,SCHEDULED,D1_20270227_Ein_Frankfurt_Hamburg
2027-02-27,15:30,D1,Elversberg,FC Koln,,,SCHEDULED,D1_20270227_Elversberg_FC_Koln
2027-02-27,15:30,D1,Schalke 04,Paderborn,,,SCHEDULED,D1_20270227_Schalke_04_Paderborn
2027-02-27,15:30,D1,Werder Bremen,Leverkusen,,,SCHEDULED,D1_20270227_Werder_Bremen_Leverkusen
2027-02-27,15:30,D2,Bielefeld,Kaiserslautern,,,SCHEDULED,D2_20270227_Bielefeld_Kaiserslautern
2027-02-27,15:30,D2,Darmstadt,Dresden,,,SCHEDULED,D2_20270227_Darmstadt_Dresden
2027-02-27,15:30,D2,Hannover,Nurnberg,,,SCHEDULED,D2_20270227_Hannover_Nurnberg
2027-02-27,15:30,D2,Heidenheim,Wolfsburg,,,SCHEDULED,D2_20270227_Heidenheim_Wolfsburg
2027-02-27,15:30,D2,Magdeburg,Bochum,,,SCHEDULED,D2_20270227_Magdeburg_Bochum
2027-02-27,16:00,E1,Birmingham,West Brom,,,SCHEDULED,E1_20270227_Birmingham_West_Brom
2027-02-27,16:00,E1,Bristol City,Charlton,,,SCHEDULED,E1_20270227_Bristol_City_Charlton
2027-02-27,16:00,E1,Burnley,Watford,,,SCHEDULED,E1_20270227_Burnley_Watford
2027-02-27,16:00,E1,Cardiff,Blackburn,,,SCHEDULED,E1_20270227_Cardiff_Blackburn
2027-02-27,16:00,E1,Lincoln,Sheffield United,,,SCHEDULED,E1_20270227_Lincoln_Sheffield_United
2027-02-27,16:00,E1,Millwall,Preston,,,SCHEDULED,E1_20270227_Millwall_Preston
2027-02-27,16:00,E1,Norwich,Swansea,,,SCHEDULED,E1_20270227_Norwich_Swansea
2027-02-27,16:00,E1,QPR,West Ham,,,SCHEDULED,E1_20270227_QPR_West_Ham
2027-02-27,16:00,E1,Stoke,Bolton,,,SCHEDULED,E1_20270227_Stoke_Bolton
2027-02-27,16:00,E1,Wolves,Middlesbrough,,,SCHEDULED,E1_20270227_Wolves_Middlesbrough
2027-02-27,16:00,E1,Wrexham,Derby,,,SCHEDULED,E1_20270227_Wrexham_Derby
2027-02-27,16:00,E2,Barnsley,Wigan,,,SCHEDULED,E2_20270227_Barnsley_Wigan
2027-02-27,16:00,E2,Blackpool,AFC Wimbledon,,,SCHEDULED,E2_20270227_Blackpool_AFC_Wimbledon
2027-02-27,16:00,E2,Bradford,Leicester,,,SCHEDULED,E2_20270227_Bradford_Leicester
2027-02-27,16:00,E2,Burton,Milton Keynes Dons,,,SCHEDULED,E2_20270227_Burton_Milton_Keynes_Dons
2027-02-27,16:00,E2,Huddersfield,Wycombe,,,SCHEDULED,E2_20270227_Huddersfield_Wycombe
2027-02-27,16:00,E2,Leyton Orient,Doncaster,,,SCHEDULED,E2_20270227_Leyton_Orient_Doncaster
2027-02-27,16:00,E2,Mansfield,Stevenage,,,SCHEDULED,E2_20270227_Mansfield_Stevenage
2027-02-27,16:00,E2,Notts County,Bromley,,,SCHEDULED,E2_20270227_Notts_County_Bromley
2027-02-27,16:00,E2,Oxford,Luton,,,SCHEDULED,E2_20270227_Oxford_Luton
2027-02-27,16:00,E2,Plymouth,Sheffield Weds,,,SCHEDULED,E2_20270227_Plymouth_Sheffield_Weds
2027-02-27,16:00,E2,Reading,Stockport,,,SCHEDULED,E2_20270227_Reading_Stockport
2027-02-27,16:00,JPN,Kyoto,Kashima Antlers,,,SCHEDULED,JPN_20270227_Kyoto_Kashima_Antlers
2027-02-27,16:00,JPN,Mito,Sanfrecce Hiroshima,,,SCHEDULED,JPN_20270227_Mito_Sanfrecce_Hiroshima
2027-02-27,16:15,SP1,Betis,Elche,,,SCHEDULED,SP1_20270227_Betis_Elche
2027-02-27,16:15,SP2,Girona,Mallorca,,,SCHEDULED,SP2_20270227_Girona_Mallorca
2027-02-27,16:15,SP2,Las Palmas,Sabadell,,,SCHEDULED,SP2_20270227_Las_Palmas_Sabadell
2027-02-27,17:00,F1,Lens,Le Havre,,,SCHEDULED,F1_20270227_Lens_Le_Havre
2027-02-27,17:00,F1,Paris FC,Paris SG,,,SCHEDULED,F1_20270227_Paris_FC_Paris_SG
2027-02-27,17:00,F2,Metz,St Etienne,,,SCHEDULED,F2_20270227_Metz_St_Etienne
2027-02-27,17:00,F2,Nancy,Reims,,,SCHEDULED,F2_20270227_Nancy_Reims
2027-02-27,17:30,E3,Chesterfield,Accrington,,,SCHEDULED,E3_20270227_Chesterfield_Accrington
2027-02-27,17:30,SC0,Kilmarnock,Celtic,,,SCHEDULED,SC0_20270227_Kilmarnock_Celtic
2027-02-27,18:00,AUT,Wolfsberger AC,Tirol,,,SCHEDULED,AUT_20270227_Wolfsberger_AC_Tirol
2027-02-27,18:00,B1,Gent,Charleroi,,,SCHEDULED,B1_20270227_Gent_Charleroi
2027-02-27,18:00,B1,Mechelen,St Truiden,,,SCHEDULED,B1_20270227_Mechelen_St_Truiden
2027-02-27,18:00,B1,Westerlo,Beveren,,,SCHEDULED,B1_20270227_Westerlo_Beveren
2027-02-27,18:00,DNK,Randers FC,Horsens,,,SCHEDULED,DNK_20270227_Randers_FC_Horsens
2027-02-27,18:00,G1,Iraklis,Levadeiakos,,,SCHEDULED,G1_20270227_Iraklis_Levadeiakos
2027-02-27,18:00,G1,PAOK,Panetolikos,,,SCHEDULED,G1_20270227_PAOK_Panetolikos
2027-02-27,18:00,I1,Frosinone,Bologna,,,SCHEDULED,I1_20270227_Frosinone_Bologna
2027-02-27,18:00,I1,Lazio,Atalanta,,,SCHEDULED,I1_20270227_Lazio_Atalanta
2027-02-27,18:00,I2,Mantova,Avellino,,,SCHEDULED,I2_20270227_Mantova_Avellino
2027-02-27,18:00,I2,Verona,Ascoli,,,SCHEDULED,I2_20270227_Verona_Ascoli
2027-02-27,18:00,N1,Cambuur,AZ Alkmaar,,,SCHEDULED,N1_20270227_Cambuur_AZ_Alkmaar
2027-02-27,18:00,N1,Utrecht,Go Ahead Eagles,,,SCHEDULED,N1_20270227_Utrecht_Go_Ahead_Eagles
2027-02-27,18:00,N1,Zwolle,Excelsior,,,SCHEDULED,N1_20270227_Zwolle_Excelsior
2027-02-27,18:00,P1,Academico Viseu,Estrela,,,SCHEDULED,P1_20270227_Academico_Viseu_Estrela
2027-02-27,18:00,P1,Moreirense,Famalicao,,,SCHEDULED,P1_20270227_Moreirense_Famalicao
2027-02-27,18:00,P1,Sp Braga,Guimaraes,,,SCHEDULED,P1_20270227_Sp_Braga_Guimaraes
2027-02-27,18:00,POL,Piast Gliwice,GKS Katowice,,,SCHEDULED,POL_20270227_Piast_Gliwice_GKS_Katowice
2027-02-27,18:00,POL,Slask Wroclaw,Motor Lublin,,,SCHEDULED,POL_20270227_Slask_Wroclaw_Motor_Lublin
2027-02-27,18:00,POL,Zaglebie,Legia,,,SCHEDULED,POL_20270227_Zaglebie_Legia
2027-02-27,18:00,ROU,Csikszereda M. Ciuc,CFR Cluj,,,SCHEDULED,ROU_20270227_Csikszereda_M_Ciuc_CFR_Cluj
2027-02-27,18:00,ROU,U. Cluj,Farul Constanta,,,SCHEDULED,ROU_20270227_U_Cluj_Farul_Constanta
2027-02-27,18:00,SWZ,Sion,Vaduz,,,SCHEDULED,SWZ_20270227_Sion_Vaduz
2027-02-27,18:00,T1,Buyuksehyr,Corum,,,SCHEDULED,T1_20270227_Buyuksehyr_Corum
2027-02-27,18:00,T1,Eyupspor,Fenerbahce,,,SCHEDULED,T1_20270227_Eyupspor_Fenerbahce
2027-02-27,18:00,T1,Gaziantep,Genclerbirligi,,,SCHEDULED,T1_20270227_Gaziantep_Genclerbirligi
2027-02-27,18:30,D1,M'gladbach,Bayern Munich,,,SCHEDULED,D1_20270227_M_gladbach_Bayern_Munich
2027-02-27,18:30,D2,Karlsruhe,Holstein Kiel,,,SCHEDULED,D2_20270227_Karlsruhe_Holstein_Kiel
2027-02-27,18:30,SP1,Ath Bilbao,Osasuna,,,SCHEDULED,SP1_20270227_Ath_Bilbao_Osasuna
2027-02-27,18:30,SP2,Tenerife,Albacete,,,SCHEDULED,SP2_20270227_Tenerife_Albacete
2027-02-27,19:30,USA,Charlotte,Philadelphia Union,,,SCHEDULED,USA_20270227_Charlotte_Philadelphia_Union
2027-02-27,19:30,USA,Los Angeles FC,Houston Dynamo,,,SCHEDULED,USA_20270227_Los_Angeles_FC_Houston_Dynamo
2027-02-27,19:30,USA,Sporting Kansas City,San Jose Earthquakes,,,SCHEDULED,USA_20270227_Sporting_Kansas_City_San_Jose_Earthquakes
2027-02-27,19:30,USA,Toronto FC,Atlanta Utd,,,SCHEDULED,USA_20270227_Toronto_FC_Atlanta_Utd
2027-02-27,20:45,AUT,Altach,Austria Vienna,,,SCHEDULED,AUT_20270227_Altach_Austria_Vienna
2027-02-27,20:45,B1,Club Brugge,St. Gilloise,,,SCHEDULED,B1_20270227_Club_Brugge_St_Gilloise
2027-02-27,20:45,DNK,Viborg,Lyngby,,,SCHEDULED,DNK_20270227_Viborg_Lyngby
2027-02-27,20:45,G1,Kalamata,Olympiakos,,,SCHEDULED,G1_20270227_Kalamata_Olympiakos
2027-02-27,20:45,I1,Fiorentina,Cagliari,,,SCHEDULED,I1_20270227_Fiorentina_Cagliari
2027-02-27,20:45,I2,Palermo,Sudtirol,,,SCHEDULED,I2_20270227_Palermo_Sudtirol
2027-02-27,20:45,N1,Den Haag,Groningen,,,SCHEDULED,N1_20270227_Den_Haag_Groningen
2027-02-27,20:45,P1,Alverca,Sp Lisbon,,,SCHEDULED,P1_20270227_Alverca_Sp_Lisbon
2027-02-27,20:45,POL,Rakow,Radomiak Radom,,,SCHEDULED,POL_20270227_Rakow_Radomiak_Radom
2027-02-27,20:45,ROU,Otelul,FC Botosani,,,SCHEDULED,ROU_20270227_Otelul_FC_Botosani
2027-02-27,20:45,SWZ,Lugano,Zurich,,,SCHEDULED,SWZ_20270227_Lugano_Zurich
2027-02-27,20:45,T1,Konyaspor,Besiktas,,,SCHEDULED,T1_20270227_Konyaspor_Besiktas
2027-02-27,21:00,F1,Rennes,Marseille,,,SCHEDULED,F1_20270227_Rennes_Marseille
2027-02-27,21:00,F2,Dijon,Dunkerque,,,SCHEDULED,F2_20270227_Dijon_Dunkerque
2027-02-27,21:00,SP1,Santander,Alaves,,,SCHEDULED,SP1_20270227_Santander_Alaves
2027-02-27,21:00,SP2,Castellon,Eibar,,,SCHEDULED,SP2_20270227_Castellon_Eibar
2027-02-27,21:00,USA,CF Montreal,Chicago Fire,,,SCHEDULED,USA_20270227_CF_Montreal_Chicago_Fire
2027-02-27,21:00,USA,San Diego FC,St. Louis City,,,SCHEDULED,USA_20270227_San_Diego_FC_St_Louis_City
2027-02-28,12:30,I1,Juventus,Venezia,,,SCHEDULED,I1_20270228_Juventus_Venezia
2027-02-28,12:30,I2,Juve Stabia,Sampdoria,,,SCHEDULED,I2_20270228_Juve_Stabia_Sampdoria
2027-02-28,13:00,E1,Portsmouth,Southampton,,,SCHEDULED,E1_20270228_Portsmouth_Southampton
2027-02-28,14:00,E3,Salford,York,,,SCHEDULED,E3_20270228_Salford_York
2027-02-28,14:00,JPN,Chiba,Nagoya Grampus,,,SCHEDULED,JPN_20270228_Chiba_Nagoya_Grampus
2027-02-28,14:00,JPN,Machida,Gamba Osaka,,,SCHEDULED,JPN_20270228_Machida_Gamba_Osaka
2027-02-28,14:00,JPN,V-Varen Nagasaki,Kawasaki Frontale,,,SCHEDULED,JPN_20270228_V_Varen_Nagasaki_Kawasaki_Frontale
2027-02-28,14:00,SC0,Motherwell,St Johnstone,,,SCHEDULED,SC0_20270228_Motherwell_St_Johnstone
2027-02-28,14:00,SP1,Espanol,Getafe,,,SCHEDULED,SP1_20270228_Espanol_Getafe
2027-02-28,14:00,SP2,Ceuta,Cadiz,,,SCHEDULED,SP2_20270228_Ceuta_Cadiz
2027-02-28,14:30,AUT,Grazer AK,Ried,,,SCHEDULED,AUT_20270228_Grazer_AK_Ried
2027-02-28,14:30,B1,Kortrijk,Cercle Brugge,,,SCHEDULED,B1_20270228_Kortrijk_Cercle_Brugge
2027-02-28,14:30,B1,Waregem,Genk,,,SCHEDULED,B1_20270228_Waregem_Genk
2027-02-28,14:30,DNK,Aarhus,FC Copenhagen,,,SCHEDULED,DNK_20270228_Aarhus_FC_Copenhagen
2027-02-28,14:30,G1,Kifisia,Aris,,,SCHEDULED,G1_20270228_Kifisia_Aris
2027-02-28,14:30,N1,PSV Eindhoven,For Sittard,,,SCHEDULED,N1_20270228_PSV_Eindhoven_For_Sittard
2027-02-28,14:30,N1,Sparta Rotterdam,Feyenoord,,,SCHEDULED,N1_20270228_Sparta_Rotterdam_Feyenoord
2027-02-28,14:30,P1,Arouca,Nacional,,,SCHEDULED,P1_20270228_Arouca_Nacional
2027-02-28,14:30,P1,Casa Pia,Maritimo,,,SCHEDULED,P1_20270228_Casa_Pia_Maritimo
2027-02-28,14:30,POL,Wieczysta Krakow,Wisla Plock,,,SCHEDULED,POL_20270228_Wieczysta_Krakow_Wisla_Plock
2027-02-28,14:30,POL,Wisla,Lech Poznan,,,SCHEDULED,POL_20270228_Wisla_Lech_Poznan
2027-02-28,14:30,ROU,FC Voluntari,UTA Arad,,,SCHEDULED,ROU_20270228_FC_Voluntari_UTA_Arad
2027-02-28,14:30,ROU,Petrolul,FC Rapid Bucuresti,,,SCHEDULED,ROU_20270228_Petrolul_FC_Rapid_Bucuresti
2027-02-28,14:30,SWZ,Young Boys,Basel,,,SCHEDULED,SWZ_20270228_Young_Boys_Basel
2027-02-28,14:30,T1,Kasimpasa,Trabzonspor,,,SCHEDULED,T1_20270228_Kasimpasa_Trabzonspor
2027-02-28,14:30,T1,Kocaelispor,Amedspor,,,SCHEDULED,T1_20270228_Kocaelispor_Amedspor
2027-02-28,15:00,F1,Lorient,Brest,,,SCHEDULED,F1_20270228_Lorient_Brest
2027-02-28,15:00,F1,Strasbourg,Lille,,,SCHEDULED,F1_20270228_Strasbourg_Lille
2027-02-28,15:00,F1,Toulouse,Le Mans,,,SCHEDULED,F1_20270228_Toulouse_Le_Mans
2027-02-28,15:00,F2,Boulogne,Nantes,,,SCHEDULED,F2_20270228_Boulogne_Nantes
2027-02-28,15:00,F2,Laval,Red Star,,,SCHEDULED,F2_20270228_Laval_Red_Star
2027-02-28,15:00,F2,Rodez,Sochaux,,,SCHEDULED,F2_20270228_Rodez_Sochaux
2027-02-28,15:00,I1,Sassuolo,Milan,,,SCHEDULED,I1_20270228_Sassuolo_Milan
2027-02-28,15:00,I2,Catanzaro,Padova,,,SCHEDULED,I2_20270228_Catanzaro_Padova
2027-02-28,15:30,D1,Stuttgart,Union Berlin,,,SCHEDULED,D1_20270228_Stuttgart_Union_Berlin
2027-02-28,15:30,D2,Osnabruck,Hertha,,,SCHEDULED,D2_20270228_Osnabruck_Hertha
2027-02-28,16:00,JPN,Kashiwa Reysol,Yokohama F. Marinos,,,SCHEDULED,JPN_20270228_Kashiwa_Reysol_Yokohama_F_Marinos
2027-02-28,16:00,JPN,Vissel Kobe,Verdy,,,SCHEDULED,JPN_20270228_Vissel_Kobe_Verdy
2027-02-28,16:00,USA,Austin FC,Los Angeles Galaxy,,,SCHEDULED,USA_20270228_Austin_FC_Los_Angeles_Galaxy
2027-02-28,16:00,USA,Columbus Crew,New England Revolution,,,SCHEDULED,USA_20270228_Columbus_Crew_New_England_Revolution
2027-02-28,16:15,SP1,La Coruna,Sevilla,,,SCHEDULED,SP1_20270228_La_Coruna_Sevilla
2027-02-28,16:15,SP2,Valladolid,Sociedad B,,,SCHEDULED,SP2_20270228_Valladolid_Sociedad_B
2027-02-28,16:30,AUT,Hartberg,Salzburg,,,SCHEDULED,AUT_20270228_Hartberg_Salzburg
2027-02-28,16:30,B1,RAAL La Louviere,Antwerp,,,SCHEDULED,B1_20270228_RAAL_La_Louviere_Antwerp
2027-02-28,16:30,DNK,Odense,Brondby,,,SCHEDULED,DNK_20270228_Odense_Brondby
2027-02-28,16:30,E3,Tranmere,Northampton,,,SCHEDULED,E3_20270228_Tranmere_Northampton
2027-02-28,16:30,G1,Panathinaikos,Volos NFC,,,SCHEDULED,G1_20270228_Panathinaikos_Volos_NFC
2027-02-28,16:30,N1,Nijmegen,Heerenveen,,,SCHEDULED,N1_20270228_Nijmegen_Heerenveen
2027-02-28,16:30,P1,Estoril,Gil Vicente,,,SCHEDULED,P1_20270228_Estoril_Gil_Vicente
2027-02-28,16:30,POL,Cracovia,Gornik Zabrze,,,SCHEDULED,POL_20270228_Cracovia_Gornik_Zabrze
2027-02-28,16:30,ROU,FC Arges,Dinamo Bucuresti,,,SCHEDULED,ROU_20270228_FC_Arges_Dinamo_Bucuresti
2027-02-28,16:30,SWZ,Thun,Grasshoppers,,,SCHEDULED,SWZ_20270228_Thun_Grasshoppers
2027-02-28,16:30,T1,Erzurumspor,Galatasaray,,,SCHEDULED,T1_20270228_Erzurumspor_Galatasaray
2027-02-28,17:15,F1,Lyon,Monaco,,,SCHEDULED,F1_20270228_Lyon_Monaco
2027-02-28,17:15,F2,Montpellier,Pau FC,,,SCHEDULED,F2_20270228_Montpellier_Pau_FC
2027-02-28,17:30,D1,Freiburg,Hoffenheim,,,SCHEDULED,D1_20270228_Freiburg_Hoffenheim
2027-02-28,17:30,D2,Braunschweig,St Pauli,,,SCHEDULED,D2_20270228_Braunschweig_St_Pauli
2027-02-28,18:00,I1,Monza,Udinese,,,SCHEDULED,I1_20270228_Monza_Udinese
2027-02-28,18:00,I2,Arezzo,Pisa,,,SCHEDULED,I2_20270228_Arezzo_Pisa
2027-02-28,18:30,AUT,LASK,Sturm Graz,,,SCHEDULED,AUT_20270228_LASK_Sturm_Graz
2027-02-28,18:30,B1,Lommel SK,Oud-Heverlee Leuven,,,SCHEDULED,B1_20270228_Lommel_SK_Oud_Heverlee_Leuven
2027-02-28,18:30,DNK,Sonderjyske,Midtjylland,,,SCHEDULED,DNK_20270228_Sonderjyske_Midtjylland
2027-02-28,18:30,G1,Asteras Tripolis,Atromitos,,,SCHEDULED,G1_20270228_Asteras_Tripolis_Atromitos
2027-02-28,18:30,N1,Telstar,Ajax,,,SCHEDULED,N1_20270228_Telstar_Ajax
2027-02-28,18:30,P1,Santa Clara,Benfica,,,SCHEDULED,P1_20270228_Santa_Clara_Benfica
2027-02-28,18:30,POL,Pogon Szczecin,Widzew Lodz,,,SCHEDULED,POL_20270228_Pogon_Szczecin_Widzew_Lodz
2027-02-28,18:30,ROU,Univ. Craiova,Corvinul,,,SCHEDULED,ROU_20270228_Univ_Craiova_Corvinul
2027-02-28,18:30,SP1,Celta,Malaga,,,SCHEDULED,SP1_20270228_Celta_Malaga
2027-02-28,18:30,SP2,Andorra,Burgos,,,SCHEDULED,SP2_20270228_Andorra_Burgos
2027-02-28,18:30,SWZ,St. Gallen,Servette,,,SCHEDULED,SWZ_20270228_St_Gallen_Servette
2027-02-28,18:30,T1,Samsunspor,Alanyaspor,,,SCHEDULED,T1_20270228_Samsunspor_Alanyaspor
2027-02-28,18:30,USA,Colorado Rapids,FC Dallas,,,SCHEDULED,USA_20270228_Colorado_Rapids_FC_Dallas
2027-02-28,18:30,USA,DC United,Orlando City,,,SCHEDULED,USA_20270228_DC_United_Orlando_City
2027-02-28,20:45,F1,Auxerre,Nice,,,SCHEDULED,F1_20270228_Auxerre_Nice
2027-02-28,20:45,F2,Guingamp,Annecy,,,SCHEDULED,F2_20270228_Guingamp_Annecy
2027-02-28,20:45,I1,Torino,Roma,,,SCHEDULED,I1_20270228_Torino_Roma
2027-02-28,20:45,I2,Vicenza,Benevento,,,SCHEDULED,I2_20270228_Vicenza_Benevento
2027-02-28,21:00,SP1,Barcelona,Villarreal,,,SCHEDULED,SP1_20270228_Barcelona_Villarreal
2027-02-28,21:00,SP2,Sp Gijon,Almeria,,,SCHEDULED,SP2_20270228_Sp_Gijon_Almeria
2027-02-28,21:00,USA,Nashville SC,New York City,,,SCHEDULED,USA_20270228_Nashville_SC_New_York_City
2027-02-28,21:00,USA,Portland Timbers,Seattle Sounders,,,SCHEDULED,USA_20270228_Portland_Timbers_Seattle_Sounders
2027-03-02,20:45,E1,Bolton,QPR,,,SCHEDULED,E1_20270302_Bolton_QPR
2027-03-02,20:45,E1,Bristol City,Birmingham,,,SCHEDULED,E1_20270302_Bristol_City_Birmingham
2027-03-02,20:45,E1,Burnley,West Brom,,,SCHEDULED,E1_20270302_Burnley_West_Brom
2027-03-02,20:45,E1,Cardiff,Derby,,,SCHEDULED,E1_20270302_Cardiff_Derby
2027-03-02,20:45,E1,Charlton,West Ham,,,SCHEDULED,E1_20270302_Charlton_West_Ham
2027-03-02,20:45,E1,Middlesbrough,Blackburn,,,SCHEDULED,E1_20270302_Middlesbrough_Blackburn
2027-03-02,20:45,E1,Norwich,Millwall,,,SCHEDULED,E1_20270302_Norwich_Millwall
2027-03-02,20:45,E1,Watford,Wrexham,,,SCHEDULED,E1_20270302_Watford_Wrexham
2027-03-03,20:00,E0,Arsenal,Crystal Palace,,,SCHEDULED,E0_20270303_Arsenal_Crystal_Palace
2027-03-03,20:00,E0,Bournemouth,Tottenham,,,SCHEDULED,E0_20270303_Bournemouth_Tottenham
2027-03-03,20:00,E0,Brentford,Ipswich,,,SCHEDULED,E0_20270303_Brentford_Ipswich
2027-03-03,20:00,E0,Brighton,Fulham,,,SCHEDULED,E0_20270303_Brighton_Fulham
2027-03-03,20:00,E0,Chelsea,Coventry,,,SCHEDULED,E0_20270303_Chelsea_Coventry
2027-03-03,20:00,E0,Leeds,Hull,,,SCHEDULED,E0_20270303_Leeds_Hull
2027-03-03,20:00,E0,Liverpool,Aston Villa,,,SCHEDULED,E0_20270303_Liverpool_Aston_Villa
2027-03-03,20:00,E0,Man City,Everton,,,SCHEDULED,E0_20270303_Man_City_Everton
2027-03-03,20:00,E0,Nott'm Forest,Newcastle,,,SCHEDULED,E0_20270303_Nott_m_Forest_Newcastle
2027-03-03,20:00,E0,Sunderland,Man United,,,SCHEDULED,E0_20270303_Sunderland_Man_United
2027-03-03,20:45,E1,Portsmouth,Lincoln,,,SCHEDULED,E1_20270303_Portsmouth_Lincoln
2027-03-03,20:45,E1,Sheffield United,Swansea,,,SCHEDULED,E1_20270303_Sheffield_United_Swansea
2027-03-03,20:45,E1,Stoke,Southampton,,,SCHEDULED,E1_20270303_Stoke_Southampton
2027-03-03,20:45,E1,Wolves,Preston,,,SCHEDULED,E1_20270303_Wolves_Preston
2027-03-05,20:00,AUT,Sturm Graz,A. Lustenau,,,SCHEDULED,AUT_20270305_Sturm_Graz_A_Lustenau
2027-03-05,20:00,B1,Lommel SK,Beveren,,,SCHEDULED,B1_20270305_Lommel_SK_Beveren
2027-03-05,20:00,DNK,Midtjylland,Nordsjaelland,,,SCHEDULED,DNK_20270305_Midtjylland_Nordsjaelland
2027-03-05,20:00,E3,Tranmere,Barnet,,,SCHEDULED,E3_20270305_Tranmere_Barnet
2027-03-05,20:00,G1,Asteras Tripolis,Levadeiakos,,,SCHEDULED,G1_20270305_Asteras_Tripolis_Levadeiakos
2027-03-05,20:00,N1,Telstar,Go Ahead Eagles,,,SCHEDULED,N1_20270305_Telstar_Go_Ahead_Eagles
2027-03-05,20:00,P1,Santa Clara,Famalicao,,,SCHEDULED,P1_20270305_Santa_Clara_Famalicao
2027-03-05,20:00,POL,Pogon Szczecin,Motor Lublin,,,SCHEDULED,POL_20270305_Pogon_Szczecin_Motor_Lublin
2027-03-05,20:00,ROU,U. Cluj,Corvinul,,,SCHEDULED,ROU_20270305_U_Cluj_Corvinul
2027-03-05,20:00,SWZ,Servette,Luzern,,,SCHEDULED,SWZ_20270305_Servette_Luzern
2027-03-05,20:00,T1,Buyuksehyr,Alanyaspor,,,SCHEDULED,T1_20270305_Buyuksehyr_Alanyaspor
2027-03-05,20:30,D1,Freiburg,Mainz,,,SCHEDULED,D1_20270305_Freiburg_Mainz
2027-03-05,20:30,D2,Cottbus,St Pauli,,,SCHEDULED,D2_20270305_Cottbus_St_Pauli
2027-03-05,20:45,F1,Auxerre,Lille,,,SCHEDULED,F1_20270305_Auxerre_Lille
2027-03-05,20:45,F2,Guingamp,Red Star,,,SCHEDULED,F2_20270305_Guingamp_Red_Star
2027-03-05,20:45,I1,Torino,Lecce,,,SCHEDULED,I1_20270305_Torino_Lecce
2027-03-05,20:45,I2,Vicenza,Virtus Entella,,,SCHEDULED,I2_20270305_Vicenza_Virtus_Entella
2027-03-05,21:00,SP1,Barcelona,Sociedad,,,SCHEDULED,SP1_20270305_Barcelona_Sociedad
2027-03-05,21:00,SP2,Oviedo,Almeria,,,SCHEDULED,SP2_20270305_Oviedo_Almeria
2027-03-05,21:00,USA,FC Cincinnati,Inter Miami,,,SCHEDULED,USA_20270305_FC_Cincinnati_Inter_Miami
2027-03-05,21:00,USA,Vancouver Whitecaps,Minnesota United,,,SCHEDULED,USA_20270305_Vancouver_Whitecaps_Minnesota_United
2027-03-06,14:00,JPN,Shimizu S-Pulse,Sanfrecce Hiroshima,,,SCHEDULED,JPN_20270306_Shimizu_S_Pulse_Sanfrecce_Hiroshima
2027-03-06,14:00,JPN,V-Varen Nagasaki,Kashima Antlers,,,SCHEDULED,JPN_20270306_V_Varen_Nagasaki_Kashima_Antlers
2027-03-06,14:00,JPN,Vissel Kobe,Kawasaki Frontale,,,SCHEDULED,JPN_20270306_Vissel_Kobe_Kawasaki_Frontale
2027-03-06,14:00,SP1,Levante,Elche,,,SCHEDULED,SP1_20270306_Levante_Elche
2027-03-06,14:00,SP1,Vallecano,Valencia,,,SCHEDULED,SP1_20270306_Vallecano_Valencia
2027-03-06,14:00,SP2,Cordoba,Mallorca,,,SCHEDULED,SP2_20270306_Cordoba_Mallorca
2027-03-06,14:00,SP2,Las Palmas,Leganes,,,SCHEDULED,SP2_20270306_Las_Palmas_Leganes
2027-03-06,15:00,E3,Bristol Rvs,Shrewsbury,,,SCHEDULED,E3_20270306_Bristol_Rvs_Shrewsbury
2027-03-06,15:00,E3,Crewe,York,,,SCHEDULED,E3_20270306_Crewe_York
2027-03-06,15:00,E3,Exeter,Port Vale,,,SCHEDULED,E3_20270306_Exeter_Port_Vale
2027-03-06,15:00,E3,Gillingham,Grimsby,,,SCHEDULED,E3_20270306_Gillingham_Grimsby
2027-03-06,15:00,E3,Rochdale,Oldham,,,SCHEDULED,E3_20270306_Rochdale_Oldham
2027-03-06,15:00,E3,Rotherham,Newport County,,,SCHEDULED,E3_20270306_Rotherham_Newport_County
2027-03-06,15:00,E3,Swindon,Fleetwood Town,,,SCHEDULED,E3_20270306_Swindon_Fleetwood_Town
2027-03-06,15:00,E3,Walsall,Cheltenham,,,SCHEDULED,E3_20270306_Walsall_Cheltenham
2027-03-06,15:00,I1,Frosinone,Como,,,SCHEDULED,I1_20270306_Frosinone_Como
2027-03-06,15:00,I1,Lazio,Genoa,,,SCHEDULED,I1_20270306_Lazio_Genoa
2027-03-06,15:00,I2,Mantova,Empoli,,,SCHEDULED,I2_20270306_Mantova_Empoli
2027-03-06,15:00,I2,Verona,Cesena,,,SCHEDULED,I2_20270306_Verona_Cesena
2027-03-06,15:00,SC0,Dundee,Rangers,,,SCHEDULED,SC0_20270306_Dundee_Rangers
2027-03-06,15:00,SC0,Falkirk,Motherwell,,,SCHEDULED,SC0_20270306_Falkirk_Motherwell
2027-03-06,15:00,SC0,Hearts,Dundee United,,,SCHEDULED,SC0_20270306_Hearts_Dundee_United
2027-03-06,15:00,SC0,Hibernian,St Mirren,,,SCHEDULED,SC0_20270306_Hibernian_St_Mirren
2027-03-06,15:30,D1,Augsburg,Bayern Munich,,,SCHEDULED,D1_20270306_Augsburg_Bayern_Munich
2027-03-06,15:30,D1,Elversberg,Ein Frankfurt,,,SCHEDULED,D1_20270306_Elversberg_Ein_Frankfurt
2027-03-06,15:30,D1,Hamburg,Paderborn,,,SCHEDULED,D1_20270306_Hamburg_Paderborn
2027-03-06,15:30,D1,Schalke 04,Dortmund,,,SCHEDULED,D1_20270306_Schalke_04_Dortmund
2027-03-06,15:30,D1,Werder Bremen,FC Koln,,,SCHEDULED,D1_20270306_Werder_Bremen_FC_Koln
2027-03-06,15:30,D2,Bielefeld,Wolfsburg,,,SCHEDULED,D2_20270306_Bielefeld_Wolfsburg
2027-03-06,15:30,D2,Bochum,Kaiserslautern,,,SCHEDULED,D2_20270306_Bochum_Kaiserslautern
2027-03-06,15:30,D2,Darmstadt,Nurnberg,,,SCHEDULED,D2_20270306_Darmstadt_Nurnberg
2027-03-06,15:30,D2,Hannover,Magdeburg,,,SCHEDULED,D2_20270306_Hannover_Magdeburg
2027-03-06,15:30,D2,Karlsruhe,Dresden,,,SCHEDULED,D2_20270306_Karlsruhe_Dresden
2027-03-06,16:00,E1,Birmingham,Sheffield United,,,SCHEDULED,E1_20270306_Birmingham_Sheffield_United
2027-03-06,16:00,E1,Blackburn,Wolves,,,SCHEDULED,E1_20270306_Blackburn_Wolves
2027-03-06,16:00,E1,Derby,Charlton,,,SCHEDULED,E1_20270306_Derby_Charlton
2027-03-06,16:00,E1,Lincoln,Middlesbrough,,,SCHEDULED,E1_20270306_Lincoln_Middlesbrough
2027-03-06,16:00,E1,Millwall,Bristol City,,,SCHEDULED,E1_20270306_Millwall_Bristol_City
2027-03-06,16:00,E1,Preston,Bolton,,,SCHEDULED,E1_20270306_Preston_Bolton
2027-03-06,16:00,E1,QPR,Portsmouth,,,SCHEDULED,E1_20270306_QPR_Portsmouth
2027-03-06,16:00,E1,Southampton,Watford,,,SCHEDULED,E1_20270306_Southampton_Watford
2027-03-06,16:00,E1,Swansea,Stoke,,,SCHEDULED,E1_20270306_Swansea_Stoke
2027-03-06,16:00,E1,West Brom,Norwich,,,SCHEDULED,E1_20270306_West_Brom_Norwich
2027-03-06,16:00,E1,West Ham,Burnley,,,SCHEDULED,E1_20270306_West_Ham_Burnley
2027-03-06,16:00,E1,Wrexham,Cardiff,,,SCHEDULED,E1_20270306_Wrexham_Cardiff
2027-03-06,16:00,E2,AFC Wimbledon,Huddersfield,,,SCHEDULED,E2_20270306_AFC_Wimbledon_Huddersfield
2027-03-06,16:00,E2,Bromley,Barnsley,,,SCHEDULED,E2_20270306_Bromley_Barnsley
2027-03-06,16:00,E2,Doncaster,Mansfield,,,SCHEDULED,E2_20270306_Doncaster_Mansfield
2027-03-06,16:00,E2,Leicester,Notts County,,,SCHEDULED,E2_20270306_Leicester_Notts_County
2027-03-06,16:00,E2,Luton,Reading,,,SCHEDULED,E2_20270306_Luton_Reading
2027-03-06,16:00,E2,Milton Keynes Dons,Oxford,,,SCHEDULED,E2_20270306_Milton_Keynes_Dons_Oxford
2027-03-06,16:00,E2,Peterboro,Bradford,,,SCHEDULED,E2_20270306_Peterboro_Bradford
2027-03-06,16:00,E2,Sheffield Weds,Leyton Orient,,,SCHEDULED,E2_20270306_Sheffield_Weds_Leyton_Orient
2027-03-06,16:00,E2,Stevenage,Burton,,,SCHEDULED,E2_20270306_Stevenage_Burton
2027-03-06,16:00,E2,Stockport,Plymouth,,,SCHEDULED,E2_20270306_Stockport_Plymouth
2027-03-06,16:00,E2,Wigan,Cambridge,,,SCHEDULED,E2_20270306_Wigan_Cambridge
2027-03-06,16:00,E2,Wycombe,Blackpool,,,SCHEDULED,E2_20270306_Wycombe_Blackpool
2027-03-06,16:00,JPN,Chiba,Avispa Fukuoka,,,SCHEDULED,JPN_20270306_Chiba_Avispa_Fukuoka
2027-03-06,16:00,JPN,Machida,Urawa Reds,,,SCHEDULED,JPN_20270306_Machida_Urawa_Reds
2027-03-06,16:15,SP1,Ath Bilbao,Ath Madrid,,,SCHEDULED,SP1_20270306_Ath_Bilbao_Ath_Madrid
2027-03-06,16:15,SP2,Celta B,Albacete,,,SCHEDULED,SP2_20270306_Celta_B_Albacete
2027-03-06,16:15,SP2,Girona,Eldense,,,SCHEDULED,SP2_20270306_Girona_Eldense
2027-03-06,17:00,F1,Rennes,Paris FC,,,SCHEDULED,F1_20270306_Rennes_Paris_FC
2027-03-06,17:00,F1,Strasbourg,Le Mans,,,SCHEDULED,F1_20270306_Strasbourg_Le_Mans
2027-03-06,17:00,F2,Dijon,Metz,,,SCHEDULED,F2_20270306_Dijon_Metz
2027-03-06,17:00,F2,Laval,Nantes,,,SCHEDULED,F2_20270306_Laval_Nantes
2027-03-06,17:30,E3,Salford,Northampton,,,SCHEDULED,E3_20270306_Salford_Northampton
2027-03-06,17:30,SC0,St Johnstone,Celtic,,,SCHEDULED,SC0_20270306_St_Johnstone_Celtic
2027-03-06,18:00,AUT,Tirol,Altach,,,SCHEDULED,AUT_20270306_Tirol_Altach
2027-03-06,18:00,B1,Club Brugge,Gent,,,SCHEDULED,B1_20270306_Club_Brugge_Gent
2027-03-06,18:00,B1,Mechelen,Genk,,,SCHEDULED,B1_20270306_Mechelen_Genk
2027-03-06,18:00,B1,Waregem,Standard,,,SCHEDULED,B1_20270306_Waregem_Standard
2027-03-06,18:00,DNK,Horsens,Viborg,,,SCHEDULED,DNK_20270306_Horsens_Viborg
2027-03-06,18:00,G1,Iraklis,OFI Crete,,,SCHEDULED,G1_20270306_Iraklis_OFI_Crete
2027-03-06,18:00,G1,Kalamata,PAOK,,,SCHEDULED,G1_20270306_Kalamata_PAOK
2027-03-06,18:00,I1,Napoli,Atalanta,,,SCHEDULED,I1_20270306_Napoli_Atalanta
2027-03-06,18:00,I1,Parma,Cagliari,,,SCHEDULED,I1_20270306_Parma_Cagliari
2027-03-06,18:00,I2,Cremonese,Sudtirol,,,SCHEDULED,I2_20270306_Cremonese_Sudtirol
2027-03-06,18:00,I2,Modena,Ascoli,,,SCHEDULED,I2_20270306_Modena_Ascoli
2027-03-06,18:00,N1,Den Haag,Cambuur,,,SCHEDULED,N1_20270306_Den_Haag_Cambuur
2027-03-06,18:00,N1,PSV Eindhoven,Willem II,,,SCHEDULED,N1_20270306_PSV_Eindhoven_Willem_II
2027-03-06,18:00,N1,Zwolle,For Sittard,,,SCHEDULED,N1_20270306_Zwolle_For_Sittard
2027-03-06,18:00,P1,Academico Viseu,Maritimo,,,SCHEDULED,P1_20270306_Academico_Viseu_Maritimo
2027-03-06,18:00,P1,Alverca,Sp Braga,,,SCHEDULED,P1_20270306_Alverca_Sp_Braga
2027-03-06,18:00,P1,Casa Pia,Porto,,,SCHEDULED,P1_20270306_Casa_Pia_Porto
2027-03-06,18:00,POL,Rakow,Piast Gliwice,,,SCHEDULED,POL_20270306_Rakow_Piast_Gliwice
2027-03-06,18:00,POL,Wisla,Jagiellonia,,,SCHEDULED,POL_20270306_Wisla_Jagiellonia
2027-03-06,18:00,POL,Zaglebie,Lech Poznan,,,SCHEDULED,POL_20270306_Zaglebie_Lech_Poznan
2027-03-06,18:00,ROU,CFR Cluj,FC Botosani,,,SCHEDULED,ROU_20270306_CFR_Cluj_FC_Botosani
2027-03-06,18:00,ROU,FCSB,UTA Arad,,,SCHEDULED,ROU_20270306_FCSB_UTA_Arad
2027-03-06,18:00,SWZ,Vaduz,Lugano,,,SCHEDULED,SWZ_20270306_Vaduz_Lugano
2027-03-06,18:00,T1,Genclerbirligi,Besiktas,,,SCHEDULED,T1_20270306_Genclerbirligi_Besiktas
2027-03-06,18:00,T1,Kocaelispor,Fenerbahce,,,SCHEDULED,T1_20270306_Kocaelispor_Fenerbahce
2027-03-06,18:00,T1,Rizespor,Amedspor,,,SCHEDULED,T1_20270306_Rizespor_Amedspor
2027-03-06,18:30,D1,Stuttgart,Leverkusen,,,SCHEDULED,D1_20270306_Stuttgart_Leverkusen
2027-03-06,18:30,D2,Heidenheim,Hertha,,,SCHEDULED,D2_20270306_Heidenheim_Hertha
2027-03-06,18:30,SP1,Betis,Alaves,,,SCHEDULED,SP1_20270306_Betis_Alaves
2027-03-06,18:30,SP2,Castellon,Sabadell,,,SCHEDULED,SP2_20270306_Castellon_Sabadell
2027-03-06,19:30,USA,CF Montreal,Philadelphia Union,,,SCHEDULED,USA_20270306_CF_Montreal_Philadelphia_Union
2027-03-06,19:30,USA,San Diego FC,Houston Dynamo,,,SCHEDULED,USA_20270306_San_Diego_FC_Houston_Dynamo
2027-03-06,19:30,USA,Sporting Kansas City,Seattle Sounders,,,SCHEDULED,USA_20270306_Sporting_Kansas_City_Seattle_Sounders
2027-03-06,19:30,USA,Toronto FC,New York City,,,SCHEDULED,USA_20270306_Toronto_FC_New_York_City
2027-03-06,20:45,AUT,Wolfsberger AC,Grazer AK,,,SCHEDULED,AUT_20270306_Wolfsberger_AC_Grazer_AK
2027-03-06,20:45,B1,Charleroi,Cercle Brugge,,,SCHEDULED,B1_20270306_Charleroi_Cercle_Brugge
2027-03-06,20:45,DNK,Randers FC,Aarhus,,,SCHEDULED,DNK_20270306_Randers_FC_Aarhus
2027-03-06,20:45,G1,Panetolikos,Aris,,,SCHEDULED,G1_20270306_Panetolikos_Aris
2027-03-06,20:45,I1,Juventus,Bologna,,,SCHEDULED,I1_20270306_Juventus_Bologna
2027-03-06,20:45,I2,Juve Stabia,Avellino,,,SCHEDULED,I2_20270306_Juve_Stabia_Avellino
2027-03-06,20:45,N1,AZ Alkmaar,Feyenoord,,,SCHEDULED,N1_20270306_AZ_Alkmaar_Feyenoord
2027-03-06,20:45,P1,Guimaraes,Nacional,,,SCHEDULED,P1_20270306_Guimaraes_Nacional
2027-03-06,20:45,POL,GKS Katowice,Wisla Plock,,,SCHEDULED,POL_20270306_GKS_Katowice_Wisla_Plock
2027-03-06,20:45,ROU,Petrolul,Csikszereda M. Ciuc,,,SCHEDULED,ROU_20270306_Petrolul_Csikszereda_M_Ciuc
2027-03-06,20:45,SWZ,Sion,Young Boys,,,SCHEDULED,SWZ_20270306_Sion_Young_Boys
2027-03-06,20:45,T1,Kasimpasa,Gaziantep,,,SCHEDULED,T1_20270306_Kasimpasa_Gaziantep
2027-03-06,21:00,F1,Paris SG,Brest,,,SCHEDULED,F1_20270306_Paris_SG_Brest
2027-03-06,21:00,F2,St Etienne,Sochaux,,,SCHEDULED,F2_20270306_St_Etienne_Sochaux
2027-03-06,21:00,SP1,Espanol,Osasuna,,,SCHEDULED,SP1_20270306_Espanol_Osasuna
2027-03-06,21:00,SP2,Tenerife,Cadiz,,,SCHEDULED,SP2_20270306_Tenerife_Cadiz
2027-03-06,21:00,USA,Austin FC,St. Louis City,,,SCHEDULED,USA_20270306_Austin_FC_St_Louis_City
2027-03-06,21:00,USA,Columbus Crew,Chicago Fire,,,SCHEDULED,USA_20270306_Columbus_Crew_Chicago_Fire
2027-03-07,12:30,I1,Fiorentina,Milan,,,SCHEDULED,I1_20270307_Fiorentina_Milan
2027-03-07,12:30,I2,Palermo,Padova,,,SCHEDULED,I2_20270307_Palermo_Padova
2027-03-07,14:00,E3,Chesterfield,Crawley Town,,,SCHEDULED,E3_20270307_Chesterfield_Crawley_Town
2027-03-07,14:00,JPN,FC Tokyo,Okayama,,,SCHEDULED,JPN_20270307_FC_Tokyo_Okayama
2027-03-07,14:00,JPN,Kyoto,Yokohama F. Marinos,,,SCHEDULED,JPN_20270307_Kyoto_Yokohama_F_Marinos
2027-03-07,14:00,JPN,Mito,Verdy,,,SCHEDULED,JPN_20270307_Mito_Verdy
2027-03-07,14:00,SC0,Aberdeen,Kilmarnock,,,SCHEDULED,SC0_20270307_Aberdeen_Kilmarnock
2027-03-07,14:00,SP1,Santander,Sevilla,,,SCHEDULED,SP1_20270307_Santander_Sevilla
2027-03-07,14:00,SP2,Valladolid,Eibar,,,SCHEDULED,SP2_20270307_Valladolid_Eibar
2027-03-07,14:30,AUT,Austria Vienna,Hartberg,,,SCHEDULED,AUT_20270307_Austria_Vienna_Hartberg
2027-03-07,14:30,B1,RAAL La Louviere,St. Gilloise,,,SCHEDULED,B1_20270307_RAAL_La_Louviere_St_Gilloise
2027-03-07,14:30,B1,Westerlo,St Truiden,,,SCHEDULED,B1_20270307_Westerlo_St_Truiden
2027-03-07,14:30,DNK,Lyngby,Odense,,,SCHEDULED,DNK_20270307_Lyngby_Odense
2027-03-07,14:30,G1,Panathinaikos,Olympiakos,,,SCHEDULED,G1_20270307_Panathinaikos_Olympiakos
2027-03-07,14:30,N1,Nijmegen,Groningen,,,SCHEDULED,N1_20270307_Nijmegen_Groningen
2027-03-07,14:30,N1,Utrecht,Excelsior,,,SCHEDULED,N1_20270307_Utrecht_Excelsior
2027-03-07,14:30,P1,Estoril,Sp Lisbon,,,SCHEDULED,P1_20270307_Estoril_Sp_Lisbon
2027-03-07,14:30,P1,Moreirense,Estrela,,,SCHEDULED,P1_20270307_Moreirense_Estrela
2027-03-07,14:30,POL,Cracovia,Radomiak Radom,,,SCHEDULED,POL_20270307_Cracovia_Radomiak_Radom
2027-03-07,14:30,POL,Slask Wroclaw,Legia,,,SCHEDULED,POL_20270307_Slask_Wroclaw_Legia
2027-03-07,14:30,ROU,FC Voluntari,Farul Constanta,,,SCHEDULED,ROU_20270307_FC_Voluntari_Farul_Constanta
2027-03-07,14:30,ROU,Otelul,Dinamo Bucuresti,,,SCHEDULED,ROU_20270307_Otelul_Dinamo_Bucuresti
2027-03-07,14:30,SWZ,Zurich,Thun,,,SCHEDULED,SWZ_20270307_Zurich_Thun
2027-03-07,14:30,T1,Eyupspor,Corum,,,SCHEDULED,T1_20270307_Eyupspor_Corum
2027-03-07,14:30,T1,Konyaspor,Galatasaray,,,SCHEDULED,T1_20270307_Konyaspor_Galatasaray
2027-03-07,15:00,F1,Lens,Troyes,,,SCHEDULED,F1_20270307_Lens_Troyes
2027-03-07,15:00,F1,Lyon,Marseille,,,SCHEDULED,F1_20270307_Lyon_Marseille
2027-03-07,15:00,F1,Toulouse,Le Havre,,,SCHEDULED,F1_20270307_Toulouse_Le_Havre
2027-03-07,15:00,F2,Boulogne,Reims,,,SCHEDULED,F2_20270307_Boulogne_Reims
2027-03-07,15:00,F2,Montpellier,Dunkerque,,,SCHEDULED,F2_20270307_Montpellier_Dunkerque
2027-03-07,15:00,F2,Nancy,Grenoble,,,SCHEDULED,F2_20270307_Nancy_Grenoble
2027-03-07,15:00,I1,Monza,Venezia,,,SCHEDULED,I1_20270307_Monza_Venezia
2027-03-07,15:00,I2,Arezzo,Sampdoria,,,SCHEDULED,I2_20270307_Arezzo_Sampdoria
2027-03-07,15:30,D1,M'gladbach,Hoffenheim,,,SCHEDULED,D1_20270307_M_gladbach_Hoffenheim
2027-03-07,15:30,D2,Braunschweig,Holstein Kiel,,,SCHEDULED,D2_20270307_Braunschweig_Holstein_Kiel
2027-03-07,16:00,JPN,Cerezo Osaka,Nagoya Grampus,,,SCHEDULED,JPN_20270307_Cerezo_Osaka_Nagoya_Grampus
2027-03-07,16:00,JPN,Kashiwa Reysol,Gamba Osaka,,,SCHEDULED,JPN_20270307_Kashiwa_Reysol_Gamba_Osaka
2027-03-07,16:00,USA,Colorado Rapids,Los Angeles Galaxy,,,SCHEDULED,USA_20270307_Colorado_Rapids_Los_Angeles_Galaxy
2027-03-07,16:00,USA,DC United,New England Revolution,,,SCHEDULED,USA_20270307_DC_United_New_England_Revolution
2027-03-07,16:15,SP1,Celta,Getafe,,,SCHEDULED,SP1_20270307_Celta_Getafe
2027-03-07,16:15,SP2,Ceuta,Burgos,,,SCHEDULED,SP2_20270307_Ceuta_Burgos
2027-03-07,16:30,AUT,Ried,LASK,,,SCHEDULED,AUT_20270307_Ried_LASK
2027-03-07,16:30,B1,Kortrijk,Oud-Heverlee Leuven,,,SCHEDULED,B1_20270307_Kortrijk_Oud_Heverlee_Leuven
2027-03-07,16:30,DNK,FC Copenhagen,Sonderjyske,,,SCHEDULED,DNK_20270307_FC_Copenhagen_Sonderjyske
2027-03-07,16:30,E3,Colchester,Accrington,,,SCHEDULED,E3_20270307_Colchester_Accrington
2027-03-07,16:30,G1,Kifisia,Atromitos,,,SCHEDULED,G1_20270307_Kifisia_Atromitos
2027-03-07,16:30,N1,Sparta Rotterdam,Ajax,,,SCHEDULED,N1_20270307_Sparta_Rotterdam_Ajax
2027-03-07,16:30,P1,Arouca,Benfica,,,SCHEDULED,P1_20270307_Arouca_Benfica
2027-03-07,16:30,POL,Wieczysta Krakow,Widzew Lodz,,,SCHEDULED,POL_20270307_Wieczysta_Krakow_Widzew_Lodz
2027-03-07,16:30,ROU,Univ. Craiova,FC Rapid Bucuresti,,,SCHEDULED,ROU_20270307_Univ_Craiova_FC_Rapid_Bucuresti
2027-03-07,16:30,SWZ,Basel,St. Gallen,,,SCHEDULED,SWZ_20270307_Basel_St_Gallen
2027-03-07,16:30,T1,Samsunspor,Trabzonspor,,,SCHEDULED,T1_20270307_Samsunspor_Trabzonspor
2027-03-07,17:15,F1,Lorient,Nice,,,SCHEDULED,F1_20270307_Lorient_Nice
2027-03-07,17:15,F2,Rodez,Annecy,,,SCHEDULED,F2_20270307_Rodez_Annecy
2027-03-07,17:30,D1,RB Leipzig,Union Berlin,,,SCHEDULED,D1_20270307_RB_Leipzig_Union_Berlin
2027-03-07,17:30,D2,Osnabruck,Greuther Furth,,,SCHEDULED,D2_20270307_Osnabruck_Greuther_Furth
2027-03-07,18:00,I1,Sassuolo,Roma,,,SCHEDULED,I1_20270307_Sassuolo_Roma
2027-03-07,18:00,I2,Catanzaro,Benevento,,,SCHEDULED,I2_20270307_Catanzaro_Benevento
2027-03-07,18:30,AUT,Salzburg,SK Rapid,,,SCHEDULED,AUT_20270307_Salzburg_SK_Rapid
2027-03-07,18:30,B1,Anderlecht,Antwerp,,,SCHEDULED,B1_20270307_Anderlecht_Antwerp
2027-03-07,18:30,DNK,Brondby,Silkeborg,,,SCHEDULED,DNK_20270307_Brondby_Silkeborg
2027-03-07,18:30,G1,AEK,Volos NFC,,,SCHEDULED,G1_20270307_AEK_Volos_NFC
2027-03-07,18:30,N1,Twente,Heerenveen,,,SCHEDULED,N1_20270307_Twente_Heerenveen
2027-03-07,18:30,P1,Rio Ave,Gil Vicente,,,SCHEDULED,P1_20270307_Rio_Ave_Gil_Vicente
2027-03-07,18:30,POL,Korona Kielce,Gornik Zabrze,,,SCHEDULED,POL_20270307_Korona_Kielce_Gornik_Zabrze
2027-03-07,18:30,ROU,FC Arges,Sepsi Sf. Gheorghe,,,SCHEDULED,ROU_20270307_FC_Arges_Sepsi_Sf_Gheorghe
2027-03-07,18:30,SP1,La Coruna,Villarreal,,,SCHEDULED,SP1_20270307_La_Coruna_Villarreal
2027-03-07,18:30,SP2,Sp Gijon,Sociedad B,,,SCHEDULED,SP2_20270307_Sp_Gijon_Sociedad_B
2027-03-07,18:30,SWZ,Grasshoppers,Lausanne,,,SCHEDULED,SWZ_20270307_Grasshoppers_Lausanne
2027-03-07,18:30,T1,Erzurumspor,Goztep,,,SCHEDULED,T1_20270307_Erzurumspor_Goztep
2027-03-07,18:30,USA,FC Dallas,San Jose Earthquakes,,,SCHEDULED,USA_20270307_FC_Dallas_San_Jose_Earthquakes
2027-03-07,18:30,USA,Orlando City,Atlanta Utd,,,SCHEDULED,USA_20270307_Orlando_City_Atlanta_Utd
2027-03-07,20:45,F1,Angers,Monaco,,,SCHEDULED,F1_20270307_Angers_Monaco
2027-03-07,20:45,F2,Clermont,Pau FC,,,SCHEDULED,F2_20270307_Clermont_Pau_FC
2027-03-07,20:45,I1,Inter,Udinese,,,SCHEDULED,I1_20270307_Inter_Udinese
2027-03-07,20:45,I2,Carrarese,Pisa,,,SCHEDULED,I2_20270307_Carrarese_Pisa
2027-03-07,21:00,SP1,Real Madrid,Malaga,,,SCHEDULED,SP1_20270307_Real_Madrid_Malaga
2027-03-07,21:00,SP2,Andorra,Granada,,,SCHEDULED,SP2_20270307_Andorra_Granada
2027-03-07,21:00,USA,Nashville SC,New York Red Bulls,,,SCHEDULED,USA_20270307_Nashville_SC_New_York_Red_Bulls
2027-03-07,21:00,USA,Portland Timbers,Real Salt Lake,,,SCHEDULED,USA_20270307_Portland_Timbers_Real_Salt_Lake
2027-03-09,20:45,I1,Como,Cagliari,,,SCHEDULED,I1_20270309_Como_Cagliari
2027-03-09,20:45,I1,Fiorentina,Roma,,,SCHEDULED,I1_20270309_Fiorentina_Roma
2027-03-09,20:45,I1,Inter,Venezia,,,SCHEDULED,I1_20270309_Inter_Venezia
2027-03-09,20:45,I1,Juventus,Frosinone,,,SCHEDULED,I1_20270309_Juventus_Frosinone
2027-03-09,20:45,I1,Lazio,Udinese,,,SCHEDULED,I1_20270309_Lazio_Udinese
2027-03-09,20:45,I1,Monza,Bologna,,,SCHEDULED,I1_20270309_Monza_Bologna
2027-03-09,20:45,I1,Napoli,Genoa,,,SCHEDULED,I1_20270309_Napoli_Genoa
2027-03-09,20:45,I1,Parma,Milan,,,SCHEDULED,I1_20270309_Parma_Milan
2027-03-09,20:45,I1,Sassuolo,Lecce,,,SCHEDULED,I1_20270309_Sassuolo_Lecce
2027-03-09,20:45,I1,Torino,Atalanta,,,SCHEDULED,I1_20270309_Torino_Atalanta
2027-03-09,20:45,I2,Arezzo,Avellino,,,SCHEDULED,I2_20270309_Arezzo_Avellino
2027-03-09,20:45,I2,Carrarese,Sampdoria,,,SCHEDULED,I2_20270309_Carrarese_Sampdoria
2027-03-09,20:45,I2,Catanzaro,Virtus Entella,,,SCHEDULED,I2_20270309_Catanzaro_Virtus_Entella
2027-03-09,20:45,I2,Cremonese,Padova,,,SCHEDULED,I2_20270309_Cremonese_Padova
2027-03-09,20:45,I2,Empoli,Sudtirol,,,SCHEDULED,I2_20270309_Empoli_Sudtirol
2027-03-09,20:45,I2,Juve Stabia,Mantova,,,SCHEDULED,I2_20270309_Juve_Stabia_Mantova
2027-03-09,20:45,I2,Modena,Cesena,,,SCHEDULED,I2_20270309_Modena_Cesena
2027-03-09,20:45,I2,Palermo,Benevento,,,SCHEDULED,I2_20270309_Palermo_Benevento
2027-03-09,20:45,I2,Verona,Pisa,,,SCHEDULED,I2_20270309_Verona_Pisa
2027-03-09,20:45,I2,Vicenza,Ascoli,,,SCHEDULED,I2_20270309_Vicenza_Ascoli
2027-03-12,20:00,AUT,Sturm Graz,Salzburg,,,SCHEDULED,AUT_20270312_Sturm_Graz_Salzburg
2027-03-12,20:00,B1,Waregem,Antwerp,,,SCHEDULED,B1_20270312_Waregem_Antwerp
2027-03-12,20:00,DNK,Midtjylland,Brondby,,,SCHEDULED,DNK_20270312_Midtjylland_Brondby
2027-03-12,20:00,E3,Gillingham,Accrington,,,SCHEDULED,E3_20270312_Gillingham_Accrington
2027-03-12,20:00,G1,Iraklis,Volos NFC,,,SCHEDULED,G1_20270312_Iraklis_Volos_NFC
2027-03-12,20:00,N1,PSV Eindhoven,Heerenveen,,,SCHEDULED,N1_20270312_PSV_Eindhoven_Heerenveen
2027-03-12,20:00,P1,Casa Pia,Gil Vicente,,,SCHEDULED,P1_20270312_Casa_Pia_Gil_Vicente
2027-03-12,20:00,POL,Wisla,Gornik Zabrze,,,SCHEDULED,POL_20270312_Wisla_Gornik_Zabrze
2027-03-12,20:00,ROU,FC Arges,UTA Arad,,,SCHEDULED,ROU_20270312_FC_Arges_UTA_Arad
2027-03-12,20:00,SWZ,Servette,Grasshoppers,,,SCHEDULED,SWZ_20270312_Servette_Grasshoppers
2027-03-12,20:00,T1,Erzurumspor,Amedspor,,,SCHEDULED,T1_20270312_Erzurumspor_Amedspor
2027-03-12,20:30,D1,Freiburg,Union Berlin,,,SCHEDULED,D1_20270312_Freiburg_Union_Berlin
2027-03-12,20:30,D2,Osnabruck,St Pauli,,,SCHEDULED,D2_20270312_Osnabruck_St_Pauli
2027-03-12,20:45,F1,Lens,Monaco,,,SCHEDULED,F1_20270312_Lens_Monaco
2027-03-12,20:45,F2,Nancy,Pau FC,,,SCHEDULED,F2_20270312_Nancy_Pau_FC
2027-03-12,20:45,I1,Sassuolo,Atalanta,,,SCHEDULED,I1_20270312_Sassuolo_Atalanta
2027-03-12,20:45,I2,Catanzaro,Ascoli,,,SCHEDULED,I2_20270312_Catanzaro_Ascoli
2027-03-12,21:00,SP1,Vallecano,Malaga,,,SCHEDULED,SP1_20270312_Vallecano_Malaga
2027-03-12,21:00,SP2,Andorra,Mallorca,,,SCHEDULED,SP2_20270312_Andorra_Mallorca
2027-03-12,21:00,USA,Nashville SC,Inter Miami,,,SCHEDULED,USA_20270312_Nashville_SC_Inter_Miami
2027-03-12,21:00,USA,Portland Timbers,Minnesota United,,,SCHEDULED,USA_20270312_Portland_Timbers_Minnesota_United
2027-03-13,14:00,JPN,Chiba,Shimizu S-Pulse,,,SCHEDULED,JPN_20270313_Chiba_Shimizu_S_Pulse
2027-03-13,14:00,JPN,FC Tokyo,Nagoya Grampus,,,SCHEDULED,JPN_20270313_FC_Tokyo_Nagoya_Grampus
2027-03-13,14:00,JPN,Machida,Okayama,,,SCHEDULED,JPN_20270313_Machida_Okayama
2027-03-13,14:00,SP1,Ath Bilbao,Levante,,,SCHEDULED,SP1_20270313_Ath_Bilbao_Levante
2027-03-13,14:00,SP1,Barcelona,Valencia,,,SCHEDULED,SP1_20270313_Barcelona_Valencia
2027-03-13,14:00,SP2,Girona,Almeria,,,SCHEDULED,SP2_20270313_Girona_Almeria
2027-03-13,14:00,SP2,Leganes,Albacete,,,SCHEDULED,SP2_20270313_Leganes_Albacete
2027-03-13,15:00,E0,Aston Villa,Hull,,,SCHEDULED,E0_20270313_Aston_Villa_Hull
2027-03-13,15:00,E0,Bournemouth,Newcastle,,,SCHEDULED,E0_20270313_Bournemouth_Newcastle
2027-03-13,15:00,E0,Chelsea,Arsenal,,,SCHEDULED,E0_20270313_Chelsea_Arsenal
2027-03-13,15:00,E0,Coventry,Man City,,,SCHEDULED,E0_20270313_Coventry_Man_City
2027-03-13,15:00,E0,Crystal Palace,Fulham,,,SCHEDULED,E0_20270313_Crystal_Palace_Fulham
2027-03-13,15:00,E0,Leeds,Brighton,,,SCHEDULED,E0_20270313_Leeds_Brighton
2027-03-13,15:00,E0,Liverpool,Ipswich,,,SCHEDULED,E0_20270313_Liverpool_Ipswich
2027-03-13,15:00,E0,Man United,Everton,,,SCHEDULED,E0_20270313_Man_United_Everton
2027-03-13,15:00,E0,Sunderland,Brentford,,,SCHEDULED,E0_20270313_Sunderland_Brentford
2027-03-13,15:00,E0,Tottenham,Nott'm Forest,,,SCHEDULED,E0_20270313_Tottenham_Nott_m_Forest
2027-03-13,15:00,E3,Bristol Rvs,Grimsby,,,SCHEDULED,E3_20270313_Bristol_Rvs_Grimsby
2027-03-13,15:00,E3,Chesterfield,Oldham,,,SCHEDULED,E3_20270313_Chesterfield_Oldham
2027-03-13,15:00,E3,Exeter,Cheltenham,,,SCHEDULED,E3_20270313_Exeter_Cheltenham
2027-03-13,15:00,E3,Fleetwood Town,Newport County,,,SCHEDULED,E3_20270313_Fleetwood_Town_Newport_County
2027-03-13,15:00,E3,Rochdale,Swindon,,,SCHEDULED,E3_20270313_Rochdale_Swindon
2027-03-13,15:00,E3,Rotherham,York,,,SCHEDULED,E3_20270313_Rotherham_York
2027-03-13,15:00,E3,Tranmere,Port Vale,,,SCHEDULED,E3_20270313_Tranmere_Port_Vale
2027-03-13,15:00,E3,Walsall,Shrewsbury,,,SCHEDULED,E3_20270313_Walsall_Shrewsbury
2027-03-13,15:00,I1,Juventus,Como,,,SCHEDULED,I1_20270313_Juventus_Como
2027-03-13,15:00,I1,Napoli,Udinese,,,SCHEDULED,I1_20270313_Napoli_Udinese
2027-03-13,15:00,I2,Juve Stabia,Empoli,,,SCHEDULED,I2_20270313_Juve_Stabia_Empoli
2027-03-13,15:00,I2,Modena,Pisa,,,SCHEDULED,I2_20270313_Modena_Pisa
2027-03-13,15:00,SC0,Kilmarnock,Hibernian,,,SCHEDULED,SC0_20270313_Kilmarnock_Hibernian
2027-03-13,15:00,SC0,Motherwell,Dundee,,,SCHEDULED,SC0_20270313_Motherwell_Dundee
2027-03-13,15:00,SC0,Rangers,Hearts,,,SCHEDULED,SC0_20270313_Rangers_Hearts
2027-03-13,15:00,SC0,St Mirren,Dundee United,,,SCHEDULED,SC0_20270313_St_Mirren_Dundee_United
2027-03-13,15:30,D1,Elversberg,Hamburg,,,SCHEDULED,D1_20270313_Elversberg_Hamburg
2027-03-13,15:30,D1,Paderborn,Dortmund,,,SCHEDULED,D1_20270313_Paderborn_Dortmund
2027-03-13,15:30,D1,Schalke 04,Bayern Munich,,,SCHEDULED,D1_20270313_Schalke_04_Bayern_Munich
2027-03-13,15:30,D1,Stuttgart,FC Koln,,,SCHEDULED,D1_20270313_Stuttgart_FC_Koln
2027-03-13,15:30,D1,Werder Bremen,Ein Frankfurt,,,SCHEDULED,D1_20270313_Werder_Bremen_Ein_Frankfurt
2027-03-13,15:30,D2,Bielefeld,Hertha,,,SCHEDULED,D2_20270313_Bielefeld_Hertha
2027-03-13,15:30,D2,Bochum,Wolfsburg,,,SCHEDULED,D2_20270313_Bochum_Wolfsburg
2027-03-13,15:30,D2,Darmstadt,Hannover,,,SCHEDULED,D2_20270313_Darmstadt_Hannover
2027-03-13,15:30,D2,Karlsruhe,Nurnberg,,,SCHEDULED,D2_20270313_Karlsruhe_Nurnberg
2027-03-13,15:30,D2,Magdeburg,Kaiserslautern,,,SCHEDULED,D2_20270313_Magdeburg_Kaiserslautern
2027-03-13,16:00,E1,Bolton,Birmingham,,,SCHEDULED,E1_20270313_Bolton_Birmingham
2027-03-13,16:00,E1,Bristol City,West Brom,,,SCHEDULED,E1_20270313_Bristol_City_West_Brom
2027-03-13,16:00,E1,Burnley,Millwall,,,SCHEDULED,E1_20270313_Burnley_Millwall
2027-03-13,16:00,E1,Cardiff,Swansea,,,SCHEDULED,E1_20270313_Cardiff_Swansea
2027-03-13,16:00,E1,Charlton,Blackburn,,,SCHEDULED,E1_20270313_Charlton_Blackburn
2027-03-13,16:00,E1,Middlesbrough,Southampton,,,SCHEDULED,E1_20270313_Middlesbrough_Southampton
2027-03-13,16:00,E1,Norwich,Preston,,,SCHEDULED,E1_20270313_Norwich_Preston
2027-03-13,16:00,E1,Portsmouth,Wrexham,,,SCHEDULED,E1_20270313_Portsmouth_Wrexham
2027-03-13,16:00,E1,Sheffield United,QPR,,,SCHEDULED,E1_20270313_Sheffield_United_QPR
2027-03-13,16:00,E1,Stoke,West Ham,,,SCHEDULED,E1_20270313_Stoke_West_Ham
2027-03-13,16:00,E1,Watford,Derby,,,SCHEDULED,E1_20270313_Watford_Derby
2027-03-13,16:00,E1,Wolves,Lincoln,,,SCHEDULED,E1_20270313_Wolves_Lincoln
2027-03-13,16:00,E2,Barnsley,Doncaster,,,SCHEDULED,E2_20270313_Barnsley_Doncaster
2027-03-13,16:00,E2,Blackpool,Stockport,,,SCHEDULED,E2_20270313_Blackpool_Stockport
2027-03-13,16:00,E2,Bradford,Sheffield Weds,,,SCHEDULED,E2_20270313_Bradford_Sheffield_Weds
2027-03-13,16:00,E2,Burton,Leicester,,,SCHEDULED,E2_20270313_Burton_Leicester
2027-03-13,16:00,E2,Cambridge,Bromley,,,SCHEDULED,E2_20270313_Cambridge_Bromley
2027-03-13,16:00,E2,Huddersfield,Milton Keynes Dons,,,SCHEDULED,E2_20270313_Huddersfield_Milton_Keynes_Dons
2027-03-13,16:00,E2,Leyton Orient,Wigan,,,SCHEDULED,E2_20270313_Leyton_Orient_Wigan
2027-03-13,16:00,E2,Mansfield,Peterboro,,,SCHEDULED,E2_20270313_Mansfield_Peterboro
2027-03-13,16:00,E2,Notts County,Luton,,,SCHEDULED,E2_20270313_Notts_County_Luton
2027-03-13,16:00,E2,Oxford,Stevenage,,,SCHEDULED,E2_20270313_Oxford_Stevenage
2027-03-13,16:00,E2,Plymouth,Wycombe,,,SCHEDULED,E2_20270313_Plymouth_Wycombe
2027-03-13,16:00,E2,Reading,AFC Wimbledon,,,SCHEDULED,E2_20270313_Reading_AFC_Wimbledon
2027-03-13,16:00,JPN,Sanfrecce Hiroshima,Verdy,,,SCHEDULED,JPN_20270313_Sanfrecce_Hiroshima_Verdy
2027-03-13,16:00,JPN,V-Varen Nagasaki,Yokohama F. Marinos,,,SCHEDULED,JPN_20270313_V_Varen_Nagasaki_Yokohama_F_Marinos
2027-03-13,16:15,SP1,Elche,Alaves,,,SCHEDULED,SP1_20270313_Elche_Alaves
2027-03-13,16:15,SP2,Castellon,Las Palmas,,,SCHEDULED,SP2_20270313_Castellon_Las_Palmas
2027-03-13,16:15,SP2,Cordoba,Eldense,,,SCHEDULED,SP2_20270313_Cordoba_Eldense
2027-03-13,17:00,F1,Paris FC,Brest,,,SCHEDULED,F1_20270313_Paris_FC_Brest
2027-03-13,17:00,F1,Toulouse,Troyes,,,SCHEDULED,F1_20270313_Toulouse_Troyes
2027-03-13,17:00,F2,Boulogne,Grenoble,,,SCHEDULED,F2_20270313_Boulogne_Grenoble
2027-03-13,17:00,F2,Metz,Sochaux,,,SCHEDULED,F2_20270313_Metz_Sochaux
2027-03-13,17:30,E3,Colchester,Crawley Town,,,SCHEDULED,E3_20270313_Colchester_Crawley_Town
2027-03-13,17:30,SC0,St Johnstone,Aberdeen,,,SCHEDULED,SC0_20270313_St_Johnstone_Aberdeen
2027-03-13,18:00,AUT,Grazer AK,Tirol,,,SCHEDULED,AUT_20270313_Grazer_AK_Tirol
2027-03-13,18:00,B1,Gent,Cercle Brugge,,,SCHEDULED,B1_20270313_Gent_Cercle_Brugge
2027-03-13,18:00,B1,Lommel SK,St Truiden,,,SCHEDULED,B1_20270313_Lommel_SK_St_Truiden
2027-03-13,18:00,B1,Westerlo,Genk,,,SCHEDULED,B1_20270313_Westerlo_Genk
2027-03-13,18:00,DNK,Aarhus,Horsens,,,SCHEDULED,DNK_20270313_Aarhus_Horsens
2027-03-13,18:00,G1,Asteras Tripolis,OFI Crete,,,SCHEDULED,G1_20270313_Asteras_Tripolis_OFI_Crete
2027-03-13,18:00,G1,PAOK,Aris,,,SCHEDULED,G1_20270313_PAOK_Aris
2027-03-13,18:00,I1,Cagliari,Milan,,,SCHEDULED,I1_20270313_Cagliari_Milan
2027-03-13,18:00,I1,Torino,Genoa,,,SCHEDULED,I1_20270313_Torino_Genoa
2027-03-13,18:00,I2,Sudtirol,Padova,,,SCHEDULED,I2_20270313_Sudtirol_Padova
2027-03-13,18:00,I2,Vicenza,Cesena,,,SCHEDULED,I2_20270313_Vicenza_Cesena
2027-03-13,18:00,N1,Cambuur,Feyenoord,,,SCHEDULED,N1_20270313_Cambuur_Feyenoord
2027-03-13,18:00,N1,Telstar,Excelsior,,,SCHEDULED,N1_20270313_Telstar_Excelsior
2027-03-13,18:00,N1,Utrecht,For Sittard,,,SCHEDULED,N1_20270313_Utrecht_For_Sittard
2027-03-13,18:00,P1,Moreirense,Maritimo,,,SCHEDULED,P1_20270313_Moreirense_Maritimo
2027-03-13,18:00,P1,Santa Clara,Estrela,,,SCHEDULED,P1_20270313_Santa_Clara_Estrela
2027-03-13,18:00,P1,Sp Braga,Nacional,,,SCHEDULED,P1_20270313_Sp_Braga_Nacional
2027-03-13,18:00,POL,Piast Gliwice,Wisla Plock,,,SCHEDULED,POL_20270313_Piast_Gliwice_Wisla_Plock
2027-03-13,18:00,POL,Pogon Szczecin,Legia,,,SCHEDULED,POL_20270313_Pogon_Szczecin_Legia
2027-03-13,18:00,POL,Slask Wroclaw,Lech Poznan,,,SCHEDULED,POL_20270313_Slask_Wroclaw_Lech_Poznan
2027-03-13,18:00,ROU,FC Voluntari,Corvinul,,,SCHEDULED,ROU_20270313_FC_Voluntari_Corvinul
2027-03-13,18:00,ROU,Petrolul,CFR Cluj,,,SCHEDULED,ROU_20270313_Petrolul_CFR_Cluj
2027-03-13,18:00,SWZ,Young Boys,Vaduz,,,SCHEDULED,SWZ_20270313_Young_Boys_Vaduz
2027-03-13,18:00,T1,Eyupspor,Alanyaspor,,,SCHEDULED,T1_20270313_Eyupspor_Alanyaspor
2027-03-13,18:00,T1,Kasimpasa,Genclerbirligi,,,SCHEDULED,T1_20270313_Kasimpasa_Genclerbirligi
2027-03-13,18:00,T1,Kocaelispor,Corum,,,SCHEDULED,T1_20270313_Kocaelispor_Corum
2027-03-13,18:30,D1,Augsburg,Hoffenheim,,,SCHEDULED,D1_20270313_Augsburg_Hoffenheim
2027-03-13,18:30,D2,Braunschweig,Dresden,,,SCHEDULED,D2_20270313_Braunschweig_Dresden
2027-03-13,18:30,SP1,Espanol,Ath Madrid,,,SCHEDULED,SP1_20270313_Espanol_Ath_Madrid
2027-03-13,18:30,SP2,Celta B,Cadiz,,,SCHEDULED,SP2_20270313_Celta_B_Cadiz
2027-03-13,19:30,USA,Austin FC,Houston Dynamo,,,SCHEDULED,USA_20270313_Austin_FC_Houston_Dynamo
2027-03-13,19:30,USA,Columbus Crew,Philadelphia Union,,,SCHEDULED,USA_20270313_Columbus_Crew_Philadelphia_Union
2027-03-13,19:30,USA,FC Dallas,Seattle Sounders,,,SCHEDULED,USA_20270313_FC_Dallas_Seattle_Sounders
2027-03-13,19:30,USA,Orlando City,New York City,,,SCHEDULED,USA_20270313_Orlando_City_New_York_City
2027-03-13,20:45,AUT,Hartberg,Altach,,,SCHEDULED,AUT_20270313_Hartberg_Altach
2027-03-13,20:45,B1,RAAL La Louviere,Club Brugge,,,SCHEDULED,B1_20270313_RAAL_La_Louviere_Club_Brugge
2027-03-13,20:45,DNK,Odense,Viborg,,,SCHEDULED,DNK_20270313_Odense_Viborg
2027-03-13,20:45,G1,Panathinaikos,Kalamata,,,SCHEDULED,G1_20270313_Panathinaikos_Kalamata
2027-03-13,20:45,I1,Monza,Frosinone,,,SCHEDULED,I1_20270313_Monza_Frosinone
2027-03-13,20:45,I2,Arezzo,Mantova,,,SCHEDULED,I2_20270313_Arezzo_Mantova
2027-03-13,20:45,N1,Nijmegen,Den Haag,,,SCHEDULED,N1_20270313_Nijmegen_Den_Haag
2027-03-13,20:45,P1,Estoril,Alverca,,,SCHEDULED,P1_20270313_Estoril_Alverca
2027-03-13,20:45,POL,Cracovia,Rakow,,,SCHEDULED,POL_20270313_Cracovia_Rakow
2027-03-13,20:45,ROU,FC Botosani,Dinamo Bucuresti,,,SCHEDULED,ROU_20270313_FC_Botosani_Dinamo_Bucuresti
2027-03-13,20:45,SWZ,Thun,Lugano,,,SCHEDULED,SWZ_20270313_Thun_Lugano
2027-03-13,20:45,T1,Besiktas,Galatasaray,,,SCHEDULED,T1_20270313_Besiktas_Galatasaray
2027-03-13,21:00,F1,Lyon,Rennes,,,SCHEDULED,F1_20270313_Lyon_Rennes
2027-03-13,21:00,F2,Montpellier,Dijon,,,SCHEDULED,F2_20270313_Montpellier_Dijon
2027-03-13,21:00,SP1,Betis,Sevilla,,,SCHEDULED,SP1_20270313_Betis_Sevilla
2027-03-13,21:00,SP2,Valladolid,Sabadell,,,SCHEDULED,SP2_20270313_Valladolid_Sabadell
2027-03-13,21:00,USA,CF Montreal,Charlotte,,,SCHEDULED,USA_20270313_CF_Montreal_Charlotte
2027-03-13,21:00,USA,San Diego FC,Los Angeles FC,,,SCHEDULED,USA_20270313_San_Diego_FC_Los_Angeles_FC
2027-03-14,12:30,I1,Parma,Roma,,,SCHEDULED,I1_20270314_Parma_Roma
2027-03-14,12:30,I2,Cremonese,Benevento,,,SCHEDULED,I2_20270314_Cremonese_Benevento
2027-03-14,14:00,E3,Crewe,Northampton,,,SCHEDULED,E3_20270314_Crewe_Northampton
2027-03-14,14:00,JPN,Cerezo Osaka,Avispa Fukuoka,,,SCHEDULED,JPN_20270314_Cerezo_Osaka_Avispa_Fukuoka
2027-03-14,14:00,JPN,Kashiwa Reysol,Urawa Reds,,,SCHEDULED,JPN_20270314_Kashiwa_Reysol_Urawa_Reds
2027-03-14,14:00,JPN,Vissel Kobe,Kashima Antlers,,,SCHEDULED,JPN_20270314_Vissel_Kobe_Kashima_Antlers
2027-03-14,14:00,SC0,Celtic,Falkirk,,,SCHEDULED,SC0_20270314_Celtic_Falkirk
2027-03-14,14:00,SP1,Celta,Osasuna,,,SCHEDULED,SP1_20270314_Celta_Osasuna
2027-03-14,14:00,SP2,Tenerife,Burgos,,,SCHEDULED,SP2_20270314_Tenerife_Burgos
2027-03-14,14:30,AUT,LASK,Wolfsberger AC,,,SCHEDULED,AUT_20270314_LASK_Wolfsberger_AC
2027-03-14,14:30,B1,Charleroi,Oud-Heverlee Leuven,,,SCHEDULED,B1_20270314_Charleroi_Oud_Heverlee_Leuven
2027-03-14,14:30,B1,Mechelen,Standard,,,SCHEDULED,B1_20270314_Mechelen_Standard
2027-03-14,14:30,DNK,Sonderjyske,Randers FC,,,SCHEDULED,DNK_20270314_Sonderjyske_Randers_FC
2027-03-14,14:30,G1,Panetolikos,Atromitos,,,SCHEDULED,G1_20270314_Panetolikos_Atromitos
2027-03-14,14:30,N1,AZ Alkmaar,Ajax,,,SCHEDULED,N1_20270314_AZ_Alkmaar_Ajax
2027-03-14,14:30,N1,Zwolle,Willem II,,,SCHEDULED,N1_20270314_Zwolle_Willem_II
2027-03-14,14:30,P1,Academico Viseu,Porto,,,SCHEDULED,P1_20270314_Academico_Viseu_Porto
2027-03-14,14:30,P1,Guimaraes,Benfica,,,SCHEDULED,P1_20270314_Guimaraes_Benfica
2027-03-14,14:30,POL,GKS Katowice,Widzew Lodz,,,SCHEDULED,POL_20270314_GKS_Katowice_Widzew_Lodz
2027-03-14,14:30,POL,Zaglebie,Jagiellonia,,,SCHEDULED,POL_20270314_Zaglebie_Jagiellonia
2027-03-14,14:30,ROU,FCSB,Farul Constanta,,,SCHEDULED,ROU_20270314_FCSB_Farul_Constanta
2027-03-14,14:30,ROU,Univ. Craiova,Csikszereda M. Ciuc,,,SCHEDULED,ROU_20270314_Univ_Craiova_Csikszereda_M_Ciuc
2027-03-14,14:30,SWZ,St. Gallen,Sion,,,SCHEDULED,SWZ_20270314_St_Gallen_Sion
2027-03-14,14:30,T1,Rizespor,Fenerbahce,,,SCHEDULED,T1_20270314_Rizespor_Fenerbahce
2027-03-14,14:30,T1,Samsunspor,Gaziantep,,,SCHEDULED,T1_20270314_Samsunspor_Gaziantep
2027-03-14,15:00,F1,Auxerre,Le Mans,,,SCHEDULED,F1_20270314_Auxerre_Le_Mans
2027-03-14,15:00,F1,Paris SG,Nice,,,SCHEDULED,F1_20270314_Paris_SG_Nice
2027-03-14,15:00,F1,Strasbourg,Le Havre,,,SCHEDULED,F1_20270314_Strasbourg_Le_Havre
2027-03-14,15:00,F2,Guingamp,Nantes,,,SCHEDULED,F2_20270314_Guingamp_Nantes
2027-03-14,15:00,F2,Laval,Reims,,,SCHEDULED,F2_20270314_Laval_Reims
2027-03-14,15:00,F2,St Etienne,Annecy,,,SCHEDULED,F2_20270314_St_Etienne_Annecy
2027-03-14,15:00,I1,Inter,Bologna,,,SCHEDULED,I1_20270314_Inter_Bologna
2027-03-14,15:00,I2,Carrarese,Avellino,,,SCHEDULED,I2_20270314_Carrarese_Avellino
2027-03-14,15:30,D1,RB Leipzig,Leverkusen,,,SCHEDULED,D1_20270314_RB_Leipzig_Leverkusen
2027-03-14,15:30,D2,Heidenheim,Greuther Furth,,,SCHEDULED,D2_20270314_Heidenheim_Greuther_Furth
2027-03-14,16:00,JPN,Kyoto,Gamba Osaka,,,SCHEDULED,JPN_20270314_Kyoto_Gamba_Osaka
2027-03-14,16:00,JPN,Mito,Kawasaki Frontale,,,SCHEDULED,JPN_20270314_Mito_Kawasaki_Frontale
2027-03-14,16:00,USA,Colorado Rapids,St. Louis City,,,SCHEDULED,USA_20270314_Colorado_Rapids_St_Louis_City
2027-03-14,16:00,USA,DC United,Chicago Fire,,,SCHEDULED,USA_20270314_DC_United_Chicago_Fire
2027-03-14,16:15,SP1,Santander,Villarreal,,,SCHEDULED,SP1_20270314_Santander_Villarreal
2027-03-14,16:15,SP2,Sp Gijon,Eibar,,,SCHEDULED,SP2_20270314_Sp_Gijon_Eibar
2027-03-14,16:30,AUT,SK Rapid,Austria Vienna,,,SCHEDULED,AUT_20270314_SK_Rapid_Austria_Vienna
2027-03-14,16:30,B1,Anderlecht,St. Gilloise,,,SCHEDULED,B1_20270314_Anderlecht_St_Gilloise
2027-03-14,16:30,DNK,Silkeborg,Lyngby,,,SCHEDULED,DNK_20270314_Silkeborg_Lyngby
2027-03-14,16:30,E3,Salford,Barnet,,,SCHEDULED,E3_20270314_Salford_Barnet
2027-03-14,16:30,G1,AEK,Olympiakos,,,SCHEDULED,G1_20270314_AEK_Olympiakos
2027-03-14,16:30,N1,Twente,Groningen,,,SCHEDULED,N1_20270314_Twente_Groningen
2027-03-14,16:30,P1,Rio Ave,Sp Lisbon,,,SCHEDULED,P1_20270314_Rio_Ave_Sp_Lisbon
2027-03-14,16:30,POL,Korona Kielce,Radomiak Radom,,,SCHEDULED,POL_20270314_Korona_Kielce_Radomiak_Radom
2027-03-14,16:30,ROU,Otelul,Sepsi Sf. Gheorghe,,,SCHEDULED,ROU_20270314_Otelul_Sepsi_Sf_Gheorghe
2027-03-14,16:30,SWZ,Lausanne,Zurich,,,SCHEDULED,SWZ_20270314_Lausanne_Zurich
2027-03-14,16:30,T1,Konyaspor,Goztep,,,SCHEDULED,T1_20270314_Konyaspor_Goztep
2027-03-14,17:15,F1,Angers,Marseille,,,SCHEDULED,F1_20270314_Angers_Marseille
2027-03-14,17:15,F2,Clermont,Dunkerque,,,SCHEDULED,F2_20270314_Clermont_Dunkerque
2027-03-14,17:30,D1,M'gladbach,Mainz,,,SCHEDULED,D1_20270314_M_gladbach_Mainz
2027-03-14,17:30,D2,Cottbus,Holstein Kiel,,,SCHEDULED,D2_20270314_Cottbus_Holstein_Kiel
2027-03-14,18:00,I1,Fiorentina,Lecce,,,SCHEDULED,I1_20270314_Fiorentina_Lecce
2027-03-14,18:00,I2,Palermo,Virtus Entella,,,SCHEDULED,I2_20270314_Palermo_Virtus_Entella
2027-03-14,18:30,AUT,A. Lustenau,Ried,,,SCHEDULED,AUT_20270314_A_Lustenau_Ried
2027-03-14,18:30,B1,Kortrijk,Beveren,,,SCHEDULED,B1_20270314_Kortrijk_Beveren
2027-03-14,18:30,DNK,Nordsjaelland,FC Copenhagen,,,SCHEDULED,DNK_20270314_Nordsjaelland_FC_Copenhagen
2027-03-14,18:30,G1,Kifisia,Levadeiakos,,,SCHEDULED,G1_20270314_Kifisia_Levadeiakos
2027-03-14,18:30,N1,Sparta Rotterdam,Go Ahead Eagles,,,SCHEDULED,N1_20270314_Sparta_Rotterdam_Go_Ahead_Eagles
2027-03-14,18:30,P1,Arouca,Famalicao,,,SCHEDULED,P1_20270314_Arouca_Famalicao
2027-03-14,18:30,POL,Wieczysta Krakow,Motor Lublin,,,SCHEDULED,POL_20270314_Wieczysta_Krakow_Motor_Lublin
2027-03-14,18:30,ROU,U. Cluj,FC Rapid Bucuresti,,,SCHEDULED,ROU_20270314_U_Cluj_FC_Rapid_Bucuresti
2027-03-14,18:30,SP1,Real Madrid,Getafe,,,SCHEDULED,SP1_20270314_Real_Madrid_Getafe
2027-03-14,18:30,SP2,Ceuta,Granada,,,SCHEDULED,SP2_20270314_Ceuta_Granada
2027-03-14,18:30,SWZ,Luzern,Basel,,,SCHEDULED,SWZ_20270314_Luzern_Basel
2027-03-14,18:30,T1,Buyuksehyr,Trabzonspor,,,SCHEDULED,T1_20270314_Buyuksehyr_Trabzonspor
2027-03-14,18:30,USA,Atlanta Utd,New England Revolution,,,SCHEDULED,USA_20270314_Atlanta_Utd_New_England_Revolution
2027-03-14,18:30,USA,San Jose Earthquakes,Los Angeles Galaxy,,,SCHEDULED,USA_20270314_San_Jose_Earthquakes_Los_Angeles_Galaxy
2027-03-14,20:45,F1,Lorient,Lille,,,SCHEDULED,F1_20270314_Lorient_Lille
2027-03-14,20:45,F2,Rodez,Red Star,,,SCHEDULED,F2_20270314_Rodez_Red_Star
2027-03-14,20:45,I1,Lazio,Venezia,,,SCHEDULED,I1_20270314_Lazio_Venezia
2027-03-14,20:45,I2,Verona,Sampdoria,,,SCHEDULED,I2_20270314_Verona_Sampdoria
2027-03-14,21:00,SP1,La Coruna,Sociedad,,,SCHEDULED,SP1_20270314_La_Coruna_Sociedad
2027-03-14,21:00,SP2,Oviedo,Sociedad B,,,SCHEDULED,SP2_20270314_Oviedo_Sociedad_B
2027-03-14,21:00,USA,Sporting Kansas City,Real Salt Lake,,,SCHEDULED,USA_20270314_Sporting_Kansas_City_Real_Salt_Lake
2027-03-14,21:00,USA,Toronto FC,New York Red Bulls,,,SCHEDULED,USA_20270314_Toronto_FC_New_York_Red_Bulls
2027-03-16,20:45,E1,Derby,Middlesbrough,,,SCHEDULED,E1_20270316_Derby_Middlesbrough
2027-03-16,20:45,E1,Lincoln,Cardiff,,,SCHEDULED,E1_20270316_Lincoln_Cardiff
2027-03-16,20:45,E1,Preston,Burnley,,,SCHEDULED,E1_20270316_Preston_Burnley
2027-03-16,20:45,E1,QPR,Stoke,,,SCHEDULED,E1_20270316_QPR_Stoke
2027-03-16,20:45,E1,Southampton,Wolves,,,SCHEDULED,E1_20270316_Southampton_Wolves
2027-03-16,20:45,E1,Swansea,Bristol City,,,SCHEDULED,E1_20270316_Swansea_Bristol_City
2027-03-16,20:45,E1,West Brom,Portsmouth,,,SCHEDULED,E1_20270316_West_Brom_Portsmouth
2027-03-16,20:45,E1,Wrexham,Norwich,,,SCHEDULED,E1_20270316_Wrexham_Norwich
2027-03-17,20:45,E1,Blackburn,Bolton,,,SCHEDULED,E1_20270317_Blackburn_Bolton
2027-03-17,20:45,E1,Millwall,Watford,,,SCHEDULED,E1_20270317_Millwall_Watford
2027-03-17,20:45,E1,West Ham,Sheffield United,,,SCHEDULED,E1_20270317_West_Ham_Sheffield_United
2027-03-17,21:00,E1,Birmingham,Charlton,,,SCHEDULED,E1_20270317_Birmingham_Charlton
2027-03-19,20:00,AUT,Ried,Salzburg,,,SCHEDULED,AUT_20270319_Ried_Salzburg
2027-03-19,20:00,B1,Kortrijk,St Truiden,,,SCHEDULED,B1_20270319_Kortrijk_St_Truiden
2027-03-19,20:00,DNK,FC Copenhagen,Brondby,,,SCHEDULED,DNK_20270319_FC_Copenhagen_Brondby
2027-03-19,20:00,E3,Salford,Port Vale,,,SCHEDULED,E3_20270319_Salford_Port_Vale
2027-03-19,20:00,G1,Kifisia,OFI Crete,,,SCHEDULED,G1_20270319_Kifisia_OFI_Crete
2027-03-19,20:00,N1,Sparta Rotterdam,Excelsior,,,SCHEDULED,N1_20270319_Sparta_Rotterdam_Excelsior
2027-03-19,20:00,P1,Arouca,Estrela,,,SCHEDULED,P1_20270319_Arouca_Estrela
2027-03-19,20:00,POL,Wieczysta Krakow,Legia,,,SCHEDULED,POL_20270319_Wieczysta_Krakow_Legia
2027-03-19,20:00,SWZ,Basel,Grasshoppers,,,SCHEDULED,SWZ_20270319_Basel_Grasshoppers
2027-03-19,20:00,T1,Eyupspor,Trabzonspor,,,SCHEDULED,T1_20270319_Eyupspor_Trabzonspor
2027-03-19,20:30,D1,M'gladbach,Union Berlin,,,SCHEDULED,D1_20270319_M_gladbach_Union_Berlin
2027-03-19,20:30,D2,Osnabruck,Holstein Kiel,,,SCHEDULED,D2_20270319_Osnabruck_Holstein_Kiel
2027-03-19,20:45,F1,Lorient,Le Mans,,,SCHEDULED,F1_20270319_Lorient_Le_Mans
2027-03-19,20:45,F2,Rodez,Nantes,,,SCHEDULED,F2_20270319_Rodez_Nantes
2027-03-19,20:45,I1,Napoli,Venezia,,,SCHEDULED,I1_20270319_Napoli_Venezia
2027-03-19,20:45,I2,Modena,Sampdoria,,,SCHEDULED,I2_20270319_Modena_Sampdoria
2027-03-19,21:00,SP1,La Coruna,Valencia,,,SCHEDULED,SP1_20270319_La_Coruna_Valencia
2027-03-19,21:00,SP2,Girona,Sociedad B,,,SCHEDULED,SP2_20270319_Girona_Sociedad_B
2027-03-19,21:00,USA,Nashville SC,FC Cincinnati,,,SCHEDULED,USA_20270319_Nashville_SC_FC_Cincinnati
2027-03-19,21:00,USA,Portland Timbers,Vancouver Whitecaps,,,SCHEDULED,USA_20270319_Portland_Timbers_Vancouver_Whitecaps
2027-03-20,14:00,JPN,Mito,Kashima Antlers,,,SCHEDULED,JPN_20270320_Mito_Kashima_Antlers
2027-03-20,14:00,JPN,Shimizu S-Pulse,Verdy,,,SCHEDULED,JPN_20270320_Shimizu_S_Pulse_Verdy
2027-03-20,14:00,JPN,Vissel Kobe,Yokohama F. Marinos,,,SCHEDULED,JPN_20270320_Vissel_Kobe_Yokohama_F_Marinos
2027-03-20,14:00,SP1,Barcelona,Malaga,,,SCHEDULED,SP1_20270320_Barcelona_Malaga
2027-03-20,14:00,SP1,Levante,Alaves,,,SCHEDULED,SP1_20270320_Levante_Alaves
2027-03-20,14:00,SP2,Andorra,Eldense,,,SCHEDULED,SP2_20270320_Andorra_Eldense
2027-03-20,14:00,SP2,Castellon,Leganes,,,SCHEDULED,SP2_20270320_Castellon_Leganes
2027-03-20,15:00,E0,Arsenal,Sunderland,,,SCHEDULED,E0_20270320_Arsenal_Sunderland
2027-03-20,15:00,E0,Brentford,Bournemouth,,,SCHEDULED,E0_20270320_Brentford_Bournemouth
2027-03-20,15:00,E0,Brighton,Coventry,,,SCHEDULED,E0_20270320_Brighton_Coventry
2027-03-20,15:00,E0,Everton,Tottenham,,,SCHEDULED,E0_20270320_Everton_Tottenham
2027-03-20,15:00,E0,Fulham,Liverpool,,,SCHEDULED,E0_20270320_Fulham_Liverpool
2027-03-20,15:00,E0,Hull,Chelsea,,,SCHEDULED,E0_20270320_Hull_Chelsea
2027-03-20,15:00,E0,Ipswich,Crystal Palace,,,SCHEDULED,E0_20270320_Ipswich_Crystal_Palace
2027-03-20,15:00,E0,Man City,Man United,,,SCHEDULED,E0_20270320_Man_City_Man_United
2027-03-20,15:00,E0,Newcastle,Leeds,,,SCHEDULED,E0_20270320_Newcastle_Leeds
2027-03-20,15:00,E0,Nott'm Forest,Aston Villa,,,SCHEDULED,E0_20270320_Nott_m_Forest_Aston_Villa
2027-03-20,15:00,E3,Bristol Rvs,Accrington,,,SCHEDULED,E3_20270320_Bristol_Rvs_Accrington
2027-03-20,15:00,E3,Chesterfield,Swindon,,,SCHEDULED,E3_20270320_Chesterfield_Swindon
2027-03-20,15:00,E3,Exeter,Shrewsbury,,,SCHEDULED,E3_20270320_Exeter_Shrewsbury
2027-03-20,15:00,E3,Newport County,York,,,SCHEDULED,E3_20270320_Newport_County_York
2027-03-20,15:00,E3,Rochdale,Fleetwood Town,,,SCHEDULED,E3_20270320_Rochdale_Fleetwood_Town
2027-03-20,15:00,E3,Rotherham,Northampton,,,SCHEDULED,E3_20270320_Rotherham_Northampton
2027-03-20,15:00,E3,Tranmere,Cheltenham,,,SCHEDULED,E3_20270320_Tranmere_Cheltenham
2027-03-20,15:00,E3,Walsall,Grimsby,,,SCHEDULED,E3_20270320_Walsall_Grimsby
2027-03-20,15:00,I1,Como,Milan,,,SCHEDULED,I1_20270320_Como_Milan
2027-03-20,15:00,I1,Sassuolo,Genoa,,,SCHEDULED,I1_20270320_Sassuolo_Genoa
2027-03-20,15:00,I2,Catanzaro,Cesena,,,SCHEDULED,I2_20270320_Catanzaro_Cesena
2027-03-20,15:00,I2,Empoli,Padova,,,SCHEDULED,I2_20270320_Empoli_Padova
2027-03-20,15:00,SC0,Dundee,Celtic,,,SCHEDULED,SC0_20270320_Dundee_Celtic
2027-03-20,15:00,SC0,Dundee United,Kilmarnock,,,SCHEDULED,SC0_20270320_Dundee_United_Kilmarnock
2027-03-20,15:00,SC0,Hearts,St Mirren,,,SCHEDULED,SC0_20270320_Hearts_St_Mirren
2027-03-20,15:00,SC0,Rangers,Motherwell,,,SCHEDULED,SC0_20270320_Rangers_Motherwell
2027-03-20,15:30,D1,Hamburg,Dortmund,,,SCHEDULED,D1_20270320_Hamburg_Dortmund
2027-03-20,15:30,D1,Paderborn,Bayern Munich,,,SCHEDULED,D1_20270320_Paderborn_Bayern_Munich
2027-03-20,15:30,D1,Schalke 04,Hoffenheim,,,SCHEDULED,D1_20270320_Schalke_04_Hoffenheim
2027-03-20,15:30,D1,Stuttgart,Ein Frankfurt,,,SCHEDULED,D1_20270320_Stuttgart_Ein_Frankfurt
2027-03-20,15:30,D1,Werder Bremen,Elversberg,,,SCHEDULED,D1_20270320_Werder_Bremen_Elversberg
2027-03-20,15:30,D2,Bochum,Hertha,,,SCHEDULED,D2_20270320_Bochum_Hertha
2027-03-20,15:30,D2,Braunschweig,Nurnberg,,,SCHEDULED,D2_20270320_Braunschweig_Nurnberg
2027-03-20,15:30,D2,Darmstadt,Magdeburg,,,SCHEDULED,D2_20270320_Darmstadt_Magdeburg
2027-03-20,15:30,D2,Kaiserslautern,Wolfsburg,,,SCHEDULED,D2_20270320_Kaiserslautern_Wolfsburg
2027-03-20,15:30,D2,Karlsruhe,Hannover,,,SCHEDULED,D2_20270320_Karlsruhe_Hannover
2027-03-20,16:00,E1,Birmingham,Blackburn,,,SCHEDULED,E1_20270320_Birmingham_Blackburn
2027-03-20,16:00,E1,Bristol City,QPR,,,SCHEDULED,E1_20270320_Bristol_City_QPR
2027-03-20,16:00,E1,Burnley,Bolton,,,SCHEDULED,E1_20270320_Burnley_Bolton
2027-03-20,16:00,E1,Derby,Preston,,,SCHEDULED,E1_20270320_Derby_Preston
2027-03-20,16:00,E1,Middlesbrough,Sheffield United,,,SCHEDULED,E1_20270320_Middlesbrough_Sheffield_United
2027-03-20,16:00,E1,Millwall,Cardiff,,,SCHEDULED,E1_20270320_Millwall_Cardiff
2027-03-20,16:00,E1,Norwich,West Ham,,,SCHEDULED,E1_20270320_Norwich_West_Ham
2027-03-20,16:00,E1,Southampton,Charlton,,,SCHEDULED,E1_20270320_Southampton_Charlton
2027-03-20,16:00,E1,Swansea,Wolves,,,SCHEDULED,E1_20270320_Swansea_Wolves
2027-03-20,16:00,E1,Watford,Portsmouth,,,SCHEDULED,E1_20270320_Watford_Portsmouth
2027-03-20,16:00,E1,West Brom,Lincoln,,,SCHEDULED,E1_20270320_West_Brom_Lincoln
2027-03-20,16:00,E1,Wrexham,Stoke,,,SCHEDULED,E1_20270320_Wrexham_Stoke
2027-03-20,16:00,E2,AFC Wimbledon,Leyton Orient,,,SCHEDULED,E2_20270320_AFC_Wimbledon_Leyton_Orient
2027-03-20,16:00,E2,Bromley,Reading,,,SCHEDULED,E2_20270320_Bromley_Reading
2027-03-20,16:00,E2,Doncaster,Bradford,,,SCHEDULED,E2_20270320_Doncaster_Bradford
2027-03-20,16:00,E2,Leicester,Huddersfield,,,SCHEDULED,E2_20270320_Leicester_Huddersfield
2027-03-20,16:00,E2,Luton,Burton,,,SCHEDULED,E2_20270320_Luton_Burton
2027-03-20,16:00,E2,Milton Keynes Dons,Mansfield,,,SCHEDULED,E2_20270320_Milton_Keynes_Dons_Mansfield
2027-03-20,16:00,E2,Peterboro,Plymouth,,,SCHEDULED,E2_20270320_Peterboro_Plymouth
2027-03-20,16:00,E2,Sheffield Weds,Barnsley,,,SCHEDULED,E2_20270320_Sheffield_Weds_Barnsley
2027-03-20,16:00,E2,Stevenage,Notts County,,,SCHEDULED,E2_20270320_Stevenage_Notts_County
2027-03-20,16:00,E2,Stockport,Cambridge,,,SCHEDULED,E2_20270320_Stockport_Cambridge
2027-03-20,16:00,E2,Wigan,Blackpool,,,SCHEDULED,E2_20270320_Wigan_Blackpool
2027-03-20,16:00,E2,Wycombe,Oxford,,,SCHEDULED,E2_20270320_Wycombe_Oxford
2027-03-20,16:00,JPN,Cerezo Osaka,Chiba,,,SCHEDULED,JPN_20270320_Cerezo_Osaka_Chiba
2027-03-20,16:00,JPN,Kashiwa Reysol,Okayama,,,SCHEDULED,JPN_20270320_Kashiwa_Reysol_Okayama
2027-03-20,16:15,SP1,Espanol,Ath Bilbao,,,SCHEDULED,SP1_20270320_Espanol_Ath_Bilbao
2027-03-20,16:15,SP2,Albacete,Cadiz,,,SCHEDULED,SP2_20270320_Albacete_Cadiz
2027-03-20,16:15,SP2,Cordoba,Almeria,,,SCHEDULED,SP2_20270320_Cordoba_Almeria
2027-03-20,17:00,F1,Auxerre,Le Havre,,,SCHEDULED,F1_20270320_Auxerre_Le_Havre
2027-03-20,17:00,F1,Lyon,Paris FC,,,SCHEDULED,F1_20270320_Lyon_Paris_FC
2027-03-20,17:00,F2,Guingamp,Reims,,,SCHEDULED,F2_20270320_Guingamp_Reims
2027-03-20,17:00,F2,Montpellier,Metz,,,SCHEDULED,F2_20270320_Montpellier_Metz
2027-03-20,17:30,E3,Crewe,Barnet,,,SCHEDULED,E3_20270320_Crewe_Barnet
2027-03-20,17:30,SC0,Falkirk,Aberdeen,,,SCHEDULED,SC0_20270320_Falkirk_Aberdeen
2027-03-20,18:00,AUT,Tirol,Hartberg,,,SCHEDULED,AUT_20270320_Tirol_Hartberg
2027-03-20,18:00,B1,Mechelen,Antwerp,,,SCHEDULED,B1_20270320_Mechelen_Antwerp
2027-03-20,18:00,B1,RAAL La Louviere,Gent,,,SCHEDULED,B1_20270320_RAAL_La_Louviere_Gent
2027-03-20,18:00,B1,Westerlo,Standard,,,SCHEDULED,B1_20270320_Westerlo_Standard
2027-03-20,18:00,DNK,Horsens,Odense,,,SCHEDULED,DNK_20270320_Horsens_Odense
2027-03-20,18:00,G1,Asteras Tripolis,Volos NFC,,,SCHEDULED,G1_20270320_Asteras_Tripolis_Volos_NFC
2027-03-20,18:00,G1,Panathinaikos,PAOK,,,SCHEDULED,G1_20270320_Panathinaikos_PAOK
2027-03-20,18:00,I1,Monza,Juventus,,,SCHEDULED,I1_20270320_Monza_Juventus
2027-03-20,18:00,I1,Torino,Udinese,,,SCHEDULED,I1_20270320_Torino_Udinese
2027-03-20,18:00,I2,Arezzo,Juve Stabia,,,SCHEDULED,I2_20270320_Arezzo_Juve_Stabia
2027-03-20,18:00,I2,Vicenza,Pisa,,,SCHEDULED,I2_20270320_Vicenza_Pisa
2027-03-20,18:00,N1,Nijmegen,Cambuur,,,SCHEDULED,N1_20270320_Nijmegen_Cambuur
2027-03-20,18:00,N1,Utrecht,Willem II,,,SCHEDULED,N1_20270320_Utrecht_Willem_II
2027-03-20,18:00,N1,Zwolle,Heerenveen,,,SCHEDULED,N1_20270320_Zwolle_Heerenveen
2027-03-20,18:00,P1,Academico Viseu,Gil Vicente,,,SCHEDULED,P1_20270320_Academico_Viseu_Gil_Vicente
2027-03-20,18:00,P1,Estoril,Sp Braga,,,SCHEDULED,P1_20270320_Estoril_Sp_Braga
2027-03-20,18:00,P1,Moreirense,Porto,,,SCHEDULED,P1_20270320_Moreirense_Porto
2027-03-20,18:00,POL,Cracovia,Piast Gliwice,,,SCHEDULED,POL_20270320_Cracovia_Piast_Gliwice
2027-03-20,18:00,POL,Slask Wroclaw,Jagiellonia,,,SCHEDULED,POL_20270320_Slask_Wroclaw_Jagiellonia
2027-03-20,18:00,POL,Zaglebie,Gornik Zabrze,,,SCHEDULED,POL_20270320_Zaglebie_Gornik_Zabrze
2027-03-20,18:00,SWZ,Vaduz,Thun,,,SCHEDULED,SWZ_20270320_Vaduz_Thun
2027-03-20,18:00,T1,Erzurumspor,Fenerbahce,,,SCHEDULED,T1_20270320_Erzurumspor_Fenerbahce
2027-03-20,18:00,T1,Genclerbirligi,Galatasaray,,,SCHEDULED,T1_20270320_Genclerbirligi_Galatasaray
2027-03-20,18:00,T1,Rizespor,Corum,,,SCHEDULED,T1_20270320_Rizespor_Corum
2027-03-20,18:30,D1,RB Leipzig,FC Koln,,,SCHEDULED,D1_20270320_RB_Leipzig_FC_Koln
2027-03-20,18:30,D2,Bielefeld,Greuther Furth,,,SCHEDULED,D2_20270320_Bielefeld_Greuther_Furth
2027-03-20,18:30,SP1,Elche,Sevilla,,,SCHEDULED,SP1_20270320_Elche_Sevilla
2027-03-20,18:30,SP2,Valladolid,Las Palmas,,,SCHEDULED,SP2_20270320_Valladolid_Las_Palmas
2027-03-20,19:30,USA,Colorado Rapids,Houston Dynamo,,,SCHEDULED,USA_20270320_Colorado_Rapids_Houston_Dynamo
2027-03-20,19:30,USA,DC United,Philadelphia Union,,,SCHEDULED,USA_20270320_DC_United_Philadelphia_Union
2027-03-20,19:30,USA,FC Dallas,Real Salt Lake,,,SCHEDULED,USA_20270320_FC_Dallas_Real_Salt_Lake
2027-03-20,19:30,USA,Orlando City,New York Red Bulls,,,SCHEDULED,USA_20270320_Orlando_City_New_York_Red_Bulls
2027-03-20,20:45,AUT,Grazer AK,LASK,,,SCHEDULED,AUT_20270320_Grazer_AK_LASK
2027-03-20,20:45,B1,Cercle Brugge,Oud-Heverlee Leuven,,,SCHEDULED,B1_20270320_Cercle_Brugge_Oud_Heverlee_Leuven
2027-03-20,20:45,DNK,Aarhus,Sonderjyske,,,SCHEDULED,DNK_20270320_Aarhus_Sonderjyske
2027-03-20,20:45,G1,Aris,Atromitos,,,SCHEDULED,G1_20270320_Aris_Atromitos
2027-03-20,20:45,I1,Cagliari,Roma,,,SCHEDULED,I1_20270320_Cagliari_Roma
2027-03-20,20:45,I2,Sudtirol,Benevento,,,SCHEDULED,I2_20270320_Sudtirol_Benevento
2027-03-20,20:45,N1,Feyenoord,Ajax,,,SCHEDULED,N1_20270320_Feyenoord_Ajax
2027-03-20,20:45,P1,Nacional,Benfica,,,SCHEDULED,P1_20270320_Nacional_Benfica
2027-03-20,20:45,POL,Wisla Plock,Widzew Lodz,,,SCHEDULED,POL_20270320_Wisla_Plock_Widzew_Lodz
2027-03-20,20:45,SWZ,Young Boys,St. Gallen,,,SCHEDULED,SWZ_20270320_Young_Boys_St_Gallen
2027-03-20,20:45,T1,Samsunspor,Kasimpasa,,,SCHEDULED,T1_20270320_Samsunspor_Kasimpasa
2027-03-20,21:00,F1,Brest,Nice,,,SCHEDULED,F1_20270320_Brest_Nice
2027-03-20,21:00,F2,Sochaux,Annecy,,,SCHEDULED,F2_20270320_Sochaux_Annecy
2027-03-20,21:00,SP1,Celta,Ath Madrid,,,SCHEDULED,SP1_20270320_Celta_Ath_Madrid
2027-03-20,21:00,SP2,Celta B,Burgos,,,SCHEDULED,SP2_20270320_Celta_B_Burgos
2027-03-20,21:00,USA,Austin FC,Los Angeles FC,,,SCHEDULED,USA_20270320_Austin_FC_Los_Angeles_FC
2027-03-20,21:00,USA,Columbus Crew,Charlotte,,,SCHEDULED,USA_20270320_Columbus_Crew_Charlotte
2027-03-21,12:30,I1,Inter,Frosinone,,,SCHEDULED,I1_20270321_Inter_Frosinone
2027-03-21,12:30,I2,Carrarese,Mantova,,,SCHEDULED,I2_20270321_Carrarese_Mantova
2027-03-21,14:00,E3,Colchester,Oldham,,,SCHEDULED,E3_20270321_Colchester_Oldham
2027-03-21,14:00,JPN,Machida,Nagoya Grampus,,,SCHEDULED,JPN_20270321_Machida_Nagoya_Grampus
2027-03-21,14:00,JPN,Sanfrecce Hiroshima,Kawasaki Frontale,,,SCHEDULED,JPN_20270321_Sanfrecce_Hiroshima_Kawasaki_Frontale
2027-03-21,14:00,JPN,V-Varen Nagasaki,Gamba Osaka,,,SCHEDULED,JPN_20270321_V_Varen_Nagasaki_Gamba_Osaka
2027-03-21,14:00,SC0,Hibernian,St Johnstone,,,SCHEDULED,SC0_20270321_Hibernian_St_Johnstone
2027-03-21,14:00,SP1,Betis,Villarreal,,,SCHEDULED,SP1_20270321_Betis_Villarreal
2027-03-21,14:00,SP2,Sp Gijon,Sabadell,,,SCHEDULED,SP2_20270321_Sp_Gijon_Sabadell
2027-03-21,14:30,AUT,Altach,SK Rapid,,,SCHEDULED,AUT_20270321_Altach_SK_Rapid
2027-03-21,14:30,B1,Anderlecht,Club Brugge,,,SCHEDULED,B1_20270321_Anderlecht_Club_Brugge
2027-03-21,14:30,B1,Lommel SK,Genk,,,SCHEDULED,B1_20270321_Lommel_SK_Genk
2027-03-21,14:30,DNK,Viborg,Silkeborg,,,SCHEDULED,DNK_20270321_Viborg_Silkeborg
2027-03-21,14:30,G1,AEK,Kalamata,,,SCHEDULED,G1_20270321_AEK_Kalamata
2027-03-21,14:30,N1,Telstar,For Sittard,,,SCHEDULED,N1_20270321_Telstar_For_Sittard
2027-03-21,14:30,N1,Twente,Den Haag,,,SCHEDULED,N1_20270321_Twente_Den_Haag
2027-03-21,14:30,P1,Rio Ave,Alverca,,,SCHEDULED,P1_20270321_Rio_Ave_Alverca
2027-03-21,14:30,P1,Santa Clara,Maritimo,,,SCHEDULED,P1_20270321_Santa_Clara_Maritimo
2027-03-21,14:30,POL,Korona Kielce,Rakow,,,SCHEDULED,POL_20270321_Korona_Kielce_Rakow
2027-03-21,14:30,POL,Pogon Szczecin,Lech Poznan,,,SCHEDULED,POL_20270321_Pogon_Szczecin_Lech_Poznan
2027-03-21,14:30,SWZ,Lugano,Lausanne,,,SCHEDULED,SWZ_20270321_Lugano_Lausanne
2027-03-21,14:30,T1,Besiktas,Goztep,,,SCHEDULED,T1_20270321_Besiktas_Goztep
2027-03-21,14:30,T1,Kocaelispor,Alanyaspor,,,SCHEDULED,T1_20270321_Kocaelispor_Alanyaspor
2027-03-21,15:00,F1,Angers,Rennes,,,SCHEDULED,F1_20270321_Angers_Rennes
2027-03-21,15:00,F1,Strasbourg,Troyes,,,SCHEDULED,F1_20270321_Strasbourg_Troyes
2027-03-21,15:00,F1,Toulouse,Monaco,,,SCHEDULED,F1_20270321_Toulouse_Monaco
2027-03-21,15:00,F2,Boulogne,Pau FC,,,SCHEDULED,F2_20270321_Boulogne_Pau_FC
2027-03-21,15:00,F2,Clermont,Dijon,,,SCHEDULED,F2_20270321_Clermont_Dijon
2027-03-21,15:00,F2,Laval,Grenoble,,,SCHEDULED,F2_20270321_Laval_Grenoble
2027-03-21,15:00,I1,Parma,Lecce,,,SCHEDULED,I1_20270321_Parma_Lecce
2027-03-21,15:00,I2,Cremonese,Virtus Entella,,,SCHEDULED,I2_20270321_Cremonese_Virtus_Entella
2027-03-21,15:30,D1,Augsburg,Mainz,,,SCHEDULED,D1_20270321_Augsburg_Mainz
2027-03-21,15:30,D2,Cottbus,Dresden,,,SCHEDULED,D2_20270321_Cottbus_Dresden
2027-03-21,16:00,JPN,FC Tokyo,Avispa Fukuoka,,,SCHEDULED,JPN_20270321_FC_Tokyo_Avispa_Fukuoka
2027-03-21,16:00,JPN,Kyoto,Urawa Reds,,,SCHEDULED,JPN_20270321_Kyoto_Urawa_Reds
2027-03-21,16:00,USA,Atlanta Utd,Chicago Fire,,,SCHEDULED,USA_20270321_Atlanta_Utd_Chicago_Fire
2027-03-21,16:00,USA,San Jose Earthquakes,St. Louis City,,,SCHEDULED,USA_20270321_San_Jose_Earthquakes_St_Louis_City
2027-03-21,16:15,SP1,Real Madrid,Osasuna,,,SCHEDULED,SP1_20270321_Real_Madrid_Osasuna
2027-03-21,16:15,SP2,Tenerife,Granada,,,SCHEDULED,SP2_20270321_Tenerife_Granada
2027-03-21,16:30,AUT,Wolfsberger AC,A. Lustenau,,,SCHEDULED,AUT_20270321_Wolfsberger_AC_A_Lustenau
2027-03-21,16:30,B1,Charleroi,Beveren,,,SCHEDULED,B1_20270321_Charleroi_Beveren
2027-03-21,16:30,DNK,Randers FC,Nordsjaelland,,,SCHEDULED,DNK_20270321_Randers_FC_Nordsjaelland
2027-03-21,16:30,E3,Gillingham,Crawley Town,,,SCHEDULED,E3_20270321_Gillingham_Crawley_Town
2027-03-21,16:30,G1,Panetolikos,Levadeiakos,,,SCHEDULED,G1_20270321_Panetolikos_Levadeiakos
2027-03-21,16:30,N1,AZ Alkmaar,Go Ahead Eagles,,,SCHEDULED,N1_20270321_AZ_Alkmaar_Go_Ahead_Eagles
2027-03-21,16:30,P1,Guimaraes,Famalicao,,,SCHEDULED,P1_20270321_Guimaraes_Famalicao
2027-03-21,16:30,POL,GKS Katowice,Motor Lublin,,,SCHEDULED,POL_20270321_GKS_Katowice_Motor_Lublin
2027-03-21,16:30,SWZ,Sion,Luzern,,,SCHEDULED,SWZ_20270321_Sion_Luzern
2027-03-21,16:30,T1,Buyuksehyr,Gaziantep,,,SCHEDULED,T1_20270321_Buyuksehyr_Gaziantep
2027-03-21,17:15,F1,Paris SG,Lille,,,SCHEDULED,F1_20270321_Paris_SG_Lille
2027-03-21,17:15,F2,St Etienne,Red Star,,,SCHEDULED,F2_20270321_St_Etienne_Red_Star
2027-03-21,17:30,D1,Freiburg,Leverkusen,,,SCHEDULED,D1_20270321_Freiburg_Leverkusen
2027-03-21,17:30,D2,Heidenheim,St Pauli,,,SCHEDULED,D2_20270321_Heidenheim_St_Pauli
2027-03-21,18:00,I1,Lazio,Bologna,,,SCHEDULED,I1_20270321_Lazio_Bologna
2027-03-21,18:00,I2,Verona,Avellino,,,SCHEDULED,I2_20270321_Verona_Avellino
2027-03-21,18:30,AUT,Austria Vienna,Sturm Graz,,,SCHEDULED,AUT_20270321_Austria_Vienna_Sturm_Graz
2027-03-21,18:30,B1,Waregem,St. Gilloise,,,SCHEDULED,B1_20270321_Waregem_St_Gilloise
2027-03-21,18:30,DNK,Lyngby,Midtjylland,,,SCHEDULED,DNK_20270321_Lyngby_Midtjylland
2027-03-21,18:30,G1,Iraklis,Olympiakos,,,SCHEDULED,G1_20270321_Iraklis_Olympiakos
2027-03-21,18:30,N1,PSV Eindhoven,Groningen,,,SCHEDULED,N1_20270321_PSV_Eindhoven_Groningen
2027-03-21,18:30,P1,Casa Pia,Sp Lisbon,,,SCHEDULED,P1_20270321_Casa_Pia_Sp_Lisbon
2027-03-21,18:30,POL,Wisla,Radomiak Radom,,,SCHEDULED,POL_20270321_Wisla_Radomiak_Radom
2027-03-21,18:30,SP1,Santander,Sociedad,,,SCHEDULED,SP1_20270321_Santander_Sociedad
2027-03-21,18:30,SP2,Oviedo,Eibar,,,SCHEDULED,SP2_20270321_Oviedo_Eibar
2027-03-21,18:30,SWZ,Zurich,Servette,,,SCHEDULED,SWZ_20270321_Zurich_Servette
2027-03-21,18:30,T1,Konyaspor,Amedspor,,,SCHEDULED,T1_20270321_Konyaspor_Amedspor
2027-03-21,18:30,USA,Los Angeles Galaxy,Seattle Sounders,,,SCHEDULED,USA_20270321_Los_Angeles_Galaxy_Seattle_Sounders
2027-03-21,18:30,USA,New England Revolution,New York City,,,SCHEDULED,USA_20270321_New_England_Revolution_New_York_City
2027-03-21,20:45,F1,Lens,Marseille,,,SCHEDULED,F1_20270321_Lens_Marseille
2027-03-21,20:45,F2,Nancy,Dunkerque,,,SCHEDULED,F2_20270321_Nancy_Dunkerque
2027-03-21,20:45,I1,Fiorentina,Atalanta,,,SCHEDULED,I1_20270321_Fiorentina_Atalanta
2027-03-21,20:45,I2,Palermo,Ascoli,,,SCHEDULED,I2_20270321_Palermo_Ascoli
2027-03-21,21:00,SP1,Vallecano,Getafe,,,SCHEDULED,SP1_20270321_Vallecano_Getafe
2027-03-21,21:00,SP2,Ceuta,Mallorca,,,SCHEDULED,SP2_20270321_Ceuta_Mallorca
2027-03-21,21:00,USA,Sporting Kansas City,Minnesota United,,,SCHEDULED,USA_20270321_Sporting_Kansas_City_Minnesota_United
2027-03-21,21:00,USA,Toronto FC,Inter Miami,,,SCHEDULED,USA_20270321_Toronto_FC_Inter_Miami
2027-03-26,16:00,E2,Bradford,Wigan,,,SCHEDULED,E2_20270326_Bradford_Wigan
2027-03-26,16:00,E2,Burton,Stockport,,,SCHEDULED,E2_20270326_Burton_Stockport
2027-03-26,16:00,E2,Doncaster,Blackpool,,,SCHEDULED,E2_20270326_Doncaster_Blackpool
2027-03-26,16:00,E2,Huddersfield,Reading,,,SCHEDULED,E2_20270326_Huddersfield_Reading
2027-03-26,16:00,E2,Leicester,Wycombe,,,SCHEDULED,E2_20270326_Leicester_Wycombe
2027-03-26,16:00,E2,Luton,Plymouth,,,SCHEDULED,E2_20270326_Luton_Plymouth
2027-03-26,16:00,E2,Mansfield,Cambridge,,,SCHEDULED,E2_20270326_Mansfield_Cambridge
2027-03-26,16:00,E2,Milton Keynes Dons,Sheffield Weds,,,SCHEDULED,E2_20270326_Milton_Keynes_Dons_Sheffield_Weds
2027-03-26,16:00,E2,Notts County,Barnsley,,,SCHEDULED,E2_20270326_Notts_County_Barnsley
2027-03-26,16:00,E2,Oxford,Leyton Orient,,,SCHEDULED,E2_20270326_Oxford_Leyton_Orient
2027-03-26,16:00,E2,Peterboro,AFC Wimbledon,,,SCHEDULED,E2_20270326_Peterboro_AFC_Wimbledon
2027-03-26,16:00,E2,Stevenage,Bromley,,,SCHEDULED,E2_20270326_Stevenage_Bromley
2027-03-26,21:00,USA,Sporting Kansas City,Vancouver Whitecaps,,,SCHEDULED,USA_20270326_Sporting_Kansas_City_Vancouver_Whitecaps
2027-03-26,21:00,USA,Toronto FC,FC Cincinnati,,,SCHEDULED,USA_20270326_Toronto_FC_FC_Cincinnati
2027-03-27,19:30,USA,Atlanta Utd,Philadelphia Union,,,SCHEDULED,USA_20270327_Atlanta_Utd_Philadelphia_Union
2027-03-27,19:30,USA,Los Angeles Galaxy,Real Salt Lake,,,SCHEDULED,USA_20270327_Los_Angeles_Galaxy_Real_Salt_Lake
2027-03-27,19:30,USA,New England Revolution,New York Red Bulls,,,SCHEDULED,USA_20270327_New_England_Revolution_New_York_Red_Bulls
2027-03-27,19:30,USA,San Jose Earthquakes,Houston Dynamo,,,SCHEDULED,USA_20270327_San_Jose_Earthquakes_Houston_Dynamo
2027-03-27,21:00,USA,Colorado Rapids,Los Angeles FC,,,SCHEDULED,USA_20270327_Colorado_Rapids_Los_Angeles_FC
2027-03-27,21:00,USA,DC United,Charlotte,,,SCHEDULED,USA_20270327_DC_United_Charlotte
2027-03-28,16:00,USA,Austin FC,San Diego FC,,,SCHEDULED,USA_20270328_Austin_FC_San_Diego_FC
2027-03-28,16:00,USA,Columbus Crew,CF Montreal,,,SCHEDULED,USA_20270328_Columbus_Crew_CF_Montreal
2027-03-28,18:30,USA,New York City,Chicago Fire,,,SCHEDULED,USA_20270328_New_York_City_Chicago_Fire
2027-03-28,18:30,USA,Seattle Sounders,St. Louis City,,,SCHEDULED,USA_20270328_Seattle_Sounders_St_Louis_City
2027-03-28,21:00,USA,FC Dallas,Minnesota United,,,SCHEDULED,USA_20270328_FC_Dallas_Minnesota_United
2027-03-28,21:00,USA,Orlando City,Inter Miami,,,SCHEDULED,USA_20270328_Orlando_City_Inter_Miami
2027-03-29,15:00,E2,AFC Wimbledon,Leicester,,,SCHEDULED,E2_20270329_AFC_Wimbledon_Leicester
2027-03-29,15:00,E2,Barnsley,Mansfield,,,SCHEDULED,E2_20270329_Barnsley_Mansfield
2027-03-29,15:00,E2,Blackpool,Oxford,,,SCHEDULED,E2_20270329_Blackpool_Oxford
2027-03-29,15:00,E2,Bromley,Doncaster,,,SCHEDULED,E2_20270329_Bromley_Doncaster
2027-03-29,15:00,E2,Cambridge,Milton Keynes Dons,,,SCHEDULED,E2_20270329_Cambridge_Milton_Keynes_Dons
2027-03-29,15:00,E2,Leyton Orient,Huddersfield,,,SCHEDULED,E2_20270329_Leyton_Orient_Huddersfield
2027-03-29,15:00,E2,Plymouth,Notts County,,,SCHEDULED,E2_20270329_Plymouth_Notts_County
2027-03-29,15:00,E2,Reading,Stevenage,,,SCHEDULED,E2_20270329_Reading_Stevenage
2027-03-29,15:00,E2,Sheffield Weds,Burton,,,SCHEDULED,E2_20270329_Sheffield_Weds_Burton
2027-03-29,15:00,E2,Stockport,Bradford,,,SCHEDULED,E2_20270329_Stockport_Bradford
2027-03-29,15:00,E2,Wigan,Luton,,,SCHEDULED,E2_20270329_Wigan_Luton
2027-03-29,15:00,E2,Wycombe,Peterboro,,,SCHEDULED,E2_20270329_Wycombe_Peterboro
2027-03-30,19:00,JPN,Cerezo Osaka,Shimizu S-Pulse,,,SCHEDULED,JPN_20270330_Cerezo_Osaka_Shimizu_S_Pulse
2027-03-30,19:00,JPN,FC Tokyo,Chiba,,,SCHEDULED,JPN_20270330_FC_Tokyo_Chiba
2027-03-30,19:00,JPN,Kashiwa Reysol,Nagoya Grampus,,,SCHEDULED,JPN_20270330_Kashiwa_Reysol_Nagoya_Grampus
2027-03-30,19:00,JPN,Kyoto,Okayama,,,SCHEDULED,JPN_20270330_Kyoto_Okayama
2027-03-30,19:00,JPN,Machida,Avispa Fukuoka,,,SCHEDULED,JPN_20270330_Machida_Avispa_Fukuoka
2027-03-30,19:00,JPN,Mito,Yokohama F. Marinos,,,SCHEDULED,JPN_20270330_Mito_Yokohama_F_Marinos
2027-03-30,19:00,JPN,Sanfrecce Hiroshima,Kashima Antlers,,,SCHEDULED,JPN_20270330_Sanfrecce_Hiroshima_Kashima_Antlers
2027-03-30,19:00,JPN,V-Varen Nagasaki,Urawa Reds,,,SCHEDULED,JPN_20270330_V_Varen_Nagasaki_Urawa_Reds
2027-03-30,19:00,JPN,Verdy,Kawasaki Frontale,,,SCHEDULED,JPN_20270330_Verdy_Kawasaki_Frontale
2027-03-30,19:00,JPN,Vissel Kobe,Gamba Osaka,,,SCHEDULED,JPN_20270330_Vissel_Kobe_Gamba_Osaka
2027-03-30,21:00,SP2,Albacete,Burgos,,,SCHEDULED,SP2_20270330_Albacete_Burgos
2027-03-30,21:00,SP2,Andorra,Almeria,,,SCHEDULED,SP2_20270330_Andorra_Almeria
2027-03-30,21:00,SP2,Celta B,Granada,,,SCHEDULED,SP2_20270330_Celta_B_Granada
2027-03-30,21:00,SP2,Ceuta,Eldense,,,SCHEDULED,SP2_20270330_Ceuta_Eldense
2027-03-30,21:00,SP2,Cordoba,Sociedad B,,,SCHEDULED,SP2_20270330_Cordoba_Sociedad_B
2027-03-30,21:00,SP2,Girona,Eibar,,,SCHEDULED,SP2_20270330_Girona_Eibar
2027-03-30,21:00,SP2,Leganes,Cadiz,,,SCHEDULED,SP2_20270330_Leganes_Cadiz
2027-03-30,21:00,SP2,Oviedo,Sabadell,,,SCHEDULED,SP2_20270330_Oviedo_Sabadell
2027-03-30,21:00,SP2,Sp Gijon,Las Palmas,,,SCHEDULED,SP2_20270330_Sp_Gijon_Las_Palmas
2027-03-30,21:00,SP2,Tenerife,Mallorca,,,SCHEDULED,SP2_20270330_Tenerife_Mallorca
2027-03-30,21:00,SP2,Valladolid,Castellon,,,SCHEDULED,SP2_20270330_Valladolid_Castellon
2027-04-02,20:00,AUT,Ried,Austria Vienna,,,SCHEDULED,AUT_20270402_Ried_Austria_Vienna
2027-04-02,20:00,B1,Mechelen,St. Gilloise,,,SCHEDULED,B1_20270402_Mechelen_St_Gilloise
2027-04-02,20:00,DNK,FC Copenhagen,Lyngby,,,SCHEDULED,DNK_20270402_FC_Copenhagen_Lyngby
2027-04-02,20:00,E3,Bristol Rvs,Crawley Town,,,SCHEDULED,E3_20270402_Bristol_Rvs_Crawley_Town
2027-04-02,20:00,N1,Zwolle,Groningen,,,SCHEDULED,N1_20270402_Zwolle_Groningen
2027-04-02,20:00,P1,Academico Viseu,Sp Lisbon,,,SCHEDULED,P1_20270402_Academico_Viseu_Sp_Lisbon
2027-04-02,20:00,POL,Zaglebie,Radomiak Radom,,,SCHEDULED,POL_20270402_Zaglebie_Radomiak_Radom
2027-04-02,20:00,SWZ,Basel,Zurich,,,SCHEDULED,SWZ_20270402_Basel_Zurich
2027-04-02,20:00,T1,Konyaspor,Fenerbahce,,,SCHEDULED,T1_20270402_Konyaspor_Fenerbahce
2027-04-02,20:30,D1,M'gladbach,Leverkusen,,,SCHEDULED,D1_20270402_M_gladbach_Leverkusen
2027-04-02,20:30,D2,Heidenheim,Holstein Kiel,,,SCHEDULED,D2_20270402_Heidenheim_Holstein_Kiel
2027-04-02,20:45,F1,Toulouse,Marseille,,,SCHEDULED,F1_20270402_Toulouse_Marseille
2027-04-02,20:45,F2,Boulogne,Dunkerque,,,SCHEDULED,F2_20270402_Boulogne_Dunkerque
2027-04-02,20:45,I1,Fiorentina,Genoa,,,SCHEDULED,I1_20270402_Fiorentina_Genoa
2027-04-02,20:45,I2,Palermo,Cesena,,,SCHEDULED,I2_20270402_Palermo_Cesena
2027-04-02,21:00,SP1,Barcelona,Getafe,,,SCHEDULED,SP1_20270402_Barcelona_Getafe
2027-04-02,21:00,SP2,Cordoba,Eibar,,,SCHEDULED,SP2_20270402_Cordoba_Eibar
2027-04-02,21:00,USA,Sporting Kansas City,Portland Timbers,,,SCHEDULED,USA_20270402_Sporting_Kansas_City_Portland_Timbers
2027-04-02,21:00,USA,Toronto FC,Nashville SC,,,SCHEDULED,USA_20270402_Toronto_FC_Nashville_SC
2027-04-03,12:30,E1,Charlton,Millwall,,,SCHEDULED,E1_20270403_Charlton_Millwall
2027-04-03,14:00,JPN,Mito,Gamba Osaka,,,SCHEDULED,JPN_20270403_Mito_Gamba_Osaka
2027-04-03,14:00,JPN,Sanfrecce Hiroshima,Yokohama F. Marinos,,,SCHEDULED,JPN_20270403_Sanfrecce_Hiroshima_Yokohama_F_Marinos
2027-04-03,14:00,JPN,Shimizu S-Pulse,Kawasaki Frontale,,,SCHEDULED,JPN_20270403_Shimizu_S_Pulse_Kawasaki_Frontale
2027-04-03,14:00,SP1,Espanol,Levante,,,SCHEDULED,SP1_20270403_Espanol_Levante
2027-04-03,14:00,SP1,La Coruna,Malaga,,,SCHEDULED,SP1_20270403_La_Coruna_Malaga
2027-04-03,14:00,SP2,Ceuta,Almeria,,,SCHEDULED,SP2_20270403_Ceuta_Almeria
2027-04-03,14:00,SP2,Valladolid,Leganes,,,SCHEDULED,SP2_20270403_Valladolid_Leganes
2027-04-03,15:00,E1,Blackburn,Southampton,,,SCHEDULED,E1_20270403_Blackburn_Southampton
2027-04-03,15:00,E1,Bolton,Watford,,,SCHEDULED,E1_20270403_Bolton_Watford
2027-04-03,15:00,E1,Cardiff,Bristol City,,,SCHEDULED,E1_20270403_Cardiff_Bristol_City
2027-04-03,15:00,E1,Lincoln,Derby,,,SCHEDULED,E1_20270403_Lincoln_Derby
2027-04-03,15:00,E1,Portsmouth,Middlesbrough,,,SCHEDULED,E1_20270403_Portsmouth_Middlesbrough
2027-04-03,15:00,E1,Preston,Swansea,,,SCHEDULED,E1_20270403_Preston_Swansea
2027-04-03,15:00,E1,QPR,Wrexham,,,SCHEDULED,E1_20270403_QPR_Wrexham
2027-04-03,15:00,E1,Sheffield United,West Brom,,,SCHEDULED,E1_20270403_Sheffield_United_West_Brom
2027-04-03,15:00,E1,Stoke,Burnley,,,SCHEDULED,E1_20270403_Stoke_Burnley
2027-04-03,15:00,E1,West Ham,Birmingham,,,SCHEDULED,E1_20270403_West_Ham_Birmingham
2027-04-03,15:00,E1,Wolves,Norwich,,,SCHEDULED,E1_20270403_Wolves_Norwich
2027-04-03,15:00,E2,Bradford,Blackpool,,,SCHEDULED,E2_20270403_Bradford_Blackpool
2027-04-03,15:00,E2,Burton,Barnsley,,,SCHEDULED,E2_20270403_Burton_Barnsley
2027-04-03,15:00,E2,Doncaster,Cambridge,,,SCHEDULED,E2_20270403_Doncaster_Cambridge
2027-04-03,15:00,E2,Huddersfield,Stockport,,,SCHEDULED,E2_20270403_Huddersfield_Stockport
2027-04-03,15:00,E2,Leicester,Leyton Orient,,,SCHEDULED,E2_20270403_Leicester_Leyton_Orient
2027-04-03,15:00,E2,Luton,AFC Wimbledon,,,SCHEDULED,E2_20270403_Luton_AFC_Wimbledon
2027-04-03,15:00,E2,Mansfield,Sheffield Weds,,,SCHEDULED,E2_20270403_Mansfield_Sheffield_Weds
2027-04-03,15:00,E2,Milton Keynes Dons,Plymouth,,,SCHEDULED,E2_20270403_Milton_Keynes_Dons_Plymouth
2027-04-03,15:00,E2,Notts County,Wigan,,,SCHEDULED,E2_20270403_Notts_County_Wigan
2027-04-03,15:00,E2,Oxford,Bromley,,,SCHEDULED,E2_20270403_Oxford_Bromley
2027-04-03,15:00,E2,Peterboro,Reading,,,SCHEDULED,E2_20270403_Peterboro_Reading
2027-04-03,15:00,E2,Stevenage,Wycombe,,,SCHEDULED,E2_20270403_Stevenage_Wycombe
2027-04-03,15:00,E3,Chesterfield,Rochdale,,,SCHEDULED,E3_20270403_Chesterfield_Rochdale
2027-04-03,15:00,E3,Colchester,Swindon,,,SCHEDULED,E3_20270403_Colchester_Swindon
2027-04-03,15:00,E3,Exeter,Grimsby,,,SCHEDULED,E3_20270403_Exeter_Grimsby
2027-04-03,15:00,E3,Fleetwood Town,York,,,SCHEDULED,E3_20270403_Fleetwood_Town_York
2027-04-03,15:00,E3,Newport County,Northampton,,,SCHEDULED,E3_20270403_Newport_County_Northampton
2027-04-03,15:00,E3,Salford,Cheltenham,,,SCHEDULED,E3_20270403_Salford_Cheltenham
2027-04-03,15:00,E3,Tranmere,Shrewsbury,,,SCHEDULED,E3_20270403_Tranmere_Shrewsbury
2027-04-03,15:00,E3,Walsall,Accrington,,,SCHEDULED,E3_20270403_Walsall_Accrington
2027-04-03,15:00,I1,Monza,Como,,,SCHEDULED,I1_20270403_Monza_Como
2027-04-03,15:00,I1,Torino,Venezia,,,SCHEDULED,I1_20270403_Torino_Venezia
2027-04-03,15:00,I2,Arezzo,Empoli,,,SCHEDULED,I2_20270403_Arezzo_Empoli
2027-04-03,15:00,I2,Vicenza,Sampdoria,,,SCHEDULED,I2_20270403_Vicenza_Sampdoria
2027-04-03,15:00,SC0,Celtic,Rangers,,,SCHEDULED,SC0_20270403_Celtic_Rangers
2027-04-03,15:00,SC0,Kilmarnock,St Mirren,,,SCHEDULED,SC0_20270403_Kilmarnock_St_Mirren
2027-04-03,15:00,SC0,Motherwell,Hearts,,,SCHEDULED,SC0_20270403_Motherwell_Hearts
2027-04-03,15:00,SC0,St Johnstone,Dundee United,,,SCHEDULED,SC0_20270403_St_Johnstone_Dundee_United
2027-04-03,15:30,D1,Dortmund,Bayern Munich,,,SCHEDULED,D1_20270403_Dortmund_Bayern_Munich
2027-04-03,15:30,D1,Paderborn,Hoffenheim,,,SCHEDULED,D1_20270403_Paderborn_Hoffenheim
2027-04-03,15:30,D1,RB Leipzig,Ein Frankfurt,,,SCHEDULED,D1_20270403_RB_Leipzig_Ein_Frankfurt
2027-04-03,15:30,D1,Stuttgart,Elversberg,,,SCHEDULED,D1_20270403_Stuttgart_Elversberg
2027-04-03,15:30,D1,Werder Bremen,Hamburg,,,SCHEDULED,D1_20270403_Werder_Bremen_Hamburg
2027-04-03,15:30,D2,Bochum,Greuther Furth,,,SCHEDULED,D2_20270403_Bochum_Greuther_Furth
2027-04-03,15:30,D2,Braunschweig,Hannover,,,SCHEDULED,D2_20270403_Braunschweig_Hannover
2027-04-03,15:30,D2,Kaiserslautern,Hertha,,,SCHEDULED,D2_20270403_Kaiserslautern_Hertha
2027-04-03,15:30,D2,Karlsruhe,Darmstadt,,,SCHEDULED,D2_20270403_Karlsruhe_Darmstadt
2027-04-03,15:30,D2,Magdeburg,Wolfsburg,,,SCHEDULED,D2_20270403_Magdeburg_Wolfsburg
2027-04-03,16:00,JPN,FC Tokyo,Cerezo Osaka,,,SCHEDULED,JPN_20270403_FC_Tokyo_Cerezo_Osaka
2027-04-03,16:00,JPN,Kyoto,Nagoya Grampus,,,SCHEDULED,JPN_20270403_Kyoto_Nagoya_Grampus
2027-04-03,16:15,SP1,Alaves,Sevilla,,,SCHEDULED,SP1_20270403_Alaves_Sevilla
2027-04-03,16:15,SP2,Andorra,Sociedad B,,,SCHEDULED,SP2_20270403_Andorra_Sociedad_B
2027-04-03,16:15,SP2,Cadiz,Burgos,,,SCHEDULED,SP2_20270403_Cadiz_Burgos
2027-04-03,17:00,F1,Paris FC,Nice,,,SCHEDULED,F1_20270403_Paris_FC_Nice
2027-04-03,17:00,F1,Strasbourg,Monaco,,,SCHEDULED,F1_20270403_Strasbourg_Monaco
2027-04-03,17:00,F2,Laval,Pau FC,,,SCHEDULED,F2_20270403_Laval_Pau_FC
2027-04-03,17:00,F2,Metz,Annecy,,,SCHEDULED,F2_20270403_Metz_Annecy
2027-04-03,17:30,E3,Gillingham,Oldham,,,SCHEDULED,E3_20270403_Gillingham_Oldham
2027-04-03,17:30,SC0,Falkirk,Hibernian,,,SCHEDULED,SC0_20270403_Falkirk_Hibernian
2027-04-03,18:00,AUT,LASK,Tirol,,,SCHEDULED,AUT_20270403_LASK_Tirol
2027-04-03,18:00,B1,Gent,Oud-Heverlee Leuven,,,SCHEDULED,B1_20270403_Gent_Oud_Heverlee_Leuven
2027-04-03,18:00,B1,Kortrijk,Genk,,,SCHEDULED,B1_20270403_Kortrijk_Genk
2027-04-03,18:00,B1,Lommel SK,Standard,,,SCHEDULED,B1_20270403_Lommel_SK_Standard
2027-04-03,18:00,DNK,Sonderjyske,Horsens,,,SCHEDULED,DNK_20270403_Sonderjyske_Horsens
2027-04-03,18:00,I1,Milan,Roma,,,SCHEDULED,I1_20270403_Milan_Roma
2027-04-03,18:00,I1,Sassuolo,Udinese,,,SCHEDULED,I1_20270403_Sassuolo_Udinese
2027-04-03,18:00,I2,Catanzaro,Pisa,,,SCHEDULED,I2_20270403_Catanzaro_Pisa
2027-04-03,18:00,I2,Padova,Benevento,,,SCHEDULED,I2_20270403_Padova_Benevento
2027-04-03,18:00,N1,Cambuur,Ajax,,,SCHEDULED,N1_20270403_Cambuur_Ajax
2027-04-03,18:00,N1,Sparta Rotterdam,For Sittard,,,SCHEDULED,N1_20270403_Sparta_Rotterdam_For_Sittard
2027-04-03,18:00,N1,Telstar,Willem II,,,SCHEDULED,N1_20270403_Telstar_Willem_II
2027-04-03,18:00,P1,Arouca,Maritimo,,,SCHEDULED,P1_20270403_Arouca_Maritimo
2027-04-03,18:00,P1,Santa Clara,Porto,,,SCHEDULED,P1_20270403_Santa_Clara_Porto
2027-04-03,18:00,P1,Sp Braga,Benfica,,,SCHEDULED,P1_20270403_Sp_Braga_Benfica
2027-04-03,18:00,POL,Piast Gliwice,Widzew Lodz,,,SCHEDULED,POL_20270403_Piast_Gliwice_Widzew_Lodz
2027-04-03,18:00,POL,Pogon Szczecin,Jagiellonia,,,SCHEDULED,POL_20270403_Pogon_Szczecin_Jagiellonia
2027-04-03,18:00,POL,Wieczysta Krakow,Lech Poznan,,,SCHEDULED,POL_20270403_Wieczysta_Krakow_Lech_Poznan
2027-04-03,18:00,SWZ,St. Gallen,Vaduz,,,SCHEDULED,SWZ_20270403_St_Gallen_Vaduz
2027-04-03,18:00,T1,Kocaelispor,Trabzonspor,,,SCHEDULED,T1_20270403_Kocaelispor_Trabzonspor
2027-04-03,18:00,T1,Rizespor,Alanyaspor,,,SCHEDULED,T1_20270403_Rizespor_Alanyaspor
2027-04-03,18:00,T1,Samsunspor,Genclerbirligi,,,SCHEDULED,T1_20270403_Samsunspor_Genclerbirligi
2027-04-03,18:30,D1,Schalke 04,Mainz,,,SCHEDULED,D1_20270403_Schalke_04_Mainz
2027-04-03,18:30,D2,Cottbus,Nurnberg,,,SCHEDULED,D2_20270403_Cottbus_Nurnberg
2027-04-03,18:30,SP1,Celta,Ath Bilbao,,,SCHEDULED,SP1_20270403_Celta_Ath_Bilbao
2027-04-03,18:30,SP2,Sp Gijon,Castellon,,,SCHEDULED,SP2_20270403_Sp_Gijon_Castellon
2027-04-03,19:30,USA,Los Angeles Galaxy,Minnesota United,,,SCHEDULED,USA_20270403_Los_Angeles_Galaxy_Minnesota_United
2027-04-03,19:30,USA,New England Revolution,Inter Miami,,,SCHEDULED,USA_20270403_New_England_Revolution_Inter_Miami
2027-04-03,19:30,USA,New York City,Philadelphia Union,,,SCHEDULED,USA_20270403_New_York_City_Philadelphia_Union
2027-04-03,19:30,USA,Seattle Sounders,Houston Dynamo,,,SCHEDULED,USA_20270403_Seattle_Sounders_Houston_Dynamo
2027-04-03,20:45,AUT,SK Rapid,Hartberg,,,SCHEDULED,AUT_20270403_SK_Rapid_Hartberg
2027-04-03,20:45,B1,Anderlecht,RAAL La Louviere,,,SCHEDULED,B1_20270403_Anderlecht_RAAL_La_Louviere
2027-04-03,20:45,DNK,Silkeborg,Odense,,,SCHEDULED,DNK_20270403_Silkeborg_Odense
2027-04-03,20:45,I1,Inter,Juventus,,,SCHEDULED,I1_20270403_Inter_Juventus
2027-04-03,20:45,I2,Carrarese,Juve Stabia,,,SCHEDULED,I2_20270403_Carrarese_Juve_Stabia
2027-04-03,20:45,N1,Twente,Nijmegen,,,SCHEDULED,N1_20270403_Twente_Nijmegen
2027-04-03,20:45,P1,Rio Ave,Estoril,,,SCHEDULED,P1_20270403_Rio_Ave_Estoril
2027-04-03,20:45,POL,Korona Kielce,Cracovia,,,SCHEDULED,POL_20270403_Korona_Kielce_Cracovia
2027-04-03,20:45,SWZ,Lausanne,Thun,,,SCHEDULED,SWZ_20270403_Lausanne_Thun
2027-04-03,20:45,T1,Galatasaray,Goztep,,,SCHEDULED,T1_20270403_Galatasaray_Goztep
2027-04-03,21:00,F1,Angers,Lyon,,,SCHEDULED,F1_20270403_Angers_Lyon
2027-04-03,21:00,F2,Clermont,Montpellier,,,SCHEDULED,F2_20270403_Clermont_Montpellier
2027-04-03,21:00,SP1,Elche,Villarreal,,,SCHEDULED,SP1_20270403_Elche_Villarreal
2027-04-03,21:00,SP2,Albacete,Granada,,,SCHEDULED,SP2_20270403_Albacete_Granada
2027-04-03,21:00,USA,Atlanta Utd,Charlotte,,,SCHEDULED,USA_20270403_Atlanta_Utd_Charlotte
2027-04-03,21:00,USA,San Jose Earthquakes,Los Angeles FC,,,SCHEDULED,USA_20270403_San_Jose_Earthquakes_Los_Angeles_FC
2027-04-04,12:30,I1,Cagliari,Lecce,,,SCHEDULED,I1_20270404_Cagliari_Lecce
2027-04-04,12:30,I2,Sudtirol,Virtus Entella,,,SCHEDULED,I2_20270404_Sudtirol_Virtus_Entella
2027-04-04,14:00,E3,Rotherham,Barnet,,,SCHEDULED,E3_20270404_Rotherham_Barnet
2027-04-04,14:00,JPN,Kashiwa Reysol,Avispa Fukuoka,,,SCHEDULED,JPN_20270404_Kashiwa_Reysol_Avispa_Fukuoka
2027-04-04,14:00,JPN,Verdy,Kashima Antlers,,,SCHEDULED,JPN_20270404_Verdy_Kashima_Antlers
2027-04-04,14:00,JPN,Vissel Kobe,Urawa Reds,,,SCHEDULED,JPN_20270404_Vissel_Kobe_Urawa_Reds
2027-04-04,14:00,SC0,Aberdeen,Dundee,,,SCHEDULED,SC0_20270404_Aberdeen_Dundee
2027-04-04,14:00,SP1,Real Madrid,Ath Madrid,,,SCHEDULED,SP1_20270404_Real_Madrid_Ath_Madrid
2027-04-04,14:00,SP2,Oviedo,Las Palmas,,,SCHEDULED,SP2_20270404_Oviedo_Las_Palmas
2027-04-04,14:30,AUT,A. Lustenau,Grazer AK,,,SCHEDULED,AUT_20270404_A_Lustenau_Grazer_AK
2027-04-04,14:30,B1,Cercle Brugge,Beveren,,,SCHEDULED,B1_20270404_Cercle_Brugge_Beveren
2027-04-04,14:30,B1,Westerlo,Antwerp,,,SCHEDULED,B1_20270404_Westerlo_Antwerp
2027-04-04,14:30,DNK,Nordsjaelland,Aarhus,,,SCHEDULED,DNK_20270404_Nordsjaelland_Aarhus
2027-04-04,14:30,N1,Feyenoord,Go Ahead Eagles,,,SCHEDULED,N1_20270404_Feyenoord_Go_Ahead_Eagles
2027-04-04,14:30,N1,Utrecht,Heerenveen,,,SCHEDULED,N1_20270404_Utrecht_Heerenveen
2027-04-04,14:30,P1,Moreirense,Gil Vicente,,,SCHEDULED,P1_20270404_Moreirense_Gil_Vicente
2027-04-04,14:30,P1,Nacional,Famalicao,,,SCHEDULED,P1_20270404_Nacional_Famalicao
2027-04-04,14:30,POL,Slask Wroclaw,Gornik Zabrze,,,SCHEDULED,POL_20270404_Slask_Wroclaw_Gornik_Zabrze
2027-04-04,14:30,POL,Wisla Plock,Motor Lublin,,,SCHEDULED,POL_20270404_Wisla_Plock_Motor_Lublin
2027-04-04,14:30,SWZ,Luzern,Young Boys,,,SCHEDULED,SWZ_20270404_Luzern_Young_Boys
2027-04-04,14:30,T1,Buyuksehyr,Kasimpasa,,,SCHEDULED,T1_20270404_Buyuksehyr_Kasimpasa
2027-04-04,14:30,T1,Erzurumspor,Corum,,,SCHEDULED,T1_20270404_Erzurumspor_Corum
2027-04-04,15:00,F1,Auxerre,Troyes,,,SCHEDULED,F1_20270404_Auxerre_Troyes
2027-04-04,15:00,F1,Brest,Lille,,,SCHEDULED,F1_20270404_Brest_Lille
2027-04-04,15:00,F1,Lorient,Le Havre,,,SCHEDULED,F1_20270404_Lorient_Le_Havre
2027-04-04,15:00,F2,Guingamp,Grenoble,,,SCHEDULED,F2_20270404_Guingamp_Grenoble
2027-04-04,15:00,F2,Rodez,Reims,,,SCHEDULED,F2_20270404_Rodez_Reims
2027-04-04,15:00,F2,Sochaux,Red Star,,,SCHEDULED,F2_20270404_Sochaux_Red_Star
2027-04-04,15:00,I1,Lazio,Frosinone,,,SCHEDULED,I1_20270404_Lazio_Frosinone
2027-04-04,15:00,I2,Verona,Mantova,,,SCHEDULED,I2_20270404_Verona_Mantova
2027-04-04,15:30,D1,Freiburg,FC Koln,,,SCHEDULED,D1_20270404_Freiburg_FC_Koln
2027-04-04,15:30,D2,Bielefeld,St Pauli,,,SCHEDULED,D2_20270404_Bielefeld_St_Pauli
2027-04-04,16:00,JPN,Machida,Chiba,,,SCHEDULED,JPN_20270404_Machida_Chiba
2027-04-04,16:00,JPN,V-Varen Nagasaki,Okayama,,,SCHEDULED,JPN_20270404_V_Varen_Nagasaki_Okayama
2027-04-04,16:00,USA,Colorado Rapids,San Diego FC,,,SCHEDULED,USA_20270404_Colorado_Rapids_San_Diego_FC
2027-04-04,16:00,USA,DC United,CF Montreal,,,SCHEDULED,USA_20270404_DC_United_CF_Montreal
2027-04-04,16:15,SP1,Betis,Sociedad,,,SCHEDULED,SP1_20270404_Betis_Sociedad
2027-04-04,16:15,SP2,Celta B,Mallorca,,,SCHEDULED,SP2_20270404_Celta_B_Mallorca
2027-04-04,16:30,AUT,Sturm Graz,Altach,,,SCHEDULED,AUT_20270404_Sturm_Graz_Altach
2027-04-04,16:30,B1,Waregem,Club Brugge,,,SCHEDULED,B1_20270404_Waregem_Club_Brugge
2027-04-04,16:30,DNK,Midtjylland,Viborg,,,SCHEDULED,DNK_20270404_Midtjylland_Viborg
2027-04-04,16:30,E3,Crewe,Port Vale,,,SCHEDULED,E3_20270404_Crewe_Port_Vale
2027-04-04,16:30,N1,PSV Eindhoven,Den Haag,,,SCHEDULED,N1_20270404_PSV_Eindhoven_Den_Haag
2027-04-04,16:30,P1,Casa Pia,Alverca,,,SCHEDULED,P1_20270404_Casa_Pia_Alverca
2027-04-04,16:30,POL,Wisla,Rakow,,,SCHEDULED,POL_20270404_Wisla_Rakow
2027-04-04,16:30,SWZ,Servette,Lugano,,,SCHEDULED,SWZ_20270404_Servette_Lugano
2027-04-04,16:30,T1,Besiktas,Amedspor,,,SCHEDULED,T1_20270404_Besiktas_Amedspor
2027-04-04,17:15,F1,Lens,Rennes,,,SCHEDULED,F1_20270404_Lens_Rennes
2027-04-04,17:15,F2,Nancy,Dijon,,,SCHEDULED,F2_20270404_Nancy_Dijon
2027-04-04,17:30,D1,Augsburg,Union Berlin,,,SCHEDULED,D1_20270404_Augsburg_Union_Berlin
2027-04-04,17:30,D2,Osnabruck,Dresden,,,SCHEDULED,D2_20270404_Osnabruck_Dresden
2027-04-04,18:00,I1,Parma,Atalanta,,,SCHEDULED,I1_20270404_Parma_Atalanta
2027-04-04,18:00,I2,Cremonese,Ascoli,,,SCHEDULED,I2_20270404_Cremonese_Ascoli
2027-04-04,18:30,AUT,Salzburg,Wolfsberger AC,,,SCHEDULED,AUT_20270404_Salzburg_Wolfsberger_AC
2027-04-04,18:30,B1,Charleroi,St Truiden,,,SCHEDULED,B1_20270404_Charleroi_St_Truiden
2027-04-04,18:30,DNK,Brondby,Randers FC,,,SCHEDULED,DNK_20270404_Brondby_Randers_FC
2027-04-04,18:30,N1,AZ Alkmaar,Excelsior,,,SCHEDULED,N1_20270404_AZ_Alkmaar_Excelsior
2027-04-04,18:30,P1,Guimaraes,Estrela,,,SCHEDULED,P1_20270404_Guimaraes_Estrela
2027-04-04,18:30,POL,GKS Katowice,Legia,,,SCHEDULED,POL_20270404_GKS_Katowice_Legia
2027-04-04,18:30,SP1,Vallecano,Osasuna,,,SCHEDULED,SP1_20270404_Vallecano_Osasuna
2027-04-04,18:30,SP2,Girona,Sabadell,,,SCHEDULED,SP2_20270404_Girona_Sabadell
2027-04-04,18:30,SWZ,Grasshoppers,Sion,,,SCHEDULED,SWZ_20270404_Grasshoppers_Sion
2027-04-04,18:30,T1,Eyupspor,Gaziantep,,,SCHEDULED,T1_20270404_Eyupspor_Gaziantep
2027-04-04,18:30,USA,Chicago Fire,New York Red Bulls,,,SCHEDULED,USA_20270404_Chicago_Fire_New_York_Red_Bulls
2027-04-04,18:30,USA,St. Louis City,Real Salt Lake,,,SCHEDULED,USA_20270404_St_Louis_City_Real_Salt_Lake
2027-04-04,20:45,F1,Paris SG,Le Mans,,,SCHEDULED,F1_20270404_Paris_SG_Le_Mans
2027-04-04,20:45,F2,St Etienne,Nantes,,,SCHEDULED,F2_20270404_St_Etienne_Nantes
2027-04-04,20:45,I1,Napoli,Bologna,,,SCHEDULED,I1_20270404_Napoli_Bologna
2027-04-04,20:45,I2,Modena,Avellino,,,SCHEDULED,I2_20270404_Modena_Avellino
2027-04-04,21:00,SP1,Santander,Valencia,,,SCHEDULED,SP1_20270404_Santander_Valencia
2027-04-04,21:00,SP2,Tenerife,Eldense,,,SCHEDULED,SP2_20270404_Tenerife_Eldense
2027-04-04,21:00,USA,FC Dallas,Vancouver Whitecaps,,,SCHEDULED,USA_20270404_FC_Dallas_Vancouver_Whitecaps
2027-04-04,21:00,USA,Orlando City,FC Cincinnati,,,SCHEDULED,USA_20270404_Orlando_City_FC_Cincinnati
2027-04-06,19:45,E1,Burnley,Wrexham,,,SCHEDULED,E1_20270406_Burnley_Wrexham
2027-04-06,19:45,E1,Lincoln,Bristol City,,,SCHEDULED,E1_20270406_Lincoln_Bristol_City
2027-04-06,19:45,E1,Millwall,Middlesbrough,,,SCHEDULED,E1_20270406_Millwall_Middlesbrough
2027-04-06,19:45,E1,Portsmouth,Wolves,,,SCHEDULED,E1_20270406_Portsmouth_Wolves
2027-04-06,19:45,E1,QPR,Charlton,,,SCHEDULED,E1_20270406_QPR_Charlton
2027-04-06,19:45,E1,Stoke,Cardiff,,,SCHEDULED,E1_20270406_Stoke_Cardiff
2027-04-06,19:45,E1,Swansea,Southampton,,,SCHEDULED,E1_20270406_Swansea_Southampton
2027-04-06,19:45,E1,West Ham,Bolton,,,SCHEDULED,E1_20270406_West_Ham_Bolton
2027-04-06,19:45,E3,Bristol Rvs,Oldham,,,SCHEDULED,E3_20270406_Bristol_Rvs_Oldham
2027-04-06,19:45,E3,Chesterfield,Fleetwood Town,,,SCHEDULED,E3_20270406_Chesterfield_Fleetwood_Town
2027-04-06,19:45,E3,Colchester,Rochdale,,,SCHEDULED,E3_20270406_Colchester_Rochdale
2027-04-06,19:45,E3,Crewe,Cheltenham,,,SCHEDULED,E3_20270406_Crewe_Cheltenham
2027-04-06,19:45,E3,Exeter,Accrington,,,SCHEDULED,E3_20270406_Exeter_Accrington
2027-04-06,19:45,E3,Gillingham,Swindon,,,SCHEDULED,E3_20270406_Gillingham_Swindon
2027-04-06,19:45,E3,Newport County,Barnet,,,SCHEDULED,E3_20270406_Newport_County_Barnet
2027-04-06,19:45,E3,Rotherham,Port Vale,,,SCHEDULED,E3_20270406_Rotherham_Port_Vale
2027-04-06,19:45,E3,Salford,Shrewsbury,,,SCHEDULED,E3_20270406_Salford_Shrewsbury
2027-04-06,19:45,E3,Tranmere,Grimsby,,,SCHEDULED,E3_20270406_Tranmere_Grimsby
2027-04-06,19:45,E3,Walsall,Crawley Town,,,SCHEDULED,E3_20270406_Walsall_Crawley_Town
2027-04-06,19:45,E3,York,Northampton,,,SCHEDULED,E3_20270406_York_Northampton
2027-04-07,19:45,E1,Preston,Watford,,,SCHEDULED,E1_20270407_Preston_Watford
2027-04-07,19:45,E1,Sheffield United,Blackburn,,,SCHEDULED,E1_20270407_Sheffield_United_Blackburn
2027-04-07,19:45,E1,West Brom,Derby,,,SCHEDULED,E1_20270407_West_Brom_Derby
2027-04-07,20:00,E1,Birmingham,Norwich,,,SCHEDULED,E1_20270407_Birmingham_Norwich
2027-04-09,20:00,AUT,Wolfsberger AC,Austria Vienna,,,SCHEDULED,AUT_20270409_Wolfsberger_AC_Austria_Vienna
2027-04-09,20:00,B1,Charleroi,Genk,,,SCHEDULED,B1_20270409_Charleroi_Genk
2027-04-09,20:00,DNK,Randers FC,Lyngby,,,SCHEDULED,DNK_20270409_Randers_FC_Lyngby
2027-04-09,20:00,E3,Walsall,Oldham,,,SCHEDULED,E3_20270409_Walsall_Oldham
2027-04-09,20:00,N1,AZ Alkmaar,For Sittard,,,SCHEDULED,N1_20270409_AZ_Alkmaar_For_Sittard
2027-04-09,20:00,P1,Guimaraes,Maritimo,,,SCHEDULED,P1_20270409_Guimaraes_Maritimo
2027-04-09,20:00,POL,GKS Katowice,Lech Poznan,,,SCHEDULED,POL_20270409_GKS_Katowice_Lech_Poznan
2027-04-09,20:00,SWZ,Sion,Zurich,,,SCHEDULED,SWZ_20270409_Sion_Zurich
2027-04-09,20:00,T1,Kocaelispor,Gaziantep,,,SCHEDULED,T1_20270409_Kocaelispor_Gaziantep
2027-04-09,20:30,D1,Augsburg,Leverkusen,,,SCHEDULED,D1_20270409_Augsburg_Leverkusen
2027-04-09,20:30,D2,Heidenheim,Dresden,,,SCHEDULED,D2_20270409_Heidenheim_Dresden
2027-04-09,20:45,F1,Paris SG,Le Havre,,,SCHEDULED,F1_20270409_Paris_SG_Le_Havre
2027-04-09,20:45,F2,St Etienne,Reims,,,SCHEDULED,F2_20270409_St_Etienne_Reims
2027-04-09,20:45,I1,Torino,Bologna,,,SCHEDULED,I1_20270409_Torino_Bologna
2027-04-09,20:45,I2,Vicenza,Avellino,,,SCHEDULED,I2_20270409_Vicenza_Avellino
2027-04-09,21:00,SP1,Santander,Malaga,,,SCHEDULED,SP1_20270409_Santander_Malaga
2027-04-09,21:00,SP2,Tenerife,Almeria,,,SCHEDULED,SP2_20270409_Tenerife_Almeria
2027-04-09,21:00,USA,FC Dallas,Portland Timbers,,,SCHEDULED,USA_20270409_FC_Dallas_Portland_Timbers
2027-04-09,21:00,USA,Orlando City,Nashville SC,,,SCHEDULED,USA_20270409_Orlando_City_Nashville_SC
2027-04-10,14:00,JPN,FC Tokyo,Shimizu S-Pulse,,,SCHEDULED,JPN_20270410_FC_Tokyo_Shimizu_S_Pulse
2027-04-10,14:00,JPN,Kashiwa Reysol,Chiba,,,SCHEDULED,JPN_20270410_Kashiwa_Reysol_Chiba
2027-04-10,14:00,JPN,Kyoto,Avispa Fukuoka,,,SCHEDULED,JPN_20270410_Kyoto_Avispa_Fukuoka
2027-04-10,14:00,SP1,La Coruna,Getafe,,,SCHEDULED,SP1_20270410_La_Coruna_Getafe
2027-04-10,14:00,SP1,Levante,Sevilla,,,SCHEDULED,SP1_20270410_Levante_Sevilla
2027-04-10,14:00,SP2,Andorra,Eibar,,,SCHEDULED,SP2_20270410_Andorra_Eibar
2027-04-10,14:00,SP2,Leganes,Burgos,,,SCHEDULED,SP2_20270410_Leganes_Burgos
2027-04-10,15:00,E0,Aston Villa,Brighton,,,SCHEDULED,E0_20270410_Aston_Villa_Brighton
2027-04-10,15:00,E0,Bournemouth,Man City,,,SCHEDULED,E0_20270410_Bournemouth_Man_City
2027-04-10,15:00,E0,Chelsea,Fulham,,,SCHEDULED,E0_20270410_Chelsea_Fulham
2027-04-10,15:00,E0,Coventry,Arsenal,,,SCHEDULED,E0_20270410_Coventry_Arsenal
2027-04-10,15:00,E0,Crystal Palace,Everton,,,SCHEDULED,E0_20270410_Crystal_Palace_Everton
2027-04-10,15:00,E0,Leeds,Nott'm Forest,,,SCHEDULED,E0_20270410_Leeds_Nott_m_Forest
2027-04-10,15:00,E0,Liverpool,Newcastle,,,SCHEDULED,E0_20270410_Liverpool_Newcastle
2027-04-10,15:00,E0,Man United,Hull,,,SCHEDULED,E0_20270410_Man_United_Hull
2027-04-10,15:00,E0,Sunderland,Ipswich,,,SCHEDULED,E0_20270410_Sunderland_Ipswich
2027-04-10,15:00,E0,Tottenham,Brentford,,,SCHEDULED,E0_20270410_Tottenham_Brentford
2027-04-10,15:00,E1,Blackburn,Preston,,,SCHEDULED,E1_20270410_Blackburn_Preston
2027-04-10,15:00,E1,Bolton,Millwall,,,SCHEDULED,E1_20270410_Bolton_Millwall
2027-04-10,15:00,E1,Bristol City,Burnley,,,SCHEDULED,E1_20270410_Bristol_City_Burnley
2027-04-10,15:00,E1,Cardiff,Portsmouth,,,SCHEDULED,E1_20270410_Cardiff_Portsmouth
2027-04-10,15:00,E1,Charlton,Stoke,,,SCHEDULED,E1_20270410_Charlton_Stoke
2027-04-10,15:00,E1,Derby,West Ham,,,SCHEDULED,E1_20270410_Derby_West_Ham
2027-04-10,15:00,E1,Middlesbrough,QPR,,,SCHEDULED,E1_20270410_Middlesbrough_QPR
2027-04-10,15:00,E1,Norwich,Sheffield United,,,SCHEDULED,E1_20270410_Norwich_Sheffield_United
2027-04-10,15:00,E1,Southampton,Lincoln,,,SCHEDULED,E1_20270410_Southampton_Lincoln
2027-04-10,15:00,E1,Watford,West Brom,,,SCHEDULED,E1_20270410_Watford_West_Brom
2027-04-10,15:00,E1,Wolves,Birmingham,,,SCHEDULED,E1_20270410_Wolves_Birmingham
2027-04-10,15:00,E1,Wrexham,Swansea,,,SCHEDULED,E1_20270410_Wrexham_Swansea
2027-04-10,15:00,E2,AFC Wimbledon,Bradford,,,SCHEDULED,E2_20270410_AFC_Wimbledon_Bradford
2027-04-10,15:00,E2,Barnsley,Peterboro,,,SCHEDULED,E2_20270410_Barnsley_Peterboro
2027-04-10,15:00,E2,Blackpool,Huddersfield,,,SCHEDULED,E2_20270410_Blackpool_Huddersfield
2027-04-10,15:00,E2,Bromley,Luton,,,SCHEDULED,E2_20270410_Bromley_Luton
2027-04-10,15:00,E2,Cambridge,Notts County,,,SCHEDULED,E2_20270410_Cambridge_Notts_County
2027-04-10,15:00,E2,Leyton Orient,Milton Keynes Dons,,,SCHEDULED,E2_20270410_Leyton_Orient_Milton_Keynes_Dons
2027-04-10,15:00,E2,Plymouth,Oxford,,,SCHEDULED,E2_20270410_Plymouth_Oxford
2027-04-10,15:00,E2,Reading,Burton,,,SCHEDULED,E2_20270410_Reading_Burton
2027-04-10,15:00,E2,Sheffield Weds,Leicester,,,SCHEDULED,E2_20270410_Sheffield_Weds_Leicester
2027-04-10,15:00,E2,Stockport,Stevenage,,,SCHEDULED,E2_20270410_Stockport_Stevenage
2027-04-10,15:00,E2,Wigan,Doncaster,,,SCHEDULED,E2_20270410_Wigan_Doncaster
2027-04-10,15:00,E2,Wycombe,Mansfield,,,SCHEDULED,E2_20270410_Wycombe_Mansfield
2027-04-10,15:00,E3,Colchester,Chesterfield,,,SCHEDULED,E3_20270410_Colchester_Chesterfield
2027-04-10,15:00,E3,Crewe,Shrewsbury,,,SCHEDULED,E3_20270410_Crewe_Shrewsbury
2027-04-10,15:00,E3,Exeter,Crawley Town,,,SCHEDULED,E3_20270410_Exeter_Crawley_Town
2027-04-10,15:00,E3,Fleetwood Town,Northampton,,,SCHEDULED,E3_20270410_Fleetwood_Town_Northampton
2027-04-10,15:00,E3,Gillingham,Rochdale,,,SCHEDULED,E3_20270410_Gillingham_Rochdale
2027-04-10,15:00,E3,Salford,Grimsby,,,SCHEDULED,E3_20270410_Salford_Grimsby
2027-04-10,15:00,E3,Tranmere,Accrington,,,SCHEDULED,E3_20270410_Tranmere_Accrington
2027-04-10,15:00,E3,York,Barnet,,,SCHEDULED,E3_20270410_York_Barnet
2027-04-10,15:00,I1,Como,Roma,,,SCHEDULED,I1_20270410_Como_Roma
2027-04-10,15:00,I1,Fiorentina,Udinese,,,SCHEDULED,I1_20270410_Fiorentina_Udinese
2027-04-10,15:00,I2,Empoli,Benevento,,,SCHEDULED,I2_20270410_Empoli_Benevento
2027-04-10,15:00,I2,Palermo,Pisa,,,SCHEDULED,I2_20270410_Palermo_Pisa
2027-04-10,15:00,SC0,Hearts,Kilmarnock,,,SCHEDULED,SC0_20270410_Hearts_Kilmarnock
2027-04-10,15:00,SC0,Motherwell,Celtic,,,SCHEDULED,SC0_20270410_Motherwell_Celtic
2027-04-10,15:00,SC0,Rangers,Aberdeen,,,SCHEDULED,SC0_20270410_Rangers_Aberdeen
2027-04-10,15:00,SC0,St Mirren,St Johnstone,,,SCHEDULED,SC0_20270410_St_Mirren_St_Johnstone
2027-04-10,15:30,D1,Dortmund,Hoffenheim,,,SCHEDULED,D1_20270410_Dortmund_Hoffenheim
2027-04-10,15:30,D1,Hamburg,Bayern Munich,,,SCHEDULED,D1_20270410_Hamburg_Bayern_Munich
2027-04-10,15:30,D1,Paderborn,Mainz,,,SCHEDULED,D1_20270410_Paderborn_Mainz
2027-04-10,15:30,D1,RB Leipzig,Elversberg,,,SCHEDULED,D1_20270410_RB_Leipzig_Elversberg
2027-04-10,15:30,D1,Stuttgart,Werder Bremen,,,SCHEDULED,D1_20270410_Stuttgart_Werder_Bremen
2027-04-10,15:30,D2,Braunschweig,Darmstadt,,,SCHEDULED,D2_20270410_Braunschweig_Darmstadt
2027-04-10,15:30,D2,Cottbus,Hannover,,,SCHEDULED,D2_20270410_Cottbus_Hannover
2027-04-10,15:30,D2,Kaiserslautern,Greuther Furth,,,SCHEDULED,D2_20270410_Kaiserslautern_Greuther_Furth
2027-04-10,15:30,D2,Karlsruhe,Magdeburg,,,SCHEDULED,D2_20270410_Karlsruhe_Magdeburg
2027-04-10,15:30,D2,Wolfsburg,Hertha,,,SCHEDULED,D2_20270410_Wolfsburg_Hertha
2027-04-10,16:00,JPN,Kawasaki Frontale,Kashima Antlers,,,SCHEDULED,JPN_20270410_Kawasaki_Frontale_Kashima_Antlers
2027-04-10,16:00,JPN,Mito,Urawa Reds,,,SCHEDULED,JPN_20270410_Mito_Urawa_Reds
2027-04-10,16:15,SP1,Celta,Espanol,,,SCHEDULED,SP1_20270410_Celta_Espanol
2027-04-10,16:15,SP2,Ceuta,Sociedad B,,,SCHEDULED,SP2_20270410_Ceuta_Sociedad_B
2027-04-10,16:15,SP2,Sp Gijon,Valladolid,,,SCHEDULED,SP2_20270410_Sp_Gijon_Valladolid
2027-04-10,17:00,F1,Angers,Paris FC,,,SCHEDULED,F1_20270410_Angers_Paris_FC
2027-04-10,17:00,F1,Lorient,Troyes,,,SCHEDULED,F1_20270410_Lorient_Troyes
2027-04-10,17:00,F2,Clermont,Metz,,,SCHEDULED,F2_20270410_Clermont_Metz
2027-04-10,17:00,F2,Rodez,Grenoble,,,SCHEDULED,F2_20270410_Rodez_Grenoble
2027-04-10,17:30,E3,Bristol Rvs,Swindon,,,SCHEDULED,E3_20270410_Bristol_Rvs_Swindon
2027-04-10,17:30,SC0,Dundee,Hibernian,,,SCHEDULED,SC0_20270410_Dundee_Hibernian
2027-04-10,18:00,AUT,Tirol,SK Rapid,,,SCHEDULED,AUT_20270410_Tirol_SK_Rapid
2027-04-10,18:00,B1,Anderlecht,Gent,,,SCHEDULED,B1_20270410_Anderlecht_Gent
2027-04-10,18:00,B1,Lommel SK,Antwerp,,,SCHEDULED,B1_20270410_Lommel_SK_Antwerp
2027-04-10,18:00,B1,Westerlo,St. Gilloise,,,SCHEDULED,B1_20270410_Westerlo_St_Gilloise
2027-04-10,18:00,DNK,Horsens,Silkeborg,,,SCHEDULED,DNK_20270410_Horsens_Silkeborg
2027-04-10,18:00,I1,Inter,Monza,,,SCHEDULED,I1_20270410_Inter_Monza
2027-04-10,18:00,I1,Sassuolo,Venezia,,,SCHEDULED,I1_20270410_Sassuolo_Venezia
2027-04-10,18:00,I2,Carrarese,Arezzo,,,SCHEDULED,I2_20270410_Carrarese_Arezzo
2027-04-10,18:00,I2,Catanzaro,Sampdoria,,,SCHEDULED,I2_20270410_Catanzaro_Sampdoria
2027-04-10,18:00,N1,Telstar,Heerenveen,,,SCHEDULED,N1_20270410_Telstar_Heerenveen
2027-04-10,18:00,N1,Twente,Cambuur,,,SCHEDULED,N1_20270410_Twente_Cambuur
2027-04-10,18:00,N1,Utrecht,Groningen,,,SCHEDULED,N1_20270410_Utrecht_Groningen
2027-04-10,18:00,P1,Moreirense,Sp Lisbon,,,SCHEDULED,P1_20270410_Moreirense_Sp_Lisbon
2027-04-10,18:00,P1,Rio Ave,Sp Braga,,,SCHEDULED,P1_20270410_Rio_Ave_Sp_Braga
2027-04-10,18:00,P1,Santa Clara,Gil Vicente,,,SCHEDULED,P1_20270410_Santa_Clara_Gil_Vicente
2027-04-10,18:00,POL,Korona Kielce,Piast Gliwice,,,SCHEDULED,POL_20270410_Korona_Kielce_Piast_Gliwice
2027-04-10,18:00,POL,Pogon Szczecin,Gornik Zabrze,,,SCHEDULED,POL_20270410_Pogon_Szczecin_Gornik_Zabrze
2027-04-10,18:00,POL,Slask Wroclaw,Radomiak Radom,,,SCHEDULED,POL_20270410_Slask_Wroclaw_Radomiak_Radom
2027-04-10,18:00,SWZ,Vaduz,Lausanne,,,SCHEDULED,SWZ_20270410_Vaduz_Lausanne
2027-04-10,18:00,T1,Erzurumspor,Alanyaspor,,,SCHEDULED,T1_20270410_Erzurumspor_Alanyaspor
2027-04-10,18:00,T1,Genclerbirligi,Goztep,,,SCHEDULED,T1_20270410_Genclerbirligi_Goztep
2027-04-10,18:00,T1,Konyaspor,Corum,,,SCHEDULED,T1_20270410_Konyaspor_Corum
2027-04-10,18:30,D1,Freiburg,Ein Frankfurt,,,SCHEDULED,D1_20270410_Freiburg_Ein_Frankfurt
2027-04-10,18:30,D2,Bochum,St Pauli,,,SCHEDULED,D2_20270410_Bochum_St_Pauli
2027-04-10,18:30,SP1,Alaves,Villarreal,,,SCHEDULED,SP1_20270410_Alaves_Villarreal
2027-04-10,18:30,SP2,Cadiz,Granada,,,SCHEDULED,SP2_20270410_Cadiz_Granada
2027-04-10,19:30,USA,Chicago Fire,Inter Miami,,,SCHEDULED,USA_20270410_Chicago_Fire_Inter_Miami
2027-04-10,19:30,USA,New York Red Bulls,Philadelphia Union,,,SCHEDULED,USA_20270410_New_York_Red_Bulls_Philadelphia_Union
2027-04-10,19:30,USA,Real Salt Lake,Houston Dynamo,,,SCHEDULED,USA_20270410_Real_Salt_Lake_Houston_Dynamo
2027-04-10,19:30,USA,St. Louis City,Minnesota United,,,SCHEDULED,USA_20270410_St_Louis_City_Minnesota_United
2027-04-10,20:45,AUT,LASK,A. Lustenau,,,SCHEDULED,AUT_20270410_LASK_A_Lustenau
2027-04-10,20:45,B1,Oud-Heverlee Leuven,Beveren,,,SCHEDULED,B1_20270410_Oud_Heverlee_Leuven_Beveren
2027-04-10,20:45,DNK,Sonderjyske,Nordsjaelland,,,SCHEDULED,DNK_20270410_Sonderjyske_Nordsjaelland
2027-04-10,20:45,I1,Milan,Lecce,,,SCHEDULED,I1_20270410_Milan_Lecce
2027-04-10,20:45,I2,Padova,Virtus Entella,,,SCHEDULED,I2_20270410_Padova_Virtus_Entella
2027-04-10,20:45,N1,Ajax,Go Ahead Eagles,,,SCHEDULED,N1_20270410_Ajax_Go_Ahead_Eagles
2027-04-10,20:45,P1,Benfica,Famalicao,,,SCHEDULED,P1_20270410_Benfica_Famalicao
2027-04-10,20:45,POL,Widzew Lodz,Motor Lublin,,,SCHEDULED,POL_20270410_Widzew_Lodz_Motor_Lublin
2027-04-10,20:45,SWZ,St. Gallen,Luzern,,,SCHEDULED,SWZ_20270410_St_Gallen_Luzern
2027-04-10,20:45,T1,Buyuksehyr,Samsunspor,,,SCHEDULED,T1_20270410_Buyuksehyr_Samsunspor
2027-04-10,21:00,F1,Nice,Lille,,,SCHEDULED,F1_20270410_Nice_Lille
2027-04-10,21:00,F2,Annecy,Red Star,,,SCHEDULED,F2_20270410_Annecy_Red_Star
2027-04-10,21:00,SP1,Real Madrid,Ath Bilbao,,,SCHEDULED,SP1_20270410_Real_Madrid_Ath_Bilbao
2027-04-10,21:00,SP2,Oviedo,Castellon,,,SCHEDULED,SP2_20270410_Oviedo_Castellon
2027-04-10,21:00,USA,New York City,Charlotte,,,SCHEDULED,USA_20270410_New_York_City_Charlotte
2027-04-10,21:00,USA,Seattle Sounders,Los Angeles FC,,,SCHEDULED,USA_20270410_Seattle_Sounders_Los_Angeles_FC
2027-04-11,12:30,I1,Lazio,Juventus,,,SCHEDULED,I1_20270411_Lazio_Juventus
2027-04-11,12:30,I2,Verona,Juve Stabia,,,SCHEDULED,I2_20270411_Verona_Juve_Stabia
2027-04-11,14:00,E3,Newport County,Port Vale,,,SCHEDULED,E3_20270411_Newport_County_Port_Vale
2027-04-11,14:00,JPN,Machida,Cerezo Osaka,,,SCHEDULED,JPN_20270411_Machida_Cerezo_Osaka
2027-04-11,14:00,JPN,Sanfrecce Hiroshima,Gamba Osaka,,,SCHEDULED,JPN_20270411_Sanfrecce_Hiroshima_Gamba_Osaka
2027-04-11,14:00,JPN,V-Varen Nagasaki,Nagoya Grampus,,,SCHEDULED,JPN_20270411_V_Varen_Nagasaki_Nagoya_Grampus
2027-04-11,14:00,SC0,Dundee United,Falkirk,,,SCHEDULED,SC0_20270411_Dundee_United_Falkirk
2027-04-11,14:00,SP1,Elche,Sociedad,,,SCHEDULED,SP1_20270411_Elche_Sociedad
2027-04-11,14:00,SP2,Albacete,Mallorca,,,SCHEDULED,SP2_20270411_Albacete_Mallorca
2027-04-11,14:30,AUT,Hartberg,Sturm Graz,,,SCHEDULED,AUT_20270411_Hartberg_Sturm_Graz
2027-04-11,14:30,B1,Kortrijk,Standard,,,SCHEDULED,B1_20270411_Kortrijk_Standard
2027-04-11,14:30,B1,Waregem,RAAL La Louviere,,,SCHEDULED,B1_20270411_Waregem_RAAL_La_Louviere
2027-04-11,14:30,DNK,Odense,Midtjylland,,,SCHEDULED,DNK_20270411_Odense_Midtjylland
2027-04-11,14:30,N1,PSV Eindhoven,Nijmegen,,,SCHEDULED,N1_20270411_PSV_Eindhoven_Nijmegen
2027-04-11,14:30,N1,Sparta Rotterdam,Willem II,,,SCHEDULED,N1_20270411_Sparta_Rotterdam_Willem_II
2027-04-11,14:30,P1,Arouca,Porto,,,SCHEDULED,P1_20270411_Arouca_Porto
2027-04-11,14:30,P1,Casa Pia,Estoril,,,SCHEDULED,P1_20270411_Casa_Pia_Estoril
2027-04-11,14:30,POL,Wieczysta Krakow,Jagiellonia,,,SCHEDULED,POL_20270411_Wieczysta_Krakow_Jagiellonia
2027-04-11,14:30,POL,Wisla,Cracovia,,,SCHEDULED,POL_20270411_Wisla_Cracovia
2027-04-11,14:30,SWZ,Thun,Servette,,,SCHEDULED,SWZ_20270411_Thun_Servette
2027-04-11,14:30,T1,Galatasaray,Amedspor,,,SCHEDULED,T1_20270411_Galatasaray_Amedspor
2027-04-11,14:30,T1,Rizespor,Trabzonspor,,,SCHEDULED,T1_20270411_Rizespor_Trabzonspor
2027-04-11,15:00,F1,Auxerre,Monaco,,,SCHEDULED,F1_20270411_Auxerre_Monaco
2027-04-11,15:00,F1,Lens,Lyon,,,SCHEDULED,F1_20270411_Lens_Lyon
2027-04-11,15:00,F1,Strasbourg,Marseille,,,SCHEDULED,F1_20270411_Strasbourg_Marseille
2027-04-11,15:00,F2,Guingamp,Pau FC,,,SCHEDULED,F2_20270411_Guingamp_Pau_FC
2027-04-11,15:00,F2,Laval,Dunkerque,,,SCHEDULED,F2_20270411_Laval_Dunkerque
2027-04-11,15:00,F2,Nancy,Montpellier,,,SCHEDULED,F2_20270411_Nancy_Montpellier
2027-04-11,15:00,I1,Cagliari,Atalanta,,,SCHEDULED,I1_20270411_Cagliari_Atalanta
2027-04-11,15:00,I2,Sudtirol,Ascoli,,,SCHEDULED,I2_20270411_Sudtirol_Ascoli
2027-04-11,15:30,D1,Schalke 04,Union Berlin,,,SCHEDULED,D1_20270411_Schalke_04_Union_Berlin
2027-04-11,15:30,D2,Osnabruck,Nurnberg,,,SCHEDULED,D2_20270411_Osnabruck_Nurnberg
2027-04-11,16:00,JPN,Verdy,Yokohama F. Marinos,,,SCHEDULED,JPN_20270411_Verdy_Yokohama_F_Marinos
2027-04-11,16:00,JPN,Vissel Kobe,Okayama,,,SCHEDULED,JPN_20270411_Vissel_Kobe_Okayama
2027-04-11,16:00,USA,Atlanta Utd,CF Montreal,,,SCHEDULED,USA_20270411_Atlanta_Utd_CF_Montreal
2027-04-11,16:00,USA,San Jose Earthquakes,San Diego FC,,,SCHEDULED,USA_20270411_San_Jose_Earthquakes_San_Diego_FC
2027-04-11,16:15,SP1,Vallecano,Ath Madrid,,,SCHEDULED,SP1_20270411_Vallecano_Ath_Madrid
2027-04-11,16:15,SP2,Girona,Las Palmas,,,SCHEDULED,SP2_20270411_Girona_Las_Palmas
2027-04-11,16:30,AUT,Grazer AK,Salzburg,,,SCHEDULED,AUT_20270411_Grazer_AK_Salzburg
2027-04-11,16:30,B1,Cercle Brugge,St Truiden,,,SCHEDULED,B1_20270411_Cercle_Brugge_St_Truiden
2027-04-11,16:30,DNK,Aarhus,Brondby,,,SCHEDULED,DNK_20270411_Aarhus_Brondby
2027-04-11,16:30,E3,Rotherham,Cheltenham,,,SCHEDULED,E3_20270411_Rotherham_Cheltenham
2027-04-11,16:30,N1,Feyenoord,Excelsior,,,SCHEDULED,N1_20270411_Feyenoord_Excelsior
2027-04-11,16:30,P1,Nacional,Estrela,,,SCHEDULED,P1_20270411_Nacional_Estrela
2027-04-11,16:30,POL,Wisla Plock,Legia,,,SCHEDULED,POL_20270411_Wisla_Plock_Legia
2027-04-11,16:30,SWZ,Young Boys,Grasshoppers,,,SCHEDULED,SWZ_20270411_Young_Boys_Grasshoppers
2027-04-11,16:30,T1,Eyupspor,Kasimpasa,,,SCHEDULED,T1_20270411_Eyupspor_Kasimpasa
2027-04-11,17:15,F1,Brest,Le Mans,,,SCHEDULED,F1_20270411_Brest_Le_Mans
2027-04-11,17:15,F2,Sochaux,Nantes,,,SCHEDULED,F2_20270411_Sochaux_Nantes
2027-04-11,17:30,D1,M'gladbach,FC Koln,,,SCHEDULED,D1_20270411_M_gladbach_FC_Koln
2027-04-11,17:30,D2,Bielefeld,Holstein Kiel,,,SCHEDULED,D2_20270411_Bielefeld_Holstein_Kiel
2027-04-11,18:00,I1,Napoli,Frosinone,,,SCHEDULED,I1_20270411_Napoli_Frosinone
2027-04-11,18:00,I2,Modena,Mantova,,,SCHEDULED,I2_20270411_Modena_Mantova
2027-04-11,18:30,AUT,Altach,Ried,,,SCHEDULED,AUT_20270411_Altach_Ried
2027-04-11,18:30,B1,Mechelen,Club Brugge,,,SCHEDULED,B1_20270411_Mechelen_Club_Brugge
2027-04-11,18:30,DNK,Viborg,FC Copenhagen,,,SCHEDULED,DNK_20270411_Viborg_FC_Copenhagen
2027-04-11,18:30,N1,Zwolle,Den Haag,,,SCHEDULED,N1_20270411_Zwolle_Den_Haag
2027-04-11,18:30,P1,Academico Viseu,Alverca,,,SCHEDULED,P1_20270411_Academico_Viseu_Alverca
2027-04-11,18:30,POL,Zaglebie,Rakow,,,SCHEDULED,POL_20270411_Zaglebie_Rakow
2027-04-11,18:30,SP1,Betis,Valencia,,,SCHEDULED,SP1_20270411_Betis_Valencia
2027-04-11,18:30,SP2,Celta B,Eldense,,,SCHEDULED,SP2_20270411_Celta_B_Eldense
2027-04-11,18:30,SWZ,Lugano,Basel,,,SCHEDULED,SWZ_20270411_Lugano_Basel
2027-04-11,18:30,T1,Besiktas,Fenerbahce,,,SCHEDULED,T1_20270411_Besiktas_Fenerbahce
2027-04-11,18:30,USA,Colorado Rapids,Austin FC,,,SCHEDULED,USA_20270411_Colorado_Rapids_Austin_FC
2027-04-11,18:30,USA,DC United,Columbus Crew,,,SCHEDULED,USA_20270411_DC_United_Columbus_Crew
2027-04-11,20:45,F1,Toulouse,Rennes,,,SCHEDULED,F1_20270411_Toulouse_Rennes
2027-04-11,20:45,F2,Boulogne,Dijon,,,SCHEDULED,F2_20270411_Boulogne_Dijon
2027-04-11,20:45,I1,Parma,Genoa,,,SCHEDULED,I1_20270411_Parma_Genoa
2027-04-11,20:45,I2,Cremonese,Cesena,,,SCHEDULED,I2_20270411_Cremonese_Cesena
2027-04-11,21:00,SP1,Barcelona,Osasuna,,,SCHEDULED,SP1_20270411_Barcelona_Osasuna
2027-04-11,21:00,SP2,Cordoba,Sabadell,,,SCHEDULED,SP2_20270411_Cordoba_Sabadell
2027-04-11,21:00,USA,Los Angeles Galaxy,Vancouver Whitecaps,,,SCHEDULED,USA_20270411_Los_Angeles_Galaxy_Vancouver_Whitecaps
2027-04-11,21:00,USA,New England Revolution,FC Cincinnati,,,SCHEDULED,USA_20270411_New_England_Revolution_FC_Cincinnati
2027-04-13,19:45,E2,AFC Wimbledon,Cambridge,,,SCHEDULED,E2_20270413_AFC_Wimbledon_Cambridge
2027-04-13,19:45,E2,Barnsley,Bradford,,,SCHEDULED,E2_20270413_Barnsley_Bradford
2027-04-13,19:45,E2,Blackpool,Notts County,,,SCHEDULED,E2_20270413_Blackpool_Notts_County
2027-04-13,19:45,E2,Bromley,Milton Keynes Dons,,,SCHEDULED,E2_20270413_Bromley_Milton_Keynes_Dons
2027-04-13,19:45,E2,Burton,Plymouth,,,SCHEDULED,E2_20270413_Burton_Plymouth
2027-04-13,19:45,E2,Leyton Orient,Mansfield,,,SCHEDULED,E2_20270413_Leyton_Orient_Mansfield
2027-04-13,19:45,E2,Luton,Huddersfield,,,SCHEDULED,E2_20270413_Luton_Huddersfield
2027-04-13,19:45,E2,Oxford,Doncaster,,,SCHEDULED,E2_20270413_Oxford_Doncaster
2027-04-13,19:45,E2,Peterboro,Stockport,,,SCHEDULED,E2_20270413_Peterboro_Stockport
2027-04-13,19:45,E2,Sheffield Weds,Stevenage,,,SCHEDULED,E2_20270413_Sheffield_Weds_Stevenage
2027-04-13,19:45,E2,Wigan,Leicester,,,SCHEDULED,E2_20270413_Wigan_Leicester
2027-04-13,20:00,E2,Reading,Wycombe,,,SCHEDULED,E2_20270413_Reading_Wycombe
2027-04-16,20:00,AUT,Wolfsberger AC,Altach,,,SCHEDULED,AUT_20270416_Wolfsberger_AC_Altach
2027-04-16,20:00,B1,Westerlo,Club Brugge,,,SCHEDULED,B1_20270416_Westerlo_Club_Brugge
2027-04-16,20:00,DNK,Randers FC,Viborg,,,SCHEDULED,DNK_20270416_Randers_FC_Viborg
2027-04-16,20:00,E3,Rotherham,Shrewsbury,,,SCHEDULED,E3_20270416_Rotherham_Shrewsbury
2027-04-16,20:00,N1,Utrecht,Den Haag,,,SCHEDULED,N1_20270416_Utrecht_Den_Haag
2027-04-16,20:00,P1,Moreirense,Alverca,,,SCHEDULED,P1_20270416_Moreirense_Alverca
2027-04-16,20:00,POL,Slask Wroclaw,Rakow,,,SCHEDULED,POL_20270416_Slask_Wroclaw_Rakow
2027-04-16,20:00,SWZ,Sion,Lugano,,,SCHEDULED,SWZ_20270416_Sion_Lugano
2027-04-16,20:00,T1,Besiktas,Corum,,,SCHEDULED,T1_20270416_Besiktas_Corum
2027-04-16,20:30,D1,Augsburg,FC Koln,,,SCHEDULED,D1_20270416_Augsburg_FC_Koln
2027-04-16,20:30,D2,Bielefeld,Dresden,,,SCHEDULED,D2_20270416_Bielefeld_Dresden
2027-04-16,20:45,F1,Strasbourg,Rennes,,,SCHEDULED,F1_20270416_Strasbourg_Rennes
2027-04-16,20:45,F2,Laval,Dijon,,,SCHEDULED,F2_20270416_Laval_Dijon
2027-04-16,20:45,I1,Parma,Udinese,,,SCHEDULED,I1_20270416_Parma_Udinese
2027-04-16,20:45,I2,Cremonese,Pisa,,,SCHEDULED,I2_20270416_Cremonese_Pisa
2027-04-16,21:00,SP1,La Coruna,Osasuna,,,SCHEDULED,SP1_20270416_La_Coruna_Osasuna
2027-04-16,21:00,SP2,Andorra,Sabadell,,,SCHEDULED,SP2_20270416_Andorra_Sabadell
2027-04-16,21:00,USA,FC Dallas,Sporting Kansas City,,,SCHEDULED,USA_20270416_FC_Dallas_Sporting_Kansas_City
2027-04-16,21:00,USA,Orlando City,Toronto FC,,,SCHEDULED,USA_20270416_Orlando_City_Toronto_FC
2027-04-17,12:30,E2,Milton Keynes Dons,AFC Wimbledon,,,SCHEDULED,E2_20270417_Milton_Keynes_Dons_AFC_Wimbledon
2027-04-17,14:00,JPN,Sanfrecce Hiroshima,Urawa Reds,,,SCHEDULED,JPN_20270417_Sanfrecce_Hiroshima_Urawa_Reds
2027-04-17,14:00,JPN,Shimizu S-Pulse,Kashima Antlers,,,SCHEDULED,JPN_20270417_Shimizu_S_Pulse_Kashima_Antlers
2027-04-17,14:00,JPN,Verdy,Gamba Osaka,,,SCHEDULED,JPN_20270417_Verdy_Gamba_Osaka
2027-04-17,14:00,SP1,Celta,Levante,,,SCHEDULED,SP1_20270417_Celta_Levante
2027-04-17,14:00,SP1,Santander,Getafe,,,SCHEDULED,SP1_20270417_Santander_Getafe
2027-04-17,14:00,SP2,Sp Gijon,Leganes,,,SCHEDULED,SP2_20270417_Sp_Gijon_Leganes
2027-04-17,14:00,SP2,Tenerife,Sociedad B,,,SCHEDULED,SP2_20270417_Tenerife_Sociedad_B
2027-04-17,15:00,E0,Arsenal,Aston Villa,,,SCHEDULED,E0_20270417_Arsenal_Aston_Villa
2027-04-17,15:00,E0,Brentford,Leeds,,,SCHEDULED,E0_20270417_Brentford_Leeds
2027-04-17,15:00,E0,Brighton,Chelsea,,,SCHEDULED,E0_20270417_Brighton_Chelsea
2027-04-17,15:00,E0,Everton,Bournemouth,,,SCHEDULED,E0_20270417_Everton_Bournemouth
2027-04-17,15:00,E0,Fulham,Sunderland,,,SCHEDULED,E0_20270417_Fulham_Sunderland
2027-04-17,15:00,E0,Hull,Coventry,,,SCHEDULED,E0_20270417_Hull_Coventry
2027-04-17,15:00,E0,Ipswich,Man United,,,SCHEDULED,E0_20270417_Ipswich_Man_United
2027-04-17,15:00,E0,Man City,Crystal Palace,,,SCHEDULED,E0_20270417_Man_City_Crystal_Palace
2027-04-17,15:00,E0,Newcastle,Tottenham,,,SCHEDULED,E0_20270417_Newcastle_Tottenham
2027-04-17,15:00,E0,Nott'm Forest,Liverpool,,,SCHEDULED,E0_20270417_Nott_m_Forest_Liverpool
2027-04-17,15:00,E1,Birmingham,Wrexham,,,SCHEDULED,E1_20270417_Birmingham_Wrexham
2027-04-17,15:00,E1,Burnley,Norwich,,,SCHEDULED,E1_20270417_Burnley_Norwich
2027-04-17,15:00,E1,Lincoln,Bolton,,,SCHEDULED,E1_20270417_Lincoln_Bolton
2027-04-17,15:00,E1,Millwall,Southampton,,,SCHEDULED,E1_20270417_Millwall_Southampton
2027-04-17,15:00,E1,Portsmouth,Bristol City,,,SCHEDULED,E1_20270417_Portsmouth_Bristol_City
2027-04-17,15:00,E1,Preston,Charlton,,,SCHEDULED,E1_20270417_Preston_Charlton
2027-04-17,15:00,E1,QPR,Blackburn,,,SCHEDULED,E1_20270417_QPR_Blackburn
2027-04-17,15:00,E1,Sheffield United,Cardiff,,,SCHEDULED,E1_20270417_Sheffield_United_Cardiff
2027-04-17,15:00,E1,Stoke,Wolves,,,SCHEDULED,E1_20270417_Stoke_Wolves
2027-04-17,15:00,E1,Swansea,Derby,,,SCHEDULED,E1_20270417_Swansea_Derby
2027-04-17,15:00,E1,West Brom,Middlesbrough,,,SCHEDULED,E1_20270417_West_Brom_Middlesbrough
2027-04-17,15:00,E1,West Ham,Watford,,,SCHEDULED,E1_20270417_West_Ham_Watford
2027-04-17,15:00,E2,Bradford,Luton,,,SCHEDULED,E2_20270417_Bradford_Luton
2027-04-17,15:00,E2,Cambridge,Oxford,,,SCHEDULED,E2_20270417_Cambridge_Oxford
2027-04-17,15:00,E2,Doncaster,Peterboro,,,SCHEDULED,E2_20270417_Doncaster_Peterboro
2027-04-17,15:00,E2,Huddersfield,Bromley,,,SCHEDULED,E2_20270417_Huddersfield_Bromley
2027-04-17,15:00,E2,Leicester,Barnsley,,,SCHEDULED,E2_20270417_Leicester_Barnsley
2027-04-17,15:00,E2,Mansfield,Burton,,,SCHEDULED,E2_20270417_Mansfield_Burton
2027-04-17,15:00,E2,Notts County,Reading,,,SCHEDULED,E2_20270417_Notts_County_Reading
2027-04-17,15:00,E2,Plymouth,Blackpool,,,SCHEDULED,E2_20270417_Plymouth_Blackpool
2027-04-17,15:00,E2,Stevenage,Leyton Orient,,,SCHEDULED,E2_20270417_Stevenage_Leyton_Orient
2027-04-17,15:00,E2,Stockport,Sheffield Weds,,,SCHEDULED,E2_20270417_Stockport_Sheffield_Weds
2027-04-17,15:00,E2,Wycombe,Wigan,,,SCHEDULED,E2_20270417_Wycombe_Wigan
2027-04-17,15:00,E3,Colchester,Fleetwood Town,,,SCHEDULED,E3_20270417_Colchester_Fleetwood_Town
2027-04-17,15:00,E3,Crewe,Grimsby,,,SCHEDULED,E3_20270417_Crewe_Grimsby
2027-04-17,15:00,E3,Exeter,Oldham,,,SCHEDULED,E3_20270417_Exeter_Oldham
2027-04-17,15:00,E3,Gillingham,Chesterfield,,,SCHEDULED,E3_20270417_Gillingham_Chesterfield
2027-04-17,15:00,E3,Northampton,Barnet,,,SCHEDULED,E3_20270417_Northampton_Barnet
2027-04-17,15:00,E3,Salford,Accrington,,,SCHEDULED,E3_20270417_Salford_Accrington
2027-04-17,15:00,E3,Tranmere,Crawley Town,,,SCHEDULED,E3_20270417_Tranmere_Crawley_Town
2027-04-17,15:00,E3,York,Port Vale,,,SCHEDULED,E3_20270417_York_Port_Vale
2027-04-17,15:00,I1,Inter,Como,,,SCHEDULED,I1_20270417_Inter_Como
2027-04-17,15:00,I1,Sassuolo,Bologna,,,SCHEDULED,I1_20270417_Sassuolo_Bologna
2027-04-17,15:00,I2,Carrarese,Empoli,,,SCHEDULED,I2_20270417_Carrarese_Empoli
2027-04-17,15:00,I2,Catanzaro,Avellino,,,SCHEDULED,I2_20270417_Catanzaro_Avellino
2027-04-17,15:00,SC0,Aberdeen,Motherwell,,,SCHEDULED,SC0_20270417_Aberdeen_Motherwell
2027-04-17,15:00,SC0,Celtic,Hearts,,,SCHEDULED,SC0_20270417_Celtic_Hearts
2027-04-17,15:00,SC0,Falkirk,St Mirren,,,SCHEDULED,SC0_20270417_Falkirk_St_Mirren
2027-04-17,15:00,SC0,St Johnstone,Kilmarnock,,,SCHEDULED,SC0_20270417_St_Johnstone_Kilmarnock
2027-04-17,15:30,D1,Bayern Munich,Hoffenheim,,,SCHEDULED,D1_20270417_Bayern_Munich_Hoffenheim
2027-04-17,15:30,D1,Dortmund,Mainz,,,SCHEDULED,D1_20270417_Dortmund_Mainz
2027-04-17,15:30,D1,Freiburg,Elversberg,,,SCHEDULED,D1_20270417_Freiburg_Elversberg
2027-04-17,15:30,D1,RB Leipzig,Werder Bremen,,,SCHEDULED,D1_20270417_RB_Leipzig_Werder_Bremen
2027-04-17,15:30,D1,Stuttgart,Hamburg,,,SCHEDULED,D1_20270417_Stuttgart_Hamburg
2027-04-17,15:30,D2,Braunschweig,Karlsruhe,,,SCHEDULED,D2_20270417_Braunschweig_Karlsruhe
2027-04-17,15:30,D2,Cottbus,Darmstadt,,,SCHEDULED,D2_20270417_Cottbus_Darmstadt
2027-04-17,15:30,D2,Kaiserslautern,St Pauli,,,SCHEDULED,D2_20270417_Kaiserslautern_St_Pauli
2027-04-17,15:30,D2,Magdeburg,Hertha,,,SCHEDULED,D2_20270417_Magdeburg_Hertha
2027-04-17,15:30,D2,Wolfsburg,Greuther Furth,,,SCHEDULED,D2_20270417_Wolfsburg_Greuther_Furth
2027-04-17,16:00,JPN,Machida,FC Tokyo,,,SCHEDULED,JPN_20270417_Machida_FC_Tokyo
2027-04-17,16:00,JPN,V-Varen Nagasaki,Avispa Fukuoka,,,SCHEDULED,JPN_20270417_V_Varen_Nagasaki_Avispa_Fukuoka
2027-04-17,16:15,SP1,Sevilla,Villarreal,,,SCHEDULED,SP1_20270417_Sevilla_Villarreal
2027-04-17,16:15,SP2,Burgos,Granada,,,SCHEDULED,SP2_20270417_Burgos_Granada
2027-04-17,16:15,SP2,Ceuta,Eibar,,,SCHEDULED,SP2_20270417_Ceuta_Eibar
2027-04-17,17:00,F1,Auxerre,Marseille,,,SCHEDULED,F1_20270417_Auxerre_Marseille
2027-04-17,17:00,F1,Paris FC,Lille,,,SCHEDULED,F1_20270417_Paris_FC_Lille
2027-04-17,17:00,F2,Guingamp,Dunkerque,,,SCHEDULED,F2_20270417_Guingamp_Dunkerque
2027-04-17,17:00,F2,Metz,Red Star,,,SCHEDULED,F2_20270417_Metz_Red_Star
2027-04-17,17:30,E3,Newport County,Cheltenham,,,SCHEDULED,E3_20270417_Newport_County_Cheltenham
2027-04-17,17:30,SC0,Dundee,Dundee United,,,SCHEDULED,SC0_20270417_Dundee_Dundee_United
2027-04-17,18:00,AUT,A. Lustenau,Tirol,,,SCHEDULED,AUT_20270417_A_Lustenau_Tirol
2027-04-17,18:00,B1,Charleroi,Standard,,,SCHEDULED,B1_20270417_Charleroi_Standard
2027-04-17,18:00,B1,Gent,Beveren,,,SCHEDULED,B1_20270417_Gent_Beveren
2027-04-17,18:00,B1,Kortrijk,Antwerp,,,SCHEDULED,B1_20270417_Kortrijk_Antwerp
2027-04-17,18:00,DNK,Nordsjaelland,Horsens,,,SCHEDULED,DNK_20270417_Nordsjaelland_Horsens
2027-04-17,18:00,I1,Fiorentina,Venezia,,,SCHEDULED,I1_20270417_Fiorentina_Venezia
2027-04-17,18:00,I1,Roma,Lecce,,,SCHEDULED,I1_20270417_Roma_Lecce
2027-04-17,18:00,I2,Benevento,Virtus Entella,,,SCHEDULED,I2_20270417_Benevento_Virtus_Entella
2027-04-17,18:00,I2,Palermo,Sampdoria,,,SCHEDULED,I2_20270417_Palermo_Sampdoria
2027-04-17,18:00,N1,AZ Alkmaar,Willem II,,,SCHEDULED,N1_20270417_AZ_Alkmaar_Willem_II
2027-04-17,18:00,N1,Cambuur,Go Ahead Eagles,,,SCHEDULED,N1_20270417_Cambuur_Go_Ahead_Eagles
2027-04-17,18:00,N1,Sparta Rotterdam,Heerenveen,,,SCHEDULED,N1_20270417_Sparta_Rotterdam_Heerenveen
2027-04-17,18:00,P1,Arouca,Gil Vicente,,,SCHEDULED,P1_20270417_Arouca_Gil_Vicente
2027-04-17,18:00,P1,Guimaraes,Porto,,,SCHEDULED,P1_20270417_Guimaraes_Porto
2027-04-17,18:00,P1,Sp Braga,Famalicao,,,SCHEDULED,P1_20270417_Sp_Braga_Famalicao
2027-04-17,18:00,POL,GKS Katowice,Jagiellonia,,,SCHEDULED,POL_20270417_GKS_Katowice_Jagiellonia
2027-04-17,18:00,POL,Piast Gliwice,Motor Lublin,,,SCHEDULED,POL_20270417_Piast_Gliwice_Motor_Lublin
2027-04-17,18:00,POL,Wieczysta Krakow,Gornik Zabrze,,,SCHEDULED,POL_20270417_Wieczysta_Krakow_Gornik_Zabrze
2027-04-17,18:00,SWZ,Luzern,Vaduz,,,SCHEDULED,SWZ_20270417_Luzern_Vaduz
2027-04-17,18:00,T1,Buyuksehyr,Genclerbirligi,,,SCHEDULED,T1_20270417_Buyuksehyr_Genclerbirligi
2027-04-17,18:00,T1,Erzurumspor,Trabzonspor,,,SCHEDULED,T1_20270417_Erzurumspor_Trabzonspor
2027-04-17,18:00,T1,Rizespor,Gaziantep,,,SCHEDULED,T1_20270417_Rizespor_Gaziantep
2027-04-17,18:30,D1,Paderborn,Union Berlin,,,SCHEDULED,D1_20270417_Paderborn_Union_Berlin
2027-04-17,18:30,D2,Osnabruck,Hannover,,,SCHEDULED,D2_20270417_Osnabruck_Hannover
2027-04-17,18:30,SP1,Real Madrid,Espanol,,,SCHEDULED,SP1_20270417_Real_Madrid_Espanol
2027-04-17,18:30,SP2,Oviedo,Valladolid,,,SCHEDULED,SP2_20270417_Oviedo_Valladolid
2027-04-17,19:30,USA,Chicago Fire,FC Cincinnati,,,SCHEDULED,USA_20270417_Chicago_Fire_FC_Cincinnati
2027-04-17,19:30,USA,Houston Dynamo,Minnesota United,,,SCHEDULED,USA_20270417_Houston_Dynamo_Minnesota_United
2027-04-17,19:30,USA,Philadelphia Union,Inter Miami,,,SCHEDULED,USA_20270417_Philadelphia_Union_Inter_Miami
2027-04-17,19:30,USA,St. Louis City,Vancouver Whitecaps,,,SCHEDULED,USA_20270417_St_Louis_City_Vancouver_Whitecaps
2027-04-17,20:45,AUT,Sturm Graz,SK Rapid,,,SCHEDULED,AUT_20270417_Sturm_Graz_SK_Rapid
2027-04-17,20:45,B1,Waregem,Anderlecht,,,SCHEDULED,B1_20270417_Waregem_Anderlecht
2027-04-17,20:45,DNK,Midtjylland,Silkeborg,,,SCHEDULED,DNK_20270417_Midtjylland_Silkeborg
2027-04-17,20:45,I1,Lazio,Monza,,,SCHEDULED,I1_20270417_Lazio_Monza
2027-04-17,20:45,I2,Verona,Arezzo,,,SCHEDULED,I2_20270417_Verona_Arezzo
2027-04-17,20:45,N1,PSV Eindhoven,Twente,,,SCHEDULED,N1_20270417_PSV_Eindhoven_Twente
2027-04-17,20:45,P1,Casa Pia,Rio Ave,,,SCHEDULED,P1_20270417_Casa_Pia_Rio_Ave
2027-04-17,20:45,POL,Wisla,Korona Kielce,,,SCHEDULED,POL_20270417_Wisla_Korona_Kielce
2027-04-17,20:45,SWZ,Servette,Lausanne,,,SCHEDULED,SWZ_20270417_Servette_Lausanne
2027-04-17,20:45,T1,Goztep,Amedspor,,,SCHEDULED,T1_20270417_Goztep_Amedspor
2027-04-17,21:00,F1,Lens,Angers,,,SCHEDULED,F1_20270417_Lens_Angers
2027-04-17,21:00,F2,Nancy,Clermont,,,SCHEDULED,F2_20270417_Nancy_Clermont
2027-04-17,21:00,SP1,Alaves,Sociedad,,,SCHEDULED,SP1_20270417_Alaves_Sociedad
2027-04-17,21:00,SP2,Cadiz,Mallorca,,,SCHEDULED,SP2_20270417_Cadiz_Mallorca
2027-04-17,21:00,USA,New York Red Bulls,Charlotte,,,SCHEDULED,USA_20270417_New_York_Red_Bulls_Charlotte
2027-04-17,21:00,USA,Real Salt Lake,Los Angeles FC,,,SCHEDULED,USA_20270417_Real_Salt_Lake_Los_Angeles_FC
2027-04-18,12:30,I1,Milan,Atalanta,,,SCHEDULED,I1_20270418_Milan_Atalanta
2027-04-18,12:30,I2,Padova,Ascoli,,,SCHEDULED,I2_20270418_Padova_Ascoli
2027-04-18,14:00,E3,Bristol Rvs,Rochdale,,,SCHEDULED,E3_20270418_Bristol_Rvs_Rochdale
2027-04-18,14:00,JPN,Kawasaki Frontale,Yokohama F. Marinos,,,SCHEDULED,JPN_20270418_Kawasaki_Frontale_Yokohama_F_Marinos
2027-04-18,14:00,JPN,Kyoto,Chiba,,,SCHEDULED,JPN_20270418_Kyoto_Chiba
2027-04-18,14:00,JPN,Mito,Okayama,,,SCHEDULED,JPN_20270418_Mito_Okayama
2027-04-18,14:00,SC0,Hibernian,Rangers,,,SCHEDULED,SC0_20270418_Hibernian_Rangers
2027-04-18,14:00,SP1,Vallecano,Ath Bilbao,,,SCHEDULED,SP1_20270418_Vallecano_Ath_Bilbao
2027-04-18,14:00,SP2,Girona,Castellon,,,SCHEDULED,SP2_20270418_Girona_Castellon
2027-04-18,14:30,AUT,Salzburg,LASK,,,SCHEDULED,AUT_20270418_Salzburg_LASK
2027-04-18,14:30,B1,Lommel SK,St. Gilloise,,,SCHEDULED,B1_20270418_Lommel_SK_St_Gilloise
2027-04-18,14:30,B1,Oud-Heverlee Leuven,St Truiden,,,SCHEDULED,B1_20270418_Oud_Heverlee_Leuven_St_Truiden
2027-04-18,14:30,DNK,Brondby,Sonderjyske,,,SCHEDULED,DNK_20270418_Brondby_Sonderjyske
2027-04-18,14:30,N1,Ajax,Excelsior,,,SCHEDULED,N1_20270418_Ajax_Excelsior
2027-04-18,14:30,N1,Telstar,Groningen,,,SCHEDULED,N1_20270418_Telstar_Groningen
2027-04-18,14:30,P1,Benfica,Estrela,,,SCHEDULED,P1_20270418_Benfica_Estrela
2027-04-18,14:30,P1,Santa Clara,Sp Lisbon,,,SCHEDULED,P1_20270418_Santa_Clara_Sp_Lisbon
2027-04-18,14:30,POL,Pogon Szczecin,Radomiak Radom,,,SCHEDULED,POL_20270418_Pogon_Szczecin_Radomiak_Radom
2027-04-18,14:30,POL,Widzew Lodz,Legia,,,SCHEDULED,POL_20270418_Widzew_Lodz_Legia
2027-04-18,14:30,SWZ,Grasshoppers,St. Gallen,,,SCHEDULED,SWZ_20270418_Grasshoppers_St_Gallen
2027-04-18,14:30,T1,Eyupspor,Samsunspor,,,SCHEDULED,T1_20270418_Eyupspor_Samsunspor
2027-04-18,14:30,T1,Konyaspor,Alanyaspor,,,SCHEDULED,T1_20270418_Konyaspor_Alanyaspor
2027-04-18,15:00,F1,Lorient,Monaco,,,SCHEDULED,F1_20270418_Lorient_Monaco
2027-04-18,15:00,F1,Nice,Le Mans,,,SCHEDULED,F1_20270418_Nice_Le_Mans
2027-04-18,15:00,F1,Paris SG,Troyes,,,SCHEDULED,F1_20270418_Paris_SG_Troyes
2027-04-18,15:00,F2,Annecy,Nantes,,,SCHEDULED,F2_20270418_Annecy_Nantes
2027-04-18,15:00,F2,Rodez,Pau FC,,,SCHEDULED,F2_20270418_Rodez_Pau_FC
2027-04-18,15:00,F2,St Etienne,Grenoble,,,SCHEDULED,F2_20270418_St_Etienne_Grenoble
2027-04-18,15:00,I1,Napoli,Juventus,,,SCHEDULED,I1_20270418_Napoli_Juventus
2027-04-18,15:00,I2,Modena,Juve Stabia,,,SCHEDULED,I2_20270418_Modena_Juve_Stabia
2027-04-18,15:30,D1,M'gladbach,Ein Frankfurt,,,SCHEDULED,D1_20270418_M_gladbach_Ein_Frankfurt
2027-04-18,15:30,D2,Bochum,Holstein Kiel,,,SCHEDULED,D2_20270418_Bochum_Holstein_Kiel
2027-04-18,16:00,JPN,Kashiwa Reysol,Cerezo Osaka,,,SCHEDULED,JPN_20270418_Kashiwa_Reysol_Cerezo_Osaka
2027-04-18,16:00,JPN,Vissel Kobe,Nagoya Grampus,,,SCHEDULED,JPN_20270418_Vissel_Kobe_Nagoya_Grampus
2027-04-18,16:00,USA,New York City,CF Montreal,,,SCHEDULED,USA_20270418_New_York_City_CF_Montreal
2027-04-18,16:00,USA,Seattle Sounders,San Diego FC,,,SCHEDULED,USA_20270418_Seattle_Sounders_San_Diego_FC
2027-04-18,16:15,SP1,Elche,Valencia,,,SCHEDULED,SP1_20270418_Elche_Valencia
2027-04-18,16:15,SP2,Albacete,Eldense,,,SCHEDULED,SP2_20270418_Albacete_Eldense
2027-04-18,16:30,AUT,Ried,Hartberg,,,SCHEDULED,AUT_20270418_Ried_Hartberg
2027-04-18,16:30,B1,Mechelen,RAAL La Louviere,,,SCHEDULED,B1_20270418_Mechelen_RAAL_La_Louviere
2027-04-18,16:30,DNK,FC Copenhagen,Odense,,,SCHEDULED,DNK_20270418_FC_Copenhagen_Odense
2027-04-18,16:30,E3,Walsall,Swindon,,,SCHEDULED,E3_20270418_Walsall_Swindon
2027-04-18,16:30,N1,Zwolle,Nijmegen,,,SCHEDULED,N1_20270418_Zwolle_Nijmegen
2027-04-18,16:30,P1,Academico Viseu,Estoril,,,SCHEDULED,P1_20270418_Academico_Viseu_Estoril
2027-04-18,16:30,POL,Zaglebie,Cracovia,,,SCHEDULED,POL_20270418_Zaglebie_Cracovia
2027-04-18,16:30,SWZ,Basel,Thun,,,SCHEDULED,SWZ_20270418_Basel_Thun
2027-04-18,16:30,T1,Galatasaray,Fenerbahce,,,SCHEDULED,T1_20270418_Galatasaray_Fenerbahce
2027-04-18,17:15,F1,Toulouse,Lyon,,,SCHEDULED,F1_20270418_Toulouse_Lyon
2027-04-18,17:15,F2,Boulogne,Montpellier,,,SCHEDULED,F2_20270418_Boulogne_Montpellier
2027-04-18,17:30,D1,Schalke 04,Leverkusen,,,SCHEDULED,D1_20270418_Schalke_04_Leverkusen
2027-04-18,17:30,D2,Heidenheim,Nurnberg,,,SCHEDULED,D2_20270418_Heidenheim_Nurnberg
2027-04-18,18:00,I1,Cagliari,Genoa,,,SCHEDULED,I1_20270418_Cagliari_Genoa
2027-04-18,18:00,I2,Sudtirol,Cesena,,,SCHEDULED,I2_20270418_Sudtirol_Cesena
2027-04-18,18:30,AUT,Austria Vienna,Grazer AK,,,SCHEDULED,AUT_20270418_Austria_Vienna_Grazer_AK
2027-04-18,18:30,B1,Cercle Brugge,Genk,,,SCHEDULED,B1_20270418_Cercle_Brugge_Genk
2027-04-18,18:30,DNK,Lyngby,Aarhus,,,SCHEDULED,DNK_20270418_Lyngby_Aarhus
2027-04-18,18:30,N1,Feyenoord,For Sittard,,,SCHEDULED,N1_20270418_Feyenoord_For_Sittard
2027-04-18,18:30,P1,Nacional,Maritimo,,,SCHEDULED,P1_20270418_Nacional_Maritimo
2027-04-18,18:30,POL,Wisla Plock,Lech Poznan,,,SCHEDULED,POL_20270418_Wisla_Plock_Lech_Poznan
2027-04-18,18:30,SP1,Barcelona,Ath Madrid,,,SCHEDULED,SP1_20270418_Barcelona_Ath_Madrid
2027-04-18,18:30,SP2,Cordoba,Las Palmas,,,SCHEDULED,SP2_20270418_Cordoba_Las_Palmas
2027-04-18,18:30,SWZ,Zurich,Young Boys,,,SCHEDULED,SWZ_20270418_Zurich_Young_Boys
2027-04-18,18:30,T1,Kocaelispor,Kasimpasa,,,SCHEDULED,T1_20270418_Kocaelispor_Kasimpasa
2027-04-18,18:30,USA,Atlanta Utd,Columbus Crew,,,SCHEDULED,USA_20270418_Atlanta_Utd_Columbus_Crew
2027-04-18,18:30,USA,San Jose Earthquakes,Austin FC,,,SCHEDULED,USA_20270418_San_Jose_Earthquakes_Austin_FC
2027-04-18,20:45,F1,Brest,Le Havre,,,SCHEDULED,F1_20270418_Brest_Le_Havre
2027-04-18,20:45,F2,Sochaux,Reims,,,SCHEDULED,F2_20270418_Sochaux_Reims
2027-04-18,20:45,I1,Torino,Frosinone,,,SCHEDULED,I1_20270418_Torino_Frosinone
2027-04-18,20:45,I2,Vicenza,Mantova,,,SCHEDULED,I2_20270418_Vicenza_Mantova
2027-04-18,21:00,SP1,Betis,Malaga,,,SCHEDULED,SP1_20270418_Betis_Malaga
2027-04-18,21:00,SP2,Celta B,Almeria,,,SCHEDULED,SP2_20270418_Celta_B_Almeria
2027-04-18,21:00,USA,Los Angeles Galaxy,Portland Timbers,,,SCHEDULED,USA_20270418_Los_Angeles_Galaxy_Portland_Timbers
2027-04-18,21:00,USA,New England Revolution,Nashville SC,,,SCHEDULED,USA_20270418_New_England_Revolution_Nashville_SC
2027-04-20,19:45,E1,Bolton,Sheffield United,,,SCHEDULED,E1_20270420_Bolton_Sheffield_United
2027-04-20,19:45,E1,Charlton,West Brom,,,SCHEDULED,E1_20270420_Charlton_West_Brom
2027-04-20,19:45,E1,Derby,Portsmouth,,,SCHEDULED,E1_20270420_Derby_Portsmouth
2027-04-20,19:45,E1,Middlesbrough,Burnley,,,SCHEDULED,E1_20270420_Middlesbrough_Burnley
2027-04-20,19:45,E1,Norwich,Stoke,,,SCHEDULED,E1_20270420_Norwich_Stoke
2027-04-20,19:45,E1,Southampton,Birmingham,,,SCHEDULED,E1_20270420_Southampton_Birmingham
2027-04-20,19:45,E1,Wolves,West Ham,,,SCHEDULED,E1_20270420_Wolves_West_Ham
2027-04-20,19:45,E1,Wrexham,Millwall,,,SCHEDULED,E1_20270420_Wrexham_Millwall
2027-04-21,19:45,E1,Blackburn,Lincoln,,,SCHEDULED,E1_20270421_Blackburn_Lincoln
2027-04-21,19:45,E1,Bristol City,Preston,,,SCHEDULED,E1_20270421_Bristol_City_Preston
2027-04-21,19:45,E1,Cardiff,QPR,,,SCHEDULED,E1_20270421_Cardiff_QPR
2027-04-21,19:45,E1,Watford,Swansea,,,SCHEDULED,E1_20270421_Watford_Swansea
2027-04-23,20:00,AUT,Grazer AK,Altach,,,SCHEDULED,AUT_20270423_Grazer_AK_Altach
2027-04-23,20:00,B1,Cercle Brugge,Standard,,,SCHEDULED,B1_20270423_Cercle_Brugge_Standard
2027-04-23,20:00,E3,Exeter,Swindon,,,SCHEDULED,E3_20270423_Exeter_Swindon
2027-04-23,20:00,N1,Feyenoord,Willem II,,,SCHEDULED,N1_20270423_Feyenoord_Willem_II
2027-04-23,20:00,P1,Nacional,Porto,,,SCHEDULED,P1_20270423_Nacional_Porto
2027-04-23,20:00,POL,Wisla Plock,Jagiellonia,,,SCHEDULED,POL_20270423_Wisla_Plock_Jagiellonia
2027-04-23,20:00,T1,Rizespor,Kasimpasa,,,SCHEDULED,T1_20270423_Rizespor_Kasimpasa
2027-04-23,20:30,D1,Schalke 04,FC Koln,,,SCHEDULED,D1_20270423_Schalke_04_FC_Koln
2027-04-23,20:30,D2,Bielefeld,Nurnberg,,,SCHEDULED,D2_20270423_Bielefeld_Nurnberg
2027-04-23,20:45,F1,Brest,Troyes,,,SCHEDULED,F1_20270423_Brest_Troyes
2027-04-23,20:45,F2,Sochaux,Grenoble,,,SCHEDULED,F2_20270423_Sochaux_Grenoble
2027-04-23,20:45,I1,Sassuolo,Frosinone,,,SCHEDULED,I1_20270423_Sassuolo_Frosinone
2027-04-23,20:45,I2,Catanzaro,Mantova,,,SCHEDULED,I2_20270423_Catanzaro_Mantova
2027-04-23,21:00,SP1,Betis,Getafe,,,SCHEDULED,SP1_20270423_Betis_Getafe
2027-04-23,21:00,SP2,Celta B,Sociedad B,,,SCHEDULED,SP2_20270423_Celta_B_Sociedad_B
2027-04-23,21:00,USA,Los Angeles Galaxy,Sporting Kansas City,,,SCHEDULED,USA_20270423_Los_Angeles_Galaxy_Sporting_Kansas_City
2027-04-23,21:00,USA,New England Revolution,Toronto FC,,,SCHEDULED,USA_20270423_New_England_Revolution_Toronto_FC
2027-04-24,14:00,JPN,Kyoto,Cerezo Osaka,,,SCHEDULED,JPN_20270424_Kyoto_Cerezo_Osaka
2027-04-24,14:00,JPN,Machida,Shimizu S-Pulse,,,SCHEDULED,JPN_20270424_Machida_Shimizu_S_Pulse
2027-04-24,14:00,JPN,V-Varen Nagasaki,Chiba,,,SCHEDULED,JPN_20270424_V_Varen_Nagasaki_Chiba
2027-04-24,14:00,SP1,Levante,Villarreal,,,SCHEDULED,SP1_20270424_Levante_Villarreal
2027-04-24,14:00,SP1,Santander,Osasuna,,,SCHEDULED,SP1_20270424_Santander_Osasuna
2027-04-24,14:00,SP2,Ceuta,Sabadell,,,SCHEDULED,SP2_20270424_Ceuta_Sabadell
2027-04-24,14:00,SP2,Leganes,Granada,,,SCHEDULED,SP2_20270424_Leganes_Granada
2027-04-24,15:00,E0,Aston Villa,Coventry,,,SCHEDULED,E0_20270424_Aston_Villa_Coventry
2027-04-24,15:00,E0,Bournemouth,Arsenal,,,SCHEDULED,E0_20270424_Bournemouth_Arsenal
2027-04-24,15:00,E0,Brentford,Fulham,,,SCHEDULED,E0_20270424_Brentford_Fulham
2027-04-24,15:00,E0,Chelsea,Man City,,,SCHEDULED,E0_20270424_Chelsea_Man_City
2027-04-24,15:00,E0,Everton,Brighton,,,SCHEDULED,E0_20270424_Everton_Brighton
2027-04-24,15:00,E0,Leeds,Liverpool,,,SCHEDULED,E0_20270424_Leeds_Liverpool
2027-04-24,15:00,E0,Man United,Crystal Palace,,,SCHEDULED,E0_20270424_Man_United_Crystal_Palace
2027-04-24,15:00,E0,Newcastle,Ipswich,,,SCHEDULED,E0_20270424_Newcastle_Ipswich
2027-04-24,15:00,E0,Nott'm Forest,Sunderland,,,SCHEDULED,E0_20270424_Nott_m_Forest_Sunderland
2027-04-24,15:00,E0,Tottenham,Hull,,,SCHEDULED,E0_20270424_Tottenham_Hull
2027-04-24,15:00,E1,Bolton,Swansea,,,SCHEDULED,E1_20270424_Bolton_Swansea
2027-04-24,15:00,E1,Bristol City,Derby,,,SCHEDULED,E1_20270424_Bristol_City_Derby
2027-04-24,15:00,E1,Burnley,Southampton,,,SCHEDULED,E1_20270424_Burnley_Southampton
2027-04-24,15:00,E1,Cardiff,West Brom,,,SCHEDULED,E1_20270424_Cardiff_West_Brom
2027-04-24,15:00,E1,Charlton,Wrexham,,,SCHEDULED,E1_20270424_Charlton_Wrexham
2027-04-24,15:00,E1,Middlesbrough,West Ham,,,SCHEDULED,E1_20270424_Middlesbrough_West_Ham
2027-04-24,15:00,E1,Norwich,Blackburn,,,SCHEDULED,E1_20270424_Norwich_Blackburn
2027-04-24,15:00,E1,Portsmouth,Preston,,,SCHEDULED,E1_20270424_Portsmouth_Preston
2027-04-24,15:00,E1,Sheffield United,Millwall,,,SCHEDULED,E1_20270424_Sheffield_United_Millwall
2027-04-24,15:00,E1,Stoke,Lincoln,,,SCHEDULED,E1_20270424_Stoke_Lincoln
2027-04-24,15:00,E1,Watford,Birmingham,,,SCHEDULED,E1_20270424_Watford_Birmingham
2027-04-24,15:00,E1,Wolves,QPR,,,SCHEDULED,E1_20270424_Wolves_QPR
2027-04-24,15:00,E2,AFC Wimbledon,Plymouth,,,SCHEDULED,E2_20270424_AFC_Wimbledon_Plymouth
2027-04-24,15:00,E2,Barnsley,Stockport,,,SCHEDULED,E2_20270424_Barnsley_Stockport
2027-04-24,15:00,E2,Blackpool,Cambridge,,,SCHEDULED,E2_20270424_Blackpool_Cambridge
2027-04-24,15:00,E2,Bromley,Mansfield,,,SCHEDULED,E2_20270424_Bromley_Mansfield
2027-04-24,15:00,E2,Burton,Doncaster,,,SCHEDULED,E2_20270424_Burton_Doncaster
2027-04-24,15:00,E2,Leyton Orient,Bradford,,,SCHEDULED,E2_20270424_Leyton_Orient_Bradford
2027-04-24,15:00,E2,Luton,Wycombe,,,SCHEDULED,E2_20270424_Luton_Wycombe
2027-04-24,15:00,E2,Oxford,Notts County,,,SCHEDULED,E2_20270424_Oxford_Notts_County
2027-04-24,15:00,E2,Peterboro,Leicester,,,SCHEDULED,E2_20270424_Peterboro_Leicester
2027-04-24,15:00,E2,Reading,Huddersfield,,,SCHEDULED,E2_20270424_Reading_Huddersfield
2027-04-24,15:00,E2,Sheffield Weds,Milton Keynes Dons,,,SCHEDULED,E2_20270424_Sheffield_Weds_Milton_Keynes_Dons
2027-04-24,15:00,E2,Wigan,Stevenage,,,SCHEDULED,E2_20270424_Wigan_Stevenage
2027-04-24,15:00,E3,Bristol Rvs,Chesterfield,,,SCHEDULED,E3_20270424_Bristol_Rvs_Chesterfield
2027-04-24,15:00,E3,Crewe,Accrington,,,SCHEDULED,E3_20270424_Crewe_Accrington
2027-04-24,15:00,E3,Fleetwood Town,Barnet,,,SCHEDULED,E3_20270424_Fleetwood_Town_Barnet
2027-04-24,15:00,E3,Gillingham,Colchester,,,SCHEDULED,E3_20270424_Gillingham_Colchester
2027-04-24,15:00,E3,Northampton,Port Vale,,,SCHEDULED,E3_20270424_Northampton_Port_Vale
2027-04-24,15:00,E3,Rotherham,Grimsby,,,SCHEDULED,E3_20270424_Rotherham_Grimsby
2027-04-24,15:00,E3,Salford,Crawley Town,,,SCHEDULED,E3_20270424_Salford_Crawley_Town
2027-04-24,15:00,E3,Tranmere,Oldham,,,SCHEDULED,E3_20270424_Tranmere_Oldham
2027-04-24,15:00,I1,Como,Lecce,,,SCHEDULED,I1_20270424_Como_Lecce
2027-04-24,15:00,I1,Parma,Venezia,,,SCHEDULED,I1_20270424_Parma_Venezia
2027-04-24,15:00,I2,Cremonese,Sampdoria,,,SCHEDULED,I2_20270424_Cremonese_Sampdoria
2027-04-24,15:00,I2,Empoli,Virtus Entella,,,SCHEDULED,I2_20270424_Empoli_Virtus_Entella
2027-04-24,15:30,D1,Bayern Munich,Mainz,,,SCHEDULED,D1_20270424_Bayern_Munich_Mainz
2027-04-24,15:30,D1,Dortmund,Union Berlin,,,SCHEDULED,D1_20270424_Dortmund_Union_Berlin
2027-04-24,15:30,D1,Freiburg,Werder Bremen,,,SCHEDULED,D1_20270424_Freiburg_Werder_Bremen
2027-04-24,15:30,D1,Hamburg,Hoffenheim,,,SCHEDULED,D1_20270424_Hamburg_Hoffenheim
2027-04-24,15:30,D1,RB Leipzig,Stuttgart,,,SCHEDULED,D1_20270424_RB_Leipzig_Stuttgart
2027-04-24,15:30,D2,Braunschweig,Magdeburg,,,SCHEDULED,D2_20270424_Braunschweig_Magdeburg
2027-04-24,15:30,D2,Cottbus,Karlsruhe,,,SCHEDULED,D2_20270424_Cottbus_Karlsruhe
2027-04-24,15:30,D2,Hertha,Greuther Furth,,,SCHEDULED,D2_20270424_Hertha_Greuther_Furth
2027-04-24,15:30,D2,Osnabruck,Darmstadt,,,SCHEDULED,D2_20270424_Osnabruck_Darmstadt
2027-04-24,15:30,D2,Wolfsburg,St Pauli,,,SCHEDULED,D2_20270424_Wolfsburg_St_Pauli
2027-04-24,16:00,JPN,Kashima Antlers,Yokohama F. Marinos,,,SCHEDULED,JPN_20270424_Kashima_Antlers_Yokohama_F_Marinos
2027-04-24,16:00,JPN,Sanfrecce Hiroshima,Okayama,,,SCHEDULED,JPN_20270424_Sanfrecce_Hiroshima_Okayama
2027-04-24,16:15,SP1,Real Madrid,Celta,,,SCHEDULED,SP1_20270424_Real_Madrid_Celta
2027-04-24,16:15,SP2,Oviedo,Sp Gijon,,,SCHEDULED,SP2_20270424_Oviedo_Sp_Gijon
2027-04-24,16:15,SP2,Tenerife,Eibar,,,SCHEDULED,SP2_20270424_Tenerife_Eibar
2027-04-24,17:00,F1,Lens,Paris FC,,,SCHEDULED,F1_20270424_Lens_Paris_FC
2027-04-24,17:00,F1,Paris SG,Monaco,,,SCHEDULED,F1_20270424_Paris_SG_Monaco
2027-04-24,17:00,F2,Nancy,Metz,,,SCHEDULED,F2_20270424_Nancy_Metz
2027-04-24,17:00,F2,St Etienne,Pau FC,,,SCHEDULED,F2_20270424_St_Etienne_Pau_FC
2027-04-24,17:30,E3,Walsall,Rochdale,,,SCHEDULED,E3_20270424_Walsall_Rochdale
2027-04-24,18:00,AUT,Tirol,Sturm Graz,,,SCHEDULED,AUT_20270424_Tirol_Sturm_Graz
2027-04-24,18:00,B1,Kortrijk,St. Gilloise,,,SCHEDULED,B1_20270424_Kortrijk_St_Gilloise
2027-04-24,18:00,B1,Lommel SK,Club Brugge,,,SCHEDULED,B1_20270424_Lommel_SK_Club_Brugge
2027-04-24,18:00,B1,Waregem,Gent,,,SCHEDULED,B1_20270424_Waregem_Gent
2027-04-24,18:00,I1,Fiorentina,Bologna,,,SCHEDULED,I1_20270424_Fiorentina_Bologna
2027-04-24,18:00,I1,Lazio,Inter,,,SCHEDULED,I1_20270424_Lazio_Inter
2027-04-24,18:00,I2,Palermo,Avellino,,,SCHEDULED,I2_20270424_Palermo_Avellino
2027-04-24,18:00,I2,Verona,Carrarese,,,SCHEDULED,I2_20270424_Verona_Carrarese
2027-04-24,18:00,N1,PSV Eindhoven,Cambuur,,,SCHEDULED,N1_20270424_PSV_Eindhoven_Cambuur
2027-04-24,18:00,N1,Sparta Rotterdam,Groningen,,,SCHEDULED,N1_20270424_Sparta_Rotterdam_Groningen
2027-04-24,18:00,N1,Telstar,Den Haag,,,SCHEDULED,N1_20270424_Telstar_Den_Haag
2027-04-24,18:00,P1,Arouca,Sp Lisbon,,,SCHEDULED,P1_20270424_Arouca_Sp_Lisbon
2027-04-24,18:00,P1,Casa Pia,Sp Braga,,,SCHEDULED,P1_20270424_Casa_Pia_Sp_Braga
2027-04-24,18:00,P1,Santa Clara,Alverca,,,SCHEDULED,P1_20270424_Santa_Clara_Alverca
2027-04-24,18:00,POL,Pogon Szczecin,Rakow,,,SCHEDULED,POL_20270424_Pogon_Szczecin_Rakow
2027-04-24,18:00,POL,Wieczysta Krakow,Radomiak Radom,,,SCHEDULED,POL_20270424_Wieczysta_Krakow_Radomiak_Radom
2027-04-24,18:00,POL,Wisla,Piast Gliwice,,,SCHEDULED,POL_20270424_Wisla_Piast_Gliwice
2027-04-24,18:00,T1,Besiktas,Alanyaspor,,,SCHEDULED,T1_20270424_Besiktas_Alanyaspor
2027-04-24,18:00,T1,Genclerbirligi,Amedspor,,,SCHEDULED,T1_20270424_Genclerbirligi_Amedspor
2027-04-24,18:00,T1,Konyaspor,Trabzonspor,,,SCHEDULED,T1_20270424_Konyaspor_Trabzonspor
2027-04-24,18:30,D1,M'gladbach,Elversberg,,,SCHEDULED,D1_20270424_M_gladbach_Elversberg
2027-04-24,18:30,D2,Kaiserslautern,Holstein Kiel,,,SCHEDULED,D2_20270424_Kaiserslautern_Holstein_Kiel
2027-04-24,18:30,SP1,Sevilla,Sociedad,,,SCHEDULED,SP1_20270424_Sevilla_Sociedad
2027-04-24,18:30,SP2,Burgos,Mallorca,,,SCHEDULED,SP2_20270424_Burgos_Mallorca
2027-04-24,19:30,USA,Atlanta Utd,DC United,,,SCHEDULED,USA_20270424_Atlanta_Utd_DC_United
2027-04-24,19:30,USA,Houston Dynamo,Vancouver Whitecaps,,,SCHEDULED,USA_20270424_Houston_Dynamo_Vancouver_Whitecaps
2027-04-24,19:30,USA,Philadelphia Union,FC Cincinnati,,,SCHEDULED,USA_20270424_Philadelphia_Union_FC_Cincinnati
2027-04-24,19:30,USA,San Jose Earthquakes,Colorado Rapids,,,SCHEDULED,USA_20270424_San_Jose_Earthquakes_Colorado_Rapids
2027-04-24,20:45,AUT,A. Lustenau,Salzburg,,,SCHEDULED,AUT_20270424_A_Lustenau_Salzburg
2027-04-24,20:45,B1,Beveren,St Truiden,,,SCHEDULED,B1_20270424_Beveren_St_Truiden
2027-04-24,20:45,I1,Roma,Atalanta,,,SCHEDULED,I1_20270424_Roma_Atalanta
2027-04-24,20:45,I2,Benevento,Ascoli,,,SCHEDULED,I2_20270424_Benevento_Ascoli
2027-04-24,20:45,N1,Go Ahead Eagles,Excelsior,,,SCHEDULED,N1_20270424_Go_Ahead_Eagles_Excelsior
2027-04-24,20:45,P1,Famalicao,Estrela,,,SCHEDULED,P1_20270424_Famalicao_Estrela
2027-04-24,20:45,POL,Motor Lublin,Legia,,,SCHEDULED,POL_20270424_Motor_Lublin_Legia
2027-04-24,20:45,T1,Eyupspor,Buyuksehyr,,,SCHEDULED,T1_20270424_Eyupspor_Buyuksehyr
2027-04-24,21:00,F1,Lille,Le Mans,,,SCHEDULED,F1_20270424_Lille_Le_Mans
2027-04-24,21:00,F2,Red Star,Nantes,,,SCHEDULED,F2_20270424_Red_Star_Nantes
2027-04-24,21:00,SP1,Vallecano,Espanol,,,SCHEDULED,SP1_20270424_Vallecano_Espanol
2027-04-24,21:00,SP2,Girona,Valladolid,,,SCHEDULED,SP2_20270424_Girona_Valladolid
2027-04-24,21:00,USA,Inter Miami,Charlotte,,,SCHEDULED,USA_20270424_Inter_Miami_Charlotte
2027-04-24,21:00,USA,Minnesota United,Los Angeles FC,,,SCHEDULED,USA_20270424_Minnesota_United_Los_Angeles_FC
2027-04-25,12:30,I1,Napoli,Monza,,,SCHEDULED,I1_20270425_Napoli_Monza
2027-04-25,12:30,I2,Modena,Arezzo,,,SCHEDULED,I2_20270425_Modena_Arezzo
2027-04-25,14:00,E3,York,Cheltenham,,,SCHEDULED,E3_20270425_York_Cheltenham
2027-04-25,14:00,JPN,Kashiwa Reysol,FC Tokyo,,,SCHEDULED,JPN_20270425_Kashiwa_Reysol_FC_Tokyo
2027-04-25,14:00,JPN,Verdy,Urawa Reds,,,SCHEDULED,JPN_20270425_Verdy_Urawa_Reds
2027-04-25,14:00,JPN,Vissel Kobe,Avispa Fukuoka,,,SCHEDULED,JPN_20270425_Vissel_Kobe_Avispa_Fukuoka
2027-04-25,14:00,SP1,Alaves,Valencia,,,SCHEDULED,SP1_20270425_Alaves_Valencia
2027-04-25,14:00,SP2,Cadiz,Eldense,,,SCHEDULED,SP2_20270425_Cadiz_Eldense
2027-04-25,14:30,AUT,SK Rapid,Ried,,,SCHEDULED,AUT_20270425_SK_Rapid_Ried
2027-04-25,14:30,B1,Charleroi,Antwerp,,,SCHEDULED,B1_20270425_Charleroi_Antwerp
2027-04-25,14:30,B1,Mechelen,Anderlecht,,,SCHEDULED,B1_20270425_Mechelen_Anderlecht
2027-04-25,14:30,N1,AZ Alkmaar,Heerenveen,,,SCHEDULED,N1_20270425_AZ_Alkmaar_Heerenveen
2027-04-25,14:30,N1,Zwolle,Twente,,,SCHEDULED,N1_20270425_Zwolle_Twente
2027-04-25,14:30,P1,Academico Viseu,Rio Ave,,,SCHEDULED,P1_20270425_Academico_Viseu_Rio_Ave
2027-04-25,14:30,P1,Guimaraes,Gil Vicente,,,SCHEDULED,P1_20270425_Guimaraes_Gil_Vicente
2027-04-25,14:30,POL,GKS Katowice,Gornik Zabrze,,,SCHEDULED,POL_20270425_GKS_Katowice_Gornik_Zabrze
2027-04-25,14:30,POL,Zaglebie,Korona Kielce,,,SCHEDULED,POL_20270425_Zaglebie_Korona_Kielce
2027-04-25,14:30,T1,Erzurumspor,Gaziantep,,,SCHEDULED,T1_20270425_Erzurumspor_Gaziantep
2027-04-25,14:30,T1,Goztep,Fenerbahce,,,SCHEDULED,T1_20270425_Goztep_Fenerbahce
2027-04-25,15:00,F1,Auxerre,Rennes,,,SCHEDULED,F1_20270425_Auxerre_Rennes
2027-04-25,15:00,F1,Lorient,Marseille,,,SCHEDULED,F1_20270425_Lorient_Marseille
2027-04-25,15:00,F1,Toulouse,Angers,,,SCHEDULED,F1_20270425_Toulouse_Angers
2027-04-25,15:00,F2,Boulogne,Clermont,,,SCHEDULED,F2_20270425_Boulogne_Clermont
2027-04-25,15:00,F2,Guingamp,Dijon,,,SCHEDULED,F2_20270425_Guingamp_Dijon
2027-04-25,15:00,F2,Rodez,Dunkerque,,,SCHEDULED,F2_20270425_Rodez_Dunkerque
2027-04-25,15:00,I1,Milan,Genoa,,,SCHEDULED,I1_20270425_Milan_Genoa
2027-04-25,15:00,I2,Padova,Cesena,,,SCHEDULED,I2_20270425_Padova_Cesena
2027-04-25,15:30,D1,Paderborn,Leverkusen,,,SCHEDULED,D1_20270425_Paderborn_Leverkusen
2027-04-25,15:30,D2,Heidenheim,Hannover,,,SCHEDULED,D2_20270425_Heidenheim_Hannover
2027-04-25,16:00,JPN,Kawasaki Frontale,Gamba Osaka,,,SCHEDULED,JPN_20270425_Kawasaki_Frontale_Gamba_Osaka
2027-04-25,16:00,JPN,Mito,Nagoya Grampus,,,SCHEDULED,JPN_20270425_Mito_Nagoya_Grampus
2027-04-25,16:00,USA,New York Red Bulls,CF Montreal,,,SCHEDULED,USA_20270425_New_York_Red_Bulls_CF_Montreal
2027-04-25,16:00,USA,Real Salt Lake,San Diego FC,,,SCHEDULED,USA_20270425_Real_Salt_Lake_San_Diego_FC
2027-04-25,16:15,SP1,Barcelona,Ath Bilbao,,,SCHEDULED,SP1_20270425_Barcelona_Ath_Bilbao
2027-04-25,16:15,SP2,Cordoba,Castellon,,,SCHEDULED,SP2_20270425_Cordoba_Castellon
2027-04-25,16:30,AUT,LASK,Austria Vienna,,,SCHEDULED,AUT_20270425_LASK_Austria_Vienna
2027-04-25,16:30,B1,Oud-Heverlee Leuven,Genk,,,SCHEDULED,B1_20270425_Oud_Heverlee_Leuven_Genk
2027-04-25,16:30,E3,Newport County,Shrewsbury,,,SCHEDULED,E3_20270425_Newport_County_Shrewsbury
2027-04-25,16:30,N1,Ajax,For Sittard,,,SCHEDULED,N1_20270425_Ajax_For_Sittard
2027-04-25,16:30,P1,Benfica,Maritimo,,,SCHEDULED,P1_20270425_Benfica_Maritimo
2027-04-25,16:30,POL,Widzew Lodz,Lech Poznan,,,SCHEDULED,POL_20270425_Widzew_Lodz_Lech_Poznan
2027-04-25,16:30,T1,Kocaelispor,Samsunspor,,,SCHEDULED,T1_20270425_Kocaelispor_Samsunspor
2027-04-25,17:15,F1,Nice,Le Havre,,,SCHEDULED,F1_20270425_Nice_Le_Havre
2027-04-25,17:15,F2,Annecy,Reims,,,SCHEDULED,F2_20270425_Annecy_Reims
2027-04-25,17:30,D1,Augsburg,Ein Frankfurt,,,SCHEDULED,D1_20270425_Augsburg_Ein_Frankfurt
2027-04-25,17:30,D2,Bochum,Dresden,,,SCHEDULED,D2_20270425_Bochum_Dresden
2027-04-25,18:00,I1,Torino,Juventus,,,SCHEDULED,I1_20270425_Torino_Juventus
2027-04-25,18:00,I2,Vicenza,Juve Stabia,,,SCHEDULED,I2_20270425_Vicenza_Juve_Stabia
2027-04-25,18:30,AUT,Hartberg,Wolfsberger AC,,,SCHEDULED,AUT_20270425_Hartberg_Wolfsberger_AC
2027-04-25,18:30,B1,Westerlo,RAAL La Louviere,,,SCHEDULED,B1_20270425_Westerlo_RAAL_La_Louviere
2027-04-25,18:30,N1,Utrecht,Nijmegen,,,SCHEDULED,N1_20270425_Utrecht_Nijmegen
2027-04-25,18:30,P1,Moreirense,Estoril,,,SCHEDULED,P1_20270425_Moreirense_Estoril
2027-04-25,18:30,POL,Slask Wroclaw,Cracovia,,,SCHEDULED,POL_20270425_Slask_Wroclaw_Cracovia
2027-04-25,18:30,SP1,Elche,Malaga,,,SCHEDULED,SP1_20270425_Elche_Malaga
2027-04-25,18:30,SP2,Albacete,Almeria,,,SCHEDULED,SP2_20270425_Albacete_Almeria
2027-04-25,18:30,T1,Galatasaray,Corum,,,SCHEDULED,T1_20270425_Galatasaray_Corum
2027-04-25,18:30,USA,New York City,Columbus Crew,,,SCHEDULED,USA_20270425_New_York_City_Columbus_Crew
2027-04-25,18:30,USA,Seattle Sounders,Austin FC,,,SCHEDULED,USA_20270425_Seattle_Sounders_Austin_FC
2027-04-25,20:45,F1,Strasbourg,Lyon,,,SCHEDULED,F1_20270425_Strasbourg_Lyon
2027-04-25,20:45,F2,Laval,Montpellier,,,SCHEDULED,F2_20270425_Laval_Montpellier
2027-04-25,20:45,I1,Cagliari,Udinese,,,SCHEDULED,I1_20270425_Cagliari_Udinese
2027-04-25,20:45,I2,Sudtirol,Pisa,,,SCHEDULED,I2_20270425_Sudtirol_Pisa
2027-04-25,21:00,SP1,La Coruna,Ath Madrid,,,SCHEDULED,SP1_20270425_La_Coruna_Ath_Madrid
2027-04-25,21:00,SP2,Andorra,Las Palmas,,,SCHEDULED,SP2_20270425_Andorra_Las_Palmas
2027-04-25,21:00,USA,Chicago Fire,Nashville SC,,,SCHEDULED,USA_20270425_Chicago_Fire_Nashville_SC
2027-04-25,21:00,USA,St. Louis City,Portland Timbers,,,SCHEDULED,USA_20270425_St_Louis_City_Portland_Timbers
2027-04-27,19:45,E2,Bradford,Reading,,,SCHEDULED,E2_20270427_Bradford_Reading
2027-04-27,19:45,E2,Cambridge,Sheffield Weds,,,SCHEDULED,E2_20270427_Cambridge_Sheffield_Weds
2027-04-27,19:45,E2,Doncaster,Luton,,,SCHEDULED,E2_20270427_Doncaster_Luton
2027-04-27,19:45,E2,Huddersfield,Burton,,,SCHEDULED,E2_20270427_Huddersfield_Burton
2027-04-27,19:45,E2,Leicester,Blackpool,,,SCHEDULED,E2_20270427_Leicester_Blackpool
2027-04-27,19:45,E2,Mansfield,Wigan,,,SCHEDULED,E2_20270427_Mansfield_Wigan
2027-04-27,19:45,E2,Milton Keynes Dons,Barnsley,,,SCHEDULED,E2_20270427_Milton_Keynes_Dons_Barnsley
2027-04-27,19:45,E2,Notts County,Peterboro,,,SCHEDULED,E2_20270427_Notts_County_Peterboro
2027-04-27,19:45,E2,Plymouth,Leyton Orient,,,SCHEDULED,E2_20270427_Plymouth_Leyton_Orient
2027-04-27,19:45,E2,Stevenage,AFC Wimbledon,,,SCHEDULED,E2_20270427_Stevenage_AFC_Wimbledon
2027-04-27,19:45,E2,Stockport,Oxford,,,SCHEDULED,E2_20270427_Stockport_Oxford
2027-04-27,19:45,E2,Wycombe,Bromley,,,SCHEDULED,E2_20270427_Wycombe_Bromley
2027-04-30,20:00,AUT,Grazer AK,Hartberg,,,SCHEDULED,AUT_20270430_Grazer_AK_Hartberg
2027-04-30,20:00,B1,Lommel SK,RAAL La Louviere,,,SCHEDULED,B1_20270430_Lommel_SK_RAAL_La_Louviere
2027-04-30,20:00,E3,Newport County,Grimsby,,,SCHEDULED,E3_20270430_Newport_County_Grimsby
2027-04-30,20:00,N1,Telstar,Nijmegen,,,SCHEDULED,N1_20270430_Telstar_Nijmegen
2027-04-30,20:00,P1,Santa Clara,Estoril,,,SCHEDULED,P1_20270430_Santa_Clara_Estoril
2027-04-30,20:00,T1,Galatasaray,Alanyaspor,,,SCHEDULED,T1_20270430_Galatasaray_Alanyaspor
2027-04-30,20:30,D1,Schalke 04,Ein Frankfurt,,,SCHEDULED,D1_20270430_Schalke_04_Ein_Frankfurt
2027-04-30,20:30,D2,Bochum,Nurnberg,,,SCHEDULED,D2_20270430_Bochum_Nurnberg
2027-04-30,20:45,F1,Auxerre,Lyon,,,SCHEDULED,F1_20270430_Auxerre_Lyon
2027-04-30,20:45,F2,Guingamp,Montpellier,,,SCHEDULED,F2_20270430_Guingamp_Montpellier
2027-04-30,20:45,I1,Cagliari,Venezia,,,SCHEDULED,I1_20270430_Cagliari_Venezia
2027-04-30,20:45,I2,Sudtirol,Sampdoria,,,SCHEDULED,I2_20270430_Sudtirol_Sampdoria
2027-04-30,21:00,SP1,Santander,Ath Madrid,,,SCHEDULED,SP1_20270430_Santander_Ath_Madrid
2027-04-30,21:00,SP2,Ceuta,Las Palmas,,,SCHEDULED,SP2_20270430_Ceuta_Las_Palmas
2027-04-30,21:00,USA,Los Angeles Galaxy,FC Dallas,,,SCHEDULED,USA_20270430_Los_Angeles_Galaxy_FC_Dallas
2027-04-30,21:00,USA,New England Revolution,Orlando City,,,SCHEDULED,USA_20270430_New_England_Revolution_Orlando_City
2027-05-01,12:30,E1,Birmingham,Burnley,,,SCHEDULED,E1_20270501_Birmingham_Burnley
2027-05-01,12:30,E1,Blackburn,Watford,,,SCHEDULED,E1_20270501_Blackburn_Watford
2027-05-01,12:30,E1,Derby,Wolves,,,SCHEDULED,E1_20270501_Derby_Wolves
2027-05-01,12:30,E1,Lincoln,Charlton,,,SCHEDULED,E1_20270501_Lincoln_Charlton
2027-05-01,12:30,E1,Millwall,Stoke,,,SCHEDULED,E1_20270501_Millwall_Stoke
2027-05-01,12:30,E1,Preston,Cardiff,,,SCHEDULED,E1_20270501_Preston_Cardiff
2027-05-01,12:30,E1,QPR,Norwich,,,SCHEDULED,E1_20270501_QPR_Norwich
2027-05-01,12:30,E1,Southampton,Sheffield United,,,SCHEDULED,E1_20270501_Southampton_Sheffield_United
2027-05-01,12:30,E1,Swansea,Middlesbrough,,,SCHEDULED,E1_20270501_Swansea_Middlesbrough
2027-05-01,12:30,E1,West Brom,Bolton,,,SCHEDULED,E1_20270501_West_Brom_Bolton
2027-05-01,12:30,E1,West Ham,Portsmouth,,,SCHEDULED,E1_20270501_West_Ham_Portsmouth
2027-05-01,12:30,E1,Wrexham,Bristol City,,,SCHEDULED,E1_20270501_Wrexham_Bristol_City
2027-05-01,14:00,JPN,Kawasaki Frontale,Urawa Reds,,,SCHEDULED,JPN_20270501_Kawasaki_Frontale_Urawa_Reds
2027-05-01,14:00,JPN,Shimizu S-Pulse,Yokohama F. Marinos,,,SCHEDULED,JPN_20270501_Shimizu_S_Pulse_Yokohama_F_Marinos
2027-05-01,14:00,JPN,Verdy,Okayama,,,SCHEDULED,JPN_20270501_Verdy_Okayama
2027-05-01,14:00,SP1,Betis,Osasuna,,,SCHEDULED,SP1_20270501_Betis_Osasuna
2027-05-01,14:00,SP1,Real Madrid,Levante,,,SCHEDULED,SP1_20270501_Real_Madrid_Levante
2027-05-01,14:00,SP2,Celta B,Eibar,,,SCHEDULED,SP2_20270501_Celta_B_Eibar
2027-05-01,14:00,SP2,Oviedo,Leganes,,,SCHEDULED,SP2_20270501_Oviedo_Leganes
2027-05-01,15:00,E0,Arsenal,Tottenham,,,SCHEDULED,E0_20270501_Arsenal_Tottenham
2027-05-01,15:00,E0,Brighton,Nott'm Forest,,,SCHEDULED,E0_20270501_Brighton_Nott_m_Forest
2027-05-01,15:00,E0,Coventry,Man United,,,SCHEDULED,E0_20270501_Coventry_Man_United
2027-05-01,15:00,E0,Crystal Palace,Aston Villa,,,SCHEDULED,E0_20270501_Crystal_Palace_Aston_Villa
2027-05-01,15:00,E0,Fulham,Everton,,,SCHEDULED,E0_20270501_Fulham_Everton
2027-05-01,15:00,E0,Hull,Bournemouth,,,SCHEDULED,E0_20270501_Hull_Bournemouth
2027-05-01,15:00,E0,Ipswich,Leeds,,,SCHEDULED,E0_20270501_Ipswich_Leeds
2027-05-01,15:00,E0,Liverpool,Chelsea,,,SCHEDULED,E0_20270501_Liverpool_Chelsea
2027-05-01,15:00,E0,Man City,Brentford,,,SCHEDULED,E0_20270501_Man_City_Brentford
2027-05-01,15:00,E0,Sunderland,Newcastle,,,SCHEDULED,E0_20270501_Sunderland_Newcastle
2027-05-01,15:00,E2,Barnsley,AFC Wimbledon,,,SCHEDULED,E2_20270501_Barnsley_AFC_Wimbledon
2027-05-01,15:00,E2,Blackpool,Stevenage,,,SCHEDULED,E2_20270501_Blackpool_Stevenage
2027-05-01,15:00,E2,Bradford,Wycombe,,,SCHEDULED,E2_20270501_Bradford_Wycombe
2027-05-01,15:00,E2,Burton,Bromley,,,SCHEDULED,E2_20270501_Burton_Bromley
2027-05-01,15:00,E2,Cambridge,Luton,,,SCHEDULED,E2_20270501_Cambridge_Luton
2027-05-01,15:00,E2,Huddersfield,Doncaster,,,SCHEDULED,E2_20270501_Huddersfield_Doncaster
2027-05-01,15:00,E2,Leyton Orient,Stockport,,,SCHEDULED,E2_20270501_Leyton_Orient_Stockport
2027-05-01,15:00,E2,Mansfield,Leicester,,,SCHEDULED,E2_20270501_Mansfield_Leicester
2027-05-01,15:00,E2,Notts County,Milton Keynes Dons,,,SCHEDULED,E2_20270501_Notts_County_Milton_Keynes_Dons
2027-05-01,15:00,E2,Oxford,Peterboro,,,SCHEDULED,E2_20270501_Oxford_Peterboro
2027-05-01,15:00,E2,Plymouth,Wigan,,,SCHEDULED,E2_20270501_Plymouth_Wigan
2027-05-01,15:00,E2,Reading,Sheffield Weds,,,SCHEDULED,E2_20270501_Reading_Sheffield_Weds
2027-05-01,15:00,E3,Barnet,Port Vale,,,SCHEDULED,E3_20270501_Barnet_Port_Vale
2027-05-01,15:00,E3,Bristol Rvs,Colchester,,,SCHEDULED,E3_20270501_Bristol_Rvs_Colchester
2027-05-01,15:00,E3,Crewe,Crawley Town,,,SCHEDULED,E3_20270501_Crewe_Crawley_Town
2027-05-01,15:00,E3,Gillingham,Fleetwood Town,,,SCHEDULED,E3_20270501_Gillingham_Fleetwood_Town
2027-05-01,15:00,E3,Northampton,Cheltenham,,,SCHEDULED,E3_20270501_Northampton_Cheltenham
2027-05-01,15:00,E3,Rotherham,Accrington,,,SCHEDULED,E3_20270501_Rotherham_Accrington
2027-05-01,15:00,E3,Salford,Oldham,,,SCHEDULED,E3_20270501_Salford_Oldham
2027-05-01,15:00,E3,Tranmere,Swindon,,,SCHEDULED,E3_20270501_Tranmere_Swindon
2027-05-01,15:00,I1,Fiorentina,Frosinone,,,SCHEDULED,I1_20270501_Fiorentina_Frosinone
2027-05-01,15:00,I1,Lazio,Como,,,SCHEDULED,I1_20270501_Lazio_Como
2027-05-01,15:00,I2,Palermo,Mantova,,,SCHEDULED,I2_20270501_Palermo_Mantova
2027-05-01,15:00,I2,Verona,Empoli,,,SCHEDULED,I2_20270501_Verona_Empoli
2027-05-01,15:30,D1,Bayern Munich,Union Berlin,,,SCHEDULED,D1_20270501_Bayern_Munich_Union_Berlin
2027-05-01,15:30,D1,Freiburg,Stuttgart,,,SCHEDULED,D1_20270501_Freiburg_Stuttgart
2027-05-01,15:30,D1,Hoffenheim,Mainz,,,SCHEDULED,D1_20270501_Hoffenheim_Mainz
2027-05-01,15:30,D1,M'gladbach,Werder Bremen,,,SCHEDULED,D1_20270501_M_gladbach_Werder_Bremen
2027-05-01,15:30,D1,RB Leipzig,Hamburg,,,SCHEDULED,D1_20270501_RB_Leipzig_Hamburg
2027-05-01,15:30,D2,Cottbus,Braunschweig,,,SCHEDULED,D2_20270501_Cottbus_Braunschweig
2027-05-01,15:30,D2,Hertha,St Pauli,,,SCHEDULED,D2_20270501_Hertha_St_Pauli
2027-05-01,15:30,D2,Magdeburg,Greuther Furth,,,SCHEDULED,D2_20270501_Magdeburg_Greuther_Furth
2027-05-01,15:30,D2,Osnabruck,Karlsruhe,,,SCHEDULED,D2_20270501_Osnabruck_Karlsruhe
2027-05-01,15:30,D2,Wolfsburg,Holstein Kiel,,,SCHEDULED,D2_20270501_Wolfsburg_Holstein_Kiel
2027-05-01,16:00,JPN,Kashiwa Reysol,Machida,,,SCHEDULED,JPN_20270501_Kashiwa_Reysol_Machida
2027-05-01,16:00,JPN,Vissel Kobe,Chiba,,,SCHEDULED,JPN_20270501_Vissel_Kobe_Chiba
2027-05-01,16:15,SP1,Villarreal,Sociedad,,,SCHEDULED,SP1_20270501_Villarreal_Sociedad
2027-05-01,16:15,SP2,Granada,Mallorca,,,SCHEDULED,SP2_20270501_Granada_Mallorca
2027-05-01,16:15,SP2,Tenerife,Sabadell,,,SCHEDULED,SP2_20270501_Tenerife_Sabadell
2027-05-01,17:00,F1,Lorient,Rennes,,,SCHEDULED,F1_20270501_Lorient_Rennes
2027-05-01,17:00,F1,Paris FC,Le Mans,,,SCHEDULED,F1_20270501_Paris_FC_Le_Mans
2027-05-01,17:00,F2,Metz,Nantes,,,SCHEDULED,F2_20270501_Metz_Nantes
2027-05-01,17:00,F2,Rodez,Dijon,,,SCHEDULED,F2_20270501_Rodez_Dijon
2027-05-01,17:30,E3,York,Shrewsbury,,,SCHEDULED,E3_20270501_York_Shrewsbury
2027-05-01,18:00,AUT,Salzburg,Tirol,,,SCHEDULED,AUT_20270501_Salzburg_Tirol
2027-05-01,18:00,B1,Cercle Brugge,Antwerp,,,SCHEDULED,B1_20270501_Cercle_Brugge_Antwerp
2027-05-01,18:00,B1,Charleroi,St. Gilloise,,,SCHEDULED,B1_20270501_Charleroi_St_Gilloise
2027-05-01,18:00,B1,Gent,St Truiden,,,SCHEDULED,B1_20270501_Gent_St_Truiden
2027-05-01,18:00,I1,Lecce,Atalanta,,,SCHEDULED,I1_20270501_Lecce_Atalanta
2027-05-01,18:00,I1,Parma,Bologna,,,SCHEDULED,I1_20270501_Parma_Bologna
2027-05-01,18:00,I2,Cremonese,Avellino,,,SCHEDULED,I2_20270501_Cremonese_Avellino
2027-05-01,18:00,I2,Virtus Entella,Ascoli,,,SCHEDULED,I2_20270501_Virtus_Entella_Ascoli
2027-05-01,18:00,N1,AZ Alkmaar,Groningen,,,SCHEDULED,N1_20270501_AZ_Alkmaar_Groningen
2027-05-01,18:00,N1,Cambuur,Excelsior,,,SCHEDULED,N1_20270501_Cambuur_Excelsior
2027-05-01,18:00,N1,Feyenoord,Heerenveen,,,SCHEDULED,N1_20270501_Feyenoord_Heerenveen
2027-05-01,18:00,P1,Guimaraes,Sp Lisbon,,,SCHEDULED,P1_20270501_Guimaraes_Sp_Lisbon
2027-05-01,18:00,P1,Nacional,Gil Vicente,,,SCHEDULED,P1_20270501_Nacional_Gil_Vicente
2027-05-01,18:00,P1,Sp Braga,Estrela,,,SCHEDULED,P1_20270501_Sp_Braga_Estrela
2027-05-01,18:00,T1,Erzurumspor,Kasimpasa,,,SCHEDULED,T1_20270501_Erzurumspor_Kasimpasa
2027-05-01,18:00,T1,Eyupspor,Genclerbirligi,,,SCHEDULED,T1_20270501_Eyupspor_Genclerbirligi
2027-05-01,18:00,T1,Konyaspor,Gaziantep,,,SCHEDULED,T1_20270501_Konyaspor_Gaziantep
2027-05-01,18:30,D1,Dortmund,Leverkusen,,,SCHEDULED,D1_20270501_Dortmund_Leverkusen
2027-05-01,18:30,D2,Heidenheim,Darmstadt,,,SCHEDULED,D2_20270501_Heidenheim_Darmstadt
2027-05-01,18:30,SP1,Vallecano,Celta,,,SCHEDULED,SP1_20270501_Vallecano_Celta
2027-05-01,18:30,SP2,Girona,Sp Gijon,,,SCHEDULED,SP2_20270501_Girona_Sp_Gijon
2027-05-01,19:30,USA,Houston Dynamo,Portland Timbers,,,SCHEDULED,USA_20270501_Houston_Dynamo_Portland_Timbers
2027-05-01,19:30,USA,New York City,DC United,,,SCHEDULED,USA_20270501_New_York_City_DC_United
2027-05-01,19:30,USA,Philadelphia Union,Nashville SC,,,SCHEDULED,USA_20270501_Philadelphia_Union_Nashville_SC
2027-05-01,19:30,USA,Seattle Sounders,Colorado Rapids,,,SCHEDULED,USA_20270501_Seattle_Sounders_Colorado_Rapids
2027-05-01,20:45,AUT,Ried,Sturm Graz,,,SCHEDULED,AUT_20270501_Ried_Sturm_Graz
2027-05-01,20:45,B1,Mechelen,Waregem,,,SCHEDULED,B1_20270501_Mechelen_Waregem
2027-05-01,20:45,I1,Napoli,Inter,,,SCHEDULED,I1_20270501_Napoli_Inter
2027-05-01,20:45,I2,Modena,Carrarese,,,SCHEDULED,I2_20270501_Modena_Carrarese
2027-05-01,20:45,N1,Zwolle,PSV Eindhoven,,,SCHEDULED,N1_20270501_Zwolle_PSV_Eindhoven
2027-05-01,20:45,P1,Academico Viseu,Casa Pia,,,SCHEDULED,P1_20270501_Academico_Viseu_Casa_Pia
2027-05-01,20:45,T1,Amedspor,Fenerbahce,,,SCHEDULED,T1_20270501_Amedspor_Fenerbahce
2027-05-01,21:00,F1,Toulouse,Lens,,,SCHEDULED,F1_20270501_Toulouse_Lens
2027-05-01,21:00,F2,Boulogne,Nancy,,,SCHEDULED,F2_20270501_Boulogne_Nancy
2027-05-01,21:00,SP1,Sevilla,Valencia,,,SCHEDULED,SP1_20270501_Sevilla_Valencia
2027-05-01,21:00,SP2,Burgos,Eldense,,,SCHEDULED,SP2_20270501_Burgos_Eldense
2027-05-01,21:00,USA,Charlotte,FC Cincinnati,,,SCHEDULED,USA_20270501_Charlotte_FC_Cincinnati
2027-05-01,21:00,USA,Los Angeles FC,Vancouver Whitecaps,,,SCHEDULED,USA_20270501_Los_Angeles_FC_Vancouver_Whitecaps
2027-05-02,12:30,I1,Roma,Genoa,,,SCHEDULED,I1_20270502_Roma_Genoa
2027-05-02,12:30,I2,Benevento,Cesena,,,SCHEDULED,I2_20270502_Benevento_Cesena
2027-05-02,14:00,E3,Walsall,Chesterfield,,,SCHEDULED,E3_20270502_Walsall_Chesterfield
2027-05-02,14:00,JPN,Kashima Antlers,Gamba Osaka,,,SCHEDULED,JPN_20270502_Kashima_Antlers_Gamba_Osaka
2027-05-02,14:00,JPN,Sanfrecce Hiroshima,Nagoya Grampus,,,SCHEDULED,JPN_20270502_Sanfrecce_Hiroshima_Nagoya_Grampus
2027-05-02,14:00,JPN,V-Varen Nagasaki,Cerezo Osaka,,,SCHEDULED,JPN_20270502_V_Varen_Nagasaki_Cerezo_Osaka
2027-05-02,14:00,SP1,Barcelona,Espanol,,,SCHEDULED,SP1_20270502_Barcelona_Espanol
2027-05-02,14:00,SP2,Cordoba,Valladolid,,,SCHEDULED,SP2_20270502_Cordoba_Valladolid
2027-05-02,14:30,AUT,Austria Vienna,A. Lustenau,,,SCHEDULED,AUT_20270502_Austria_Vienna_A_Lustenau
2027-05-02,14:30,B1,Beveren,Genk,,,SCHEDULED,B1_20270502_Beveren_Genk
2027-05-02,14:30,B1,Kortrijk,Club Brugge,,,SCHEDULED,B1_20270502_Kortrijk_Club_Brugge
2027-05-02,14:30,N1,Go Ahead Eagles,For Sittard,,,SCHEDULED,N1_20270502_Go_Ahead_Eagles_For_Sittard
2027-05-02,14:30,N1,Sparta Rotterdam,Den Haag,,,SCHEDULED,N1_20270502_Sparta_Rotterdam_Den_Haag
2027-05-02,14:30,P1,Arouca,Alverca,,,SCHEDULED,P1_20270502_Arouca_Alverca
2027-05-02,14:30,P1,Famalicao,Maritimo,,,SCHEDULED,P1_20270502_Famalicao_Maritimo
2027-05-02,14:30,T1,Besiktas,Trabzonspor,,,SCHEDULED,T1_20270502_Besiktas_Trabzonspor
2027-05-02,14:30,T1,Kocaelispor,Buyuksehyr,,,SCHEDULED,T1_20270502_Kocaelispor_Buyuksehyr
2027-05-02,15:00,F1,Brest,Monaco,,,SCHEDULED,F1_20270502_Brest_Monaco
2027-05-02,15:00,F1,Lille,Le Havre,,,SCHEDULED,F1_20270502_Lille_Le_Havre
2027-05-02,15:00,F1,Paris SG,Marseille,,,SCHEDULED,F1_20270502_Paris_SG_Marseille
2027-05-02,15:00,F2,Red Star,Reims,,,SCHEDULED,F2_20270502_Red_Star_Reims
2027-05-02,15:00,F2,Sochaux,Pau FC,,,SCHEDULED,F2_20270502_Sochaux_Pau_FC
2027-05-02,15:00,F2,St Etienne,Dunkerque,,,SCHEDULED,F2_20270502_St_Etienne_Dunkerque
2027-05-02,15:00,I1,Torino,Monza,,,SCHEDULED,I1_20270502_Torino_Monza
2027-05-02,15:00,I2,Vicenza,Arezzo,,,SCHEDULED,I2_20270502_Vicenza_Arezzo
2027-05-02,15:30,D1,Augsburg,Elversberg,,,SCHEDULED,D1_20270502_Augsburg_Elversberg
2027-05-02,15:30,D2,Kaiserslautern,Dresden,,,SCHEDULED,D2_20270502_Kaiserslautern_Dresden
2027-05-02,16:00,JPN,Kyoto,FC Tokyo,,,SCHEDULED,JPN_20270502_Kyoto_FC_Tokyo
2027-05-02,16:00,JPN,Mito,Avispa Fukuoka,,,SCHEDULED,JPN_20270502_Mito_Avispa_Fukuoka
2027-05-02,16:00,USA,Inter Miami,CF Montreal,,,SCHEDULED,USA_20270502_Inter_Miami_CF_Montreal
2027-05-02,16:00,USA,Minnesota United,San Diego FC,,,SCHEDULED,USA_20270502_Minnesota_United_San_Diego_FC
2027-05-02,16:15,SP1,Alaves,Malaga,,,SCHEDULED,SP1_20270502_Alaves_Malaga
2027-05-02,16:15,SP2,Cadiz,Almeria,,,SCHEDULED,SP2_20270502_Cadiz_Almeria
2027-05-02,16:30,AUT,Wolfsberger AC,SK Rapid,,,SCHEDULED,AUT_20270502_Wolfsberger_AC_SK_Rapid
2027-05-02,16:30,B1,Westerlo,Anderlecht,,,SCHEDULED,B1_20270502_Westerlo_Anderlecht
2027-05-02,16:30,E3,Exeter,Rochdale,,,SCHEDULED,E3_20270502_Exeter_Rochdale
2027-05-02,16:30,N1,Utrecht,Twente,,,SCHEDULED,N1_20270502_Utrecht_Twente
2027-05-02,16:30,P1,Moreirense,Rio Ave,,,SCHEDULED,P1_20270502_Moreirense_Rio_Ave
2027-05-02,16:30,T1,Goztep,Corum,,,SCHEDULED,T1_20270502_Goztep_Corum
2027-05-02,17:15,F1,Strasbourg,Angers,,,SCHEDULED,F1_20270502_Strasbourg_Angers
2027-05-02,17:15,F2,Laval,Clermont,,,SCHEDULED,F2_20270502_Laval_Clermont
2027-05-02,17:30,D1,Paderborn,FC Koln,,,SCHEDULED,D1_20270502_Paderborn_FC_Koln
2027-05-02,17:30,D2,Bielefeld,Hannover,,,SCHEDULED,D2_20270502_Bielefeld_Hannover
2027-05-02,18:00,I1,Milan,Udinese,,,SCHEDULED,I1_20270502_Milan_Udinese
2027-05-02,18:00,I2,Padova,Pisa,,,SCHEDULED,I2_20270502_Padova_Pisa
2027-05-02,18:30,AUT,Altach,LASK,,,SCHEDULED,AUT_20270502_Altach_LASK
2027-05-02,18:30,B1,Oud-Heverlee Leuven,Standard,,,SCHEDULED,B1_20270502_Oud_Heverlee_Leuven_Standard
2027-05-02,18:30,N1,Ajax,Willem II,,,SCHEDULED,N1_20270502_Ajax_Willem_II
2027-05-02,18:30,P1,Benfica,Porto,,,SCHEDULED,P1_20270502_Benfica_Porto
2027-05-02,18:30,SP1,La Coruna,Ath Bilbao,,,SCHEDULED,SP1_20270502_La_Coruna_Ath_Bilbao
2027-05-02,18:30,SP2,Andorra,Castellon,,,SCHEDULED,SP2_20270502_Andorra_Castellon
2027-05-02,18:30,T1,Rizespor,Samsunspor,,,SCHEDULED,T1_20270502_Rizespor_Samsunspor
2027-05-02,18:30,USA,New York Red Bulls,Columbus Crew,,,SCHEDULED,USA_20270502_New_York_Red_Bulls_Columbus_Crew
2027-05-02,18:30,USA,Real Salt Lake,Austin FC,,,SCHEDULED,USA_20270502_Real_Salt_Lake_Austin_FC
2027-05-02,20:45,F1,Nice,Troyes,,,SCHEDULED,F1_20270502_Nice_Troyes
2027-05-02,20:45,F2,Annecy,Grenoble,,,SCHEDULED,F2_20270502_Annecy_Grenoble
2027-05-02,20:45,I1,Sassuolo,Juventus,,,SCHEDULED,I1_20270502_Sassuolo_Juventus
2027-05-02,20:45,I2,Catanzaro,Juve Stabia,,,SCHEDULED,I2_20270502_Catanzaro_Juve_Stabia
2027-05-02,21:00,SP1,Elche,Getafe,,,SCHEDULED,SP1_20270502_Elche_Getafe
2027-05-02,21:00,SP2,Albacete,Sociedad B,,,SCHEDULED,SP2_20270502_Albacete_Sociedad_B
2027-05-02,21:00,USA,Chicago Fire,Toronto FC,,,SCHEDULED,USA_20270502_Chicago_Fire_Toronto_FC
2027-05-02,21:00,USA,St. Louis City,Sporting Kansas City,,,SCHEDULED,USA_20270502_St_Louis_City_Sporting_Kansas_City
2027-05-04,19:00,JPN,Kashima Antlers,Urawa Reds,,,SCHEDULED,JPN_20270504_Kashima_Antlers_Urawa_Reds
2027-05-04,19:00,JPN,Kashiwa Reysol,Shimizu S-Pulse,,,SCHEDULED,JPN_20270504_Kashiwa_Reysol_Shimizu_S_Pulse
2027-05-04,19:00,JPN,Kawasaki Frontale,Okayama,,,SCHEDULED,JPN_20270504_Kawasaki_Frontale_Okayama
2027-05-04,19:00,JPN,Kyoto,Machida,,,SCHEDULED,JPN_20270504_Kyoto_Machida
2027-05-04,19:00,JPN,Mito,Chiba,,,SCHEDULED,JPN_20270504_Mito_Chiba
2027-05-04,19:00,JPN,Sanfrecce Hiroshima,Avispa Fukuoka,,,SCHEDULED,JPN_20270504_Sanfrecce_Hiroshima_Avispa_Fukuoka
2027-05-04,19:00,JPN,V-Varen Nagasaki,FC Tokyo,,,SCHEDULED,JPN_20270504_V_Varen_Nagasaki_FC_Tokyo
2027-05-04,19:00,JPN,Verdy,Nagoya Grampus,,,SCHEDULED,JPN_20270504_Verdy_Nagoya_Grampus
2027-05-04,19:00,JPN,Vissel Kobe,Cerezo Osaka,,,SCHEDULED,JPN_20270504_Vissel_Kobe_Cerezo_Osaka
2027-05-04,19:00,JPN,Yokohama F. Marinos,Gamba Osaka,,,SCHEDULED,JPN_20270504_Yokohama_F_Marinos_Gamba_Osaka
2027-05-07,20:00,B1,Oud-Heverlee Leuven,Antwerp,,,SCHEDULED,B1_20270507_Oud_Heverlee_Leuven_Antwerp
2027-05-07,20:00,E3,Tranmere,Rochdale,,,SCHEDULED,E3_20270507_Tranmere_Rochdale
2027-05-07,20:00,N1,Ajax,Heerenveen,,,SCHEDULED,N1_20270507_Ajax_Heerenveen
2027-05-07,20:00,P1,Benfica,Gil Vicente,,,SCHEDULED,P1_20270507_Benfica_Gil_Vicente
2027-05-07,20:00,T1,Erzurumspor,Samsunspor,,,SCHEDULED,T1_20270507_Erzurumspor_Samsunspor
2027-05-07,20:30,D1,Paderborn,Ein Frankfurt,,,SCHEDULED,D1_20270507_Paderborn_Ein_Frankfurt
2027-05-07,20:30,D2,Bochum,Hannover,,,SCHEDULED,D2_20270507_Bochum_Hannover
2027-05-07,20:45,F1,Nice,Monaco,,,SCHEDULED,F1_20270507_Nice_Monaco
2027-05-07,20:45,F2,Annecy,Pau FC,,,SCHEDULED,F2_20270507_Annecy_Pau_FC
2027-05-07,20:45,I1,Fiorentina,Juventus,,,SCHEDULED,I1_20270507_Fiorentina_Juventus
2027-05-07,20:45,I2,Palermo,Juve Stabia,,,SCHEDULED,I2_20270507_Palermo_Juve_Stabia
2027-05-07,21:00,SP1,Elche,Osasuna,,,SCHEDULED,SP1_20270507_Elche_Osasuna
2027-05-07,21:00,SP2,Albacete,Eibar,,,SCHEDULED,SP2_20270507_Albacete_Eibar
2027-05-07,21:00,USA,Chicago Fire,Orlando City,,,SCHEDULED,USA_20270507_Chicago_Fire_Orlando_City
2027-05-07,21:00,USA,St. Louis City,FC Dallas,,,SCHEDULED,USA_20270507_St_Louis_City_FC_Dallas
2027-05-08,12:30,E2,AFC Wimbledon,Notts County,,,SCHEDULED,E2_20270508_AFC_Wimbledon_Notts_County
2027-05-08,12:30,E2,Bromley,Plymouth,,,SCHEDULED,E2_20270508_Bromley_Plymouth
2027-05-08,12:30,E2,Doncaster,Reading,,,SCHEDULED,E2_20270508_Doncaster_Reading
2027-05-08,12:30,E2,Leicester,Cambridge,,,SCHEDULED,E2_20270508_Leicester_Cambridge
2027-05-08,12:30,E2,Luton,Blackpool,,,SCHEDULED,E2_20270508_Luton_Blackpool
2027-05-08,12:30,E2,Milton Keynes Dons,Bradford,,,SCHEDULED,E2_20270508_Milton_Keynes_Dons_Bradford
2027-05-08,12:30,E2,Peterboro,Leyton Orient,,,SCHEDULED,E2_20270508_Peterboro_Leyton_Orient
2027-05-08,12:30,E2,Sheffield Weds,Oxford,,,SCHEDULED,E2_20270508_Sheffield_Weds_Oxford
2027-05-08,12:30,E2,Stevenage,Huddersfield,,,SCHEDULED,E2_20270508_Stevenage_Huddersfield
2027-05-08,12:30,E2,Stockport,Mansfield,,,SCHEDULED,E2_20270508_Stockport_Mansfield
2027-05-08,12:30,E2,Wigan,Burton,,,SCHEDULED,E2_20270508_Wigan_Burton
2027-05-08,12:30,E2,Wycombe,Barnsley,,,SCHEDULED,E2_20270508_Wycombe_Barnsley
2027-05-08,14:00,JPN,Kashima Antlers,Okayama,,,SCHEDULED,JPN_20270508_Kashima_Antlers_Okayama
2027-05-08,14:00,JPN,Kawasaki Frontale,Nagoya Grampus,,,SCHEDULED,JPN_20270508_Kawasaki_Frontale_Nagoya_Grampus
2027-05-08,14:00,JPN,Shimizu S-Pulse,Gamba Osaka,,,SCHEDULED,JPN_20270508_Shimizu_S_Pulse_Gamba_Osaka
2027-05-08,14:00,SP1,Betis,Ath Madrid,,,SCHEDULED,SP1_20270508_Betis_Ath_Madrid
2027-05-08,14:00,SP1,Levante,Sociedad,,,SCHEDULED,SP1_20270508_Levante_Sociedad
2027-05-08,14:00,SP2,Leganes,Mallorca,,,SCHEDULED,SP2_20270508_Leganes_Mallorca
2027-05-08,14:00,SP2,Tenerife,Las Palmas,,,SCHEDULED,SP2_20270508_Tenerife_Las_Palmas
2027-05-08,15:00,E0,Bournemouth,Man United,,,SCHEDULED,E0_20270508_Bournemouth_Man_United
2027-05-08,15:00,E0,Brentford,Aston Villa,,,SCHEDULED,E0_20270508_Brentford_Aston_Villa
2027-05-08,15:00,E0,Brighton,Sunderland,,,SCHEDULED,E0_20270508_Brighton_Sunderland
2027-05-08,15:00,E0,Everton,Hull,,,SCHEDULED,E0_20270508_Everton_Hull
2027-05-08,15:00,E0,Fulham,Ipswich,,,SCHEDULED,E0_20270508_Fulham_Ipswich
2027-05-08,15:00,E0,Leeds,Arsenal,,,SCHEDULED,E0_20270508_Leeds_Arsenal
2027-05-08,15:00,E0,Man City,Liverpool,,,SCHEDULED,E0_20270508_Man_City_Liverpool
2027-05-08,15:00,E0,Newcastle,Coventry,,,SCHEDULED,E0_20270508_Newcastle_Coventry
2027-05-08,15:00,E0,Nott'm Forest,Crystal Palace,,,SCHEDULED,E0_20270508_Nott_m_Forest_Crystal_Palace
2027-05-08,15:00,E0,Tottenham,Chelsea,,,SCHEDULED,E0_20270508_Tottenham_Chelsea
2027-05-08,15:00,E3,Barnet,Cheltenham,,,SCHEDULED,E3_20270508_Barnet_Cheltenham
2027-05-08,15:00,E3,Bristol Rvs,Gillingham,,,SCHEDULED,E3_20270508_Bristol_Rvs_Gillingham
2027-05-08,15:00,E3,Crewe,Oldham,,,SCHEDULED,E3_20270508_Crewe_Oldham
2027-05-08,15:00,E3,Fleetwood Town,Port Vale,,,SCHEDULED,E3_20270508_Fleetwood_Town_Port_Vale
2027-05-08,15:00,E3,Newport County,Accrington,,,SCHEDULED,E3_20270508_Newport_County_Accrington
2027-05-08,15:00,E3,Rotherham,Crawley Town,,,SCHEDULED,E3_20270508_Rotherham_Crawley_Town
2027-05-08,15:00,E3,Salford,Swindon,,,SCHEDULED,E3_20270508_Salford_Swindon
2027-05-08,15:00,E3,Walsall,Colchester,,,SCHEDULED,E3_20270508_Walsall_Colchester
2027-05-08,15:00,I1,Cagliari,Bologna,,,SCHEDULED,I1_20270508_Cagliari_Bologna
2027-05-08,15:00,I1,Como,Atalanta,,,SCHEDULED,I1_20270508_Como_Atalanta
2027-05-08,15:00,I2,Empoli,Ascoli,,,SCHEDULED,I2_20270508_Empoli_Ascoli
2027-05-08,15:00,I2,Sudtirol,Avellino,,,SCHEDULED,I2_20270508_Sudtirol_Avellino
2027-05-08,15:30,D1,Bayern Munich,Leverkusen,,,SCHEDULED,D1_20270508_Bayern_Munich_Leverkusen
2027-05-08,15:30,D1,Freiburg,RB Leipzig,,,SCHEDULED,D1_20270508_Freiburg_RB_Leipzig
2027-05-08,15:30,D1,Hamburg,Mainz,,,SCHEDULED,D1_20270508_Hamburg_Mainz
2027-05-08,15:30,D1,Hoffenheim,Union Berlin,,,SCHEDULED,D1_20270508_Hoffenheim_Union_Berlin
2027-05-08,15:30,D1,M'gladbach,Stuttgart,,,SCHEDULED,D1_20270508_M_gladbach_Stuttgart
2027-05-08,15:30,D2,Cottbus,Magdeburg,,,SCHEDULED,D2_20270508_Cottbus_Magdeburg
2027-05-08,15:30,D2,Greuther Furth,St Pauli,,,SCHEDULED,D2_20270508_Greuther_Furth_St_Pauli
2027-05-08,15:30,D2,Heidenheim,Karlsruhe,,,SCHEDULED,D2_20270508_Heidenheim_Karlsruhe
2027-05-08,15:30,D2,Hertha,Holstein Kiel,,,SCHEDULED,D2_20270508_Hertha_Holstein_Kiel
2027-05-08,15:30,D2,Osnabruck,Braunschweig,,,SCHEDULED,D2_20270508_Osnabruck_Braunschweig
2027-05-08,16:00,JPN,Kyoto,Kashiwa Reysol,,,SCHEDULED,JPN_20270508_Kyoto_Kashiwa_Reysol
2027-05-08,16:00,JPN,Mito,Cerezo Osaka,,,SCHEDULED,JPN_20270508_Mito_Cerezo_Osaka
2027-05-08,16:15,SP1,Vallecano,Real Madrid,,,SCHEDULED,SP1_20270508_Vallecano_Real_Madrid
2027-05-08,16:15,SP2,Celta B,Sabadell,,,SCHEDULED,SP2_20270508_Celta_B_Sabadell
2027-05-08,16:15,SP2,Girona,Oviedo,,,SCHEDULED,SP2_20270508_Girona_Oviedo
2027-05-08,17:00,F1,Brest,Marseille,,,SCHEDULED,F1_20270508_Brest_Marseille
2027-05-08,17:00,F1,Toulouse,Paris FC,,,SCHEDULED,F1_20270508_Toulouse_Paris_FC
2027-05-08,17:00,F2,Boulogne,Metz,,,SCHEDULED,F2_20270508_Boulogne_Metz
2027-05-08,17:00,F2,Sochaux,Dunkerque,,,SCHEDULED,F2_20270508_Sochaux_Dunkerque
2027-05-08,17:30,E3,Exeter,Chesterfield,,,SCHEDULED,E3_20270508_Exeter_Chesterfield
2027-05-08,18:00,B1,Charleroi,Club Brugge,,,SCHEDULED,B1_20270508_Charleroi_Club_Brugge
2027-05-08,18:00,B1,Kortrijk,RAAL La Louviere,,,SCHEDULED,B1_20270508_Kortrijk_RAAL_La_Louviere
2027-05-08,18:00,B1,Mechelen,Gent,,,SCHEDULED,B1_20270508_Mechelen_Gent
2027-05-08,18:00,I1,Napoli,Lazio,,,SCHEDULED,I1_20270508_Napoli_Lazio
2027-05-08,18:00,I1,Parma,Frosinone,,,SCHEDULED,I1_20270508_Parma_Frosinone
2027-05-08,18:00,I2,Cremonese,Mantova,,,SCHEDULED,I2_20270508_Cremonese_Mantova
2027-05-08,18:00,I2,Modena,Verona,,,SCHEDULED,I2_20270508_Modena_Verona
2027-05-08,18:00,N1,AZ Alkmaar,Den Haag,,,SCHEDULED,N1_20270508_AZ_Alkmaar_Den_Haag
2027-05-08,18:00,N1,Sparta Rotterdam,Nijmegen,,,SCHEDULED,N1_20270508_Sparta_Rotterdam_Nijmegen
2027-05-08,18:00,N1,Zwolle,Cambuur,,,SCHEDULED,N1_20270508_Zwolle_Cambuur
2027-05-08,18:00,P1,Academico Viseu,Sp Braga,,,SCHEDULED,P1_20270508_Academico_Viseu_Sp_Braga
2027-05-08,18:00,P1,Arouca,Estoril,,,SCHEDULED,P1_20270508_Arouca_Estoril
2027-05-08,18:00,P1,Guimaraes,Alverca,,,SCHEDULED,P1_20270508_Guimaraes_Alverca
2027-05-08,18:00,T1,Besiktas,Gaziantep,,,SCHEDULED,T1_20270508_Besiktas_Gaziantep
2027-05-08,18:00,T1,Galatasaray,Trabzonspor,,,SCHEDULED,T1_20270508_Galatasaray_Trabzonspor
2027-05-08,18:00,T1,Genclerbirligi,Fenerbahce,,,SCHEDULED,T1_20270508_Genclerbirligi_Fenerbahce
2027-05-08,18:30,D1,Augsburg,Werder Bremen,,,SCHEDULED,D1_20270508_Augsburg_Werder_Bremen
2027-05-08,18:30,D2,Wolfsburg,Dresden,,,SCHEDULED,D2_20270508_Wolfsburg_Dresden
2027-05-08,18:30,SP1,Villarreal,Valencia,,,SCHEDULED,SP1_20270508_Villarreal_Valencia
2027-05-08,18:30,SP2,Granada,Eldense,,,SCHEDULED,SP2_20270508_Granada_Eldense
2027-05-08,19:30,USA,Houston Dynamo,Sporting Kansas City,,,SCHEDULED,USA_20270508_Houston_Dynamo_Sporting_Kansas_City
2027-05-08,19:30,USA,New York Red Bulls,DC United,,,SCHEDULED,USA_20270508_New_York_Red_Bulls_DC_United
2027-05-08,19:30,USA,Philadelphia Union,Toronto FC,,,SCHEDULED,USA_20270508_Philadelphia_Union_Toronto_FC
2027-05-08,19:30,USA,Real Salt Lake,Colorado Rapids,,,SCHEDULED,USA_20270508_Real_Salt_Lake_Colorado_Rapids
2027-05-08,20:45,B1,St Truiden,Genk,,,SCHEDULED,B1_20270508_St_Truiden_Genk
2027-05-08,20:45,I1,Lecce,Genoa,,,SCHEDULED,I1_20270508_Lecce_Genoa
2027-05-08,20:45,I2,Virtus Entella,Cesena,,,SCHEDULED,I2_20270508_Virtus_Entella_Cesena
2027-05-08,20:45,N1,Excelsior,For Sittard,,,SCHEDULED,N1_20270508_Excelsior_For_Sittard
2027-05-08,20:45,P1,Estrela,Maritimo,,,SCHEDULED,P1_20270508_Estrela_Maritimo
2027-05-08,20:45,T1,Kocaelispor,Eyupspor,,,SCHEDULED,T1_20270508_Kocaelispor_Eyupspor
2027-05-08,21:00,F1,Le Mans,Le Havre,,,SCHEDULED,F1_20270508_Le_Mans_Le_Havre
2027-05-08,21:00,F2,Nantes,Reims,,,SCHEDULED,F2_20270508_Nantes_Reims
2027-05-08,21:00,SP1,Barcelona,Celta,,,SCHEDULED,SP1_20270508_Barcelona_Celta
2027-05-08,21:00,SP2,Cordoba,Sp Gijon,,,SCHEDULED,SP2_20270508_Cordoba_Sp_Gijon
2027-05-08,21:00,USA,Charlotte,Nashville SC,,,SCHEDULED,USA_20270508_Charlotte_Nashville_SC
2027-05-08,21:00,USA,Los Angeles FC,Portland Timbers,,,SCHEDULED,USA_20270508_Los_Angeles_FC_Portland_Timbers
2027-05-09,12:30,I1,Torino,Inter,,,SCHEDULED,I1_20270509_Torino_Inter
2027-05-09,12:30,I2,Vicenza,Carrarese,,,SCHEDULED,I2_20270509_Vicenza_Carrarese
2027-05-09,14:00,E3,Northampton,Shrewsbury,,,SCHEDULED,E3_20270509_Northampton_Shrewsbury
2027-05-09,14:00,JPN,Verdy,Avispa Fukuoka,,,SCHEDULED,JPN_20270509_Verdy_Avispa_Fukuoka
2027-05-09,14:00,JPN,Vissel Kobe,FC Tokyo,,,SCHEDULED,JPN_20270509_Vissel_Kobe_FC_Tokyo
2027-05-09,14:00,JPN,Yokohama F. Marinos,Urawa Reds,,,SCHEDULED,JPN_20270509_Yokohama_F_Marinos_Urawa_Reds
2027-05-09,14:00,SP1,Sevilla,Malaga,,,SCHEDULED,SP1_20270509_Sevilla_Malaga
2027-05-09,14:00,SP2,Burgos,Almeria,,,SCHEDULED,SP2_20270509_Burgos_Almeria
2027-05-09,14:30,B1,Cercle Brugge,St. Gilloise,,,SCHEDULED,B1_20270509_Cercle_Brugge_St_Gilloise
2027-05-09,14:30,B1,Westerlo,Waregem,,,SCHEDULED,B1_20270509_Westerlo_Waregem
2027-05-09,14:30,N1,Feyenoord,Groningen,,,SCHEDULED,N1_20270509_Feyenoord_Groningen
2027-05-09,14:30,N1,Utrecht,PSV Eindhoven,,,SCHEDULED,N1_20270509_Utrecht_PSV_Eindhoven
2027-05-09,14:30,P1,Moreirense,Casa Pia,,,SCHEDULED,P1_20270509_Moreirense_Casa_Pia
2027-05-09,14:30,P1,Nacional,Sp Lisbon,,,SCHEDULED,P1_20270509_Nacional_Sp_Lisbon
2027-05-09,14:30,T1,Amedspor,Corum,,,SCHEDULED,T1_20270509_Amedspor_Corum
2027-05-09,14:30,T1,Konyaspor,Kasimpasa,,,SCHEDULED,T1_20270509_Konyaspor_Kasimpasa
2027-05-09,15:00,F1,Lorient,Lyon,,,SCHEDULED,F1_20270509_Lorient_Lyon
2027-05-09,15:00,F1,Paris SG,Rennes,,,SCHEDULED,F1_20270509_Paris_SG_Rennes
2027-05-09,15:00,F1,Strasbourg,Lens,,,SCHEDULED,F1_20270509_Strasbourg_Lens
2027-05-09,15:00,F2,Laval,Nancy,,,SCHEDULED,F2_20270509_Laval_Nancy
2027-05-09,15:00,F2,Rodez,Montpellier,,,SCHEDULED,F2_20270509_Rodez_Montpellier
2027-05-09,15:00,F2,St Etienne,Dijon,,,SCHEDULED,F2_20270509_St_Etienne_Dijon
2027-05-09,15:00,I1,Roma,Udinese,,,SCHEDULED,I1_20270509_Roma_Udinese
2027-05-09,15:00,I2,Benevento,Pisa,,,SCHEDULED,I2_20270509_Benevento_Pisa
2027-05-09,15:30,D1,Dortmund,FC Koln,,,SCHEDULED,D1_20270509_Dortmund_FC_Koln
2027-05-09,15:30,D2,Bielefeld,Darmstadt,,,SCHEDULED,D2_20270509_Bielefeld_Darmstadt
2027-05-09,16:00,JPN,Sanfrecce Hiroshima,Chiba,,,SCHEDULED,JPN_20270509_Sanfrecce_Hiroshima_Chiba
2027-05-09,16:00,JPN,V-Varen Nagasaki,Machida,,,SCHEDULED,JPN_20270509_V_Varen_Nagasaki_Machida
2027-05-09,16:00,USA,FC Cincinnati,CF Montreal,,,SCHEDULED,USA_20270509_FC_Cincinnati_CF_Montreal
2027-05-09,16:00,USA,Vancouver Whitecaps,San Diego FC,,,SCHEDULED,USA_20270509_Vancouver_Whitecaps_San_Diego_FC
2027-05-09,16:15,SP1,La Coruna,Espanol,,,SCHEDULED,SP1_20270509_La_Coruna_Espanol
2027-05-09,16:15,SP2,Andorra,Valladolid,,,SCHEDULED,SP2_20270509_Andorra_Valladolid
2027-05-09,16:30,B1,Beveren,Standard,,,SCHEDULED,B1_20270509_Beveren_Standard
2027-05-09,16:30,E3,York,Grimsby,,,SCHEDULED,E3_20270509_York_Grimsby
2027-05-09,16:30,N1,Go Ahead Eagles,Willem II,,,SCHEDULED,N1_20270509_Go_Ahead_Eagles_Willem_II
2027-05-09,16:30,P1,Famalicao,Porto,,,SCHEDULED,P1_20270509_Famalicao_Porto
2027-05-09,16:30,T1,Rizespor,Buyuksehyr,,,SCHEDULED,T1_20270509_Rizespor_Buyuksehyr
2027-05-09,17:15,F1,Lille,Troyes,,,SCHEDULED,F1_20270509_Lille_Troyes
2027-05-09,17:15,F2,Red Star,Grenoble,,,SCHEDULED,F2_20270509_Red_Star_Grenoble
2027-05-09,17:30,D1,Schalke 04,Elversberg,,,SCHEDULED,D1_20270509_Schalke_04_Elversberg
2027-05-09,17:30,D2,Kaiserslautern,Nurnberg,,,SCHEDULED,D2_20270509_Kaiserslautern_Nurnberg
2027-05-09,18:00,I1,Sassuolo,Monza,,,SCHEDULED,I1_20270509_Sassuolo_Monza
2027-05-09,18:00,I2,Catanzaro,Arezzo,,,SCHEDULED,I2_20270509_Catanzaro_Arezzo
2027-05-09,18:30,B1,Lommel SK,Anderlecht,,,SCHEDULED,B1_20270509_Lommel_SK_Anderlecht
2027-05-09,18:30,N1,Telstar,Twente,,,SCHEDULED,N1_20270509_Telstar_Twente
2027-05-09,18:30,P1,Santa Clara,Rio Ave,,,SCHEDULED,P1_20270509_Santa_Clara_Rio_Ave
2027-05-09,18:30,SP1,Alaves,Getafe,,,SCHEDULED,SP1_20270509_Alaves_Getafe
2027-05-09,18:30,SP2,Cadiz,Sociedad B,,,SCHEDULED,SP2_20270509_Cadiz_Sociedad_B
2027-05-09,18:30,T1,Goztep,Alanyaspor,,,SCHEDULED,T1_20270509_Goztep_Alanyaspor
2027-05-09,18:30,USA,Inter Miami,Columbus Crew,,,SCHEDULED,USA_20270509_Inter_Miami_Columbus_Crew
2027-05-09,18:30,USA,Minnesota United,Austin FC,,,SCHEDULED,USA_20270509_Minnesota_United_Austin_FC
2027-05-09,20:45,F1,Auxerre,Angers,,,SCHEDULED,F1_20270509_Auxerre_Angers
2027-05-09,20:45,F2,Guingamp,Clermont,,,SCHEDULED,F2_20270509_Guingamp_Clermont
2027-05-09,20:45,I1,Milan,Venezia,,,SCHEDULED,I1_20270509_Milan_Venezia
2027-05-09,20:45,I2,Padova,Sampdoria,,,SCHEDULED,I2_20270509_Padova_Sampdoria
2027-05-09,21:00,SP1,Santander,Ath Bilbao,,,SCHEDULED,SP1_20270509_Santander_Ath_Bilbao
2027-05-09,21:00,SP2,Ceuta,Castellon,,,SCHEDULED,SP2_20270509_Ceuta_Castellon
2027-05-09,21:00,USA,New York City,Atlanta Utd,,,SCHEDULED,USA_20270509_New_York_City_Atlanta_Utd
2027-05-09,21:00,USA,Seattle Sounders,San Jose Earthquakes,,,SCHEDULED,USA_20270509_Seattle_Sounders_San_Jose_Earthquakes
2027-05-14,20:00,E3,York,Accrington,,,SCHEDULED,E3_20270514_York_Accrington
2027-05-14,20:00,T1,Goztep,Trabzonspor,,,SCHEDULED,T1_20270514_Goztep_Trabzonspor
2027-05-14,20:30,D1,Paderborn,Elversberg,,,SCHEDULED,D1_20270514_Paderborn_Elversberg
2027-05-14,20:30,D2,Kaiserslautern,Hannover,,,SCHEDULED,D2_20270514_Kaiserslautern_Hannover
2027-05-14,20:45,F1,Lorient,Angers,,,SCHEDULED,F1_20270514_Lorient_Angers
2027-05-14,20:45,I1,Milan,Bologna,,,SCHEDULED,I1_20270514_Milan_Bologna
2027-05-14,20:45,I2,Padova,Avellino,,,SCHEDULED,I2_20270514_Padova_Avellino
2027-05-14,21:00,SP1,Betis,Ath Bilbao,,,SCHEDULED,SP1_20270514_Betis_Ath_Bilbao
2027-05-14,21:00,SP2,Tenerife,Castellon,,,SCHEDULED,SP2_20270514_Tenerife_Castellon
2027-05-14,21:00,USA,Chicago Fire,New England Revolution,,,SCHEDULED,USA_20270514_Chicago_Fire_New_England_Revolution
2027-05-14,21:00,USA,St. Louis City,Los Angeles Galaxy,,,SCHEDULED,USA_20270514_St_Louis_City_Los_Angeles_Galaxy
2027-05-15,14:00,JPN,Kyoto,Shimizu S-Pulse,,,SCHEDULED,JPN_20270515_Kyoto_Shimizu_S_Pulse
2027-05-15,14:00,JPN,Mito,FC Tokyo,,,SCHEDULED,JPN_20270515_Mito_FC_Tokyo
2027-05-15,14:00,JPN,Vissel Kobe,Machida,,,SCHEDULED,JPN_20270515_Vissel_Kobe_Machida
2027-05-15,14:00,SP1,Elche,Ath Madrid,,,SCHEDULED,SP1_20270515_Elche_Ath_Madrid
2027-05-15,14:00,SP1,Vallecano,Levante,,,SCHEDULED,SP1_20270515_Vallecano_Levante
2027-05-15,14:00,SP2,Albacete,Sabadell,,,SCHEDULED,SP2_20270515_Albacete_Sabadell
2027-05-15,14:00,SP2,Girona,Leganes,,,SCHEDULED,SP2_20270515_Girona_Leganes
2027-05-15,15:00,E0,Arsenal,Nott'm Forest,,,SCHEDULED,E0_20270515_Arsenal_Nott_m_Forest
2027-05-15,15:00,E0,Aston Villa,Newcastle,,,SCHEDULED,E0_20270515_Aston_Villa_Newcastle
2027-05-15,15:00,E0,Chelsea,Everton,,,SCHEDULED,E0_20270515_Chelsea_Everton
2027-05-15,15:00,E0,Coventry,Tottenham,,,SCHEDULED,E0_20270515_Coventry_Tottenham
2027-05-15,15:00,E0,Crystal Palace,Brighton,,,SCHEDULED,E0_20270515_Crystal_Palace_Brighton
2027-05-15,15:00,E0,Hull,Fulham,,,SCHEDULED,E0_20270515_Hull_Fulham
2027-05-15,15:00,E0,Ipswich,Man City,,,SCHEDULED,E0_20270515_Ipswich_Man_City
2027-05-15,15:00,E0,Liverpool,Brentford,,,SCHEDULED,E0_20270515_Liverpool_Brentford
2027-05-15,15:00,E0,Man United,Leeds,,,SCHEDULED,E0_20270515_Man_United_Leeds
2027-05-15,15:00,E0,Sunderland,Bournemouth,,,SCHEDULED,E0_20270515_Sunderland_Bournemouth
2027-05-15,15:00,E3,Barnet,Shrewsbury,,,SCHEDULED,E3_20270515_Barnet_Shrewsbury
2027-05-15,15:00,E3,Bristol Rvs,Fleetwood Town,,,SCHEDULED,E3_20270515_Bristol_Rvs_Fleetwood_Town
2027-05-15,15:00,E3,Crewe,Swindon,,,SCHEDULED,E3_20270515_Crewe_Swindon
2027-05-15,15:00,E3,Newport County,Crawley Town,,,SCHEDULED,E3_20270515_Newport_County_Crawley_Town
2027-05-15,15:00,E3,Port Vale,Cheltenham,,,SCHEDULED,E3_20270515_Port_Vale_Cheltenham
2027-05-15,15:00,E3,Rotherham,Oldham,,,SCHEDULED,E3_20270515_Rotherham_Oldham
2027-05-15,15:00,E3,Salford,Rochdale,,,SCHEDULED,E3_20270515_Salford_Rochdale
2027-05-15,15:00,E3,Walsall,Gillingham,,,SCHEDULED,E3_20270515_Walsall_Gillingham
2027-05-15,15:00,I1,Napoli,Como,,,SCHEDULED,I1_20270515_Napoli_Como
2027-05-15,15:00,I1,Parma,Juventus,,,SCHEDULED,I1_20270515_Parma_Juventus
2027-05-15,15:00,I2,Cremonese,Juve Stabia,,,SCHEDULED,I2_20270515_Cremonese_Juve_Stabia
2027-05-15,15:00,I2,Modena,Empoli,,,SCHEDULED,I2_20270515_Modena_Empoli
2027-05-15,15:30,D1,Augsburg,Stuttgart,,,SCHEDULED,D1_20270515_Augsburg_Stuttgart
2027-05-15,15:30,D1,Freiburg,Hamburg,,,SCHEDULED,D1_20270515_Freiburg_Hamburg
2027-05-15,15:30,D1,Hoffenheim,Leverkusen,,,SCHEDULED,D1_20270515_Hoffenheim_Leverkusen
2027-05-15,15:30,D1,M'gladbach,RB Leipzig,,,SCHEDULED,D1_20270515_M_gladbach_RB_Leipzig
2027-05-15,15:30,D1,Mainz,Union Berlin,,,SCHEDULED,D1_20270515_Mainz_Union_Berlin
2027-05-15,15:30,D2,Greuther Furth,Holstein Kiel,,,SCHEDULED,D2_20270515_Greuther_Furth_Holstein_Kiel
2027-05-15,15:30,D2,Heidenheim,Braunschweig,,,SCHEDULED,D2_20270515_Heidenheim_Braunschweig
2027-05-15,15:30,D2,Hertha,Dresden,,,SCHEDULED,D2_20270515_Hertha_Dresden
2027-05-15,15:30,D2,Magdeburg,St Pauli,,,SCHEDULED,D2_20270515_Magdeburg_St_Pauli
2027-05-15,15:30,D2,Osnabruck,Cottbus,,,SCHEDULED,D2_20270515_Osnabruck_Cottbus
2027-05-15,16:00,JPN,Gamba Osaka,Urawa Reds,,,SCHEDULED,JPN_20270515_Gamba_Osaka_Urawa_Reds
2027-05-15,16:00,JPN,Kawasaki Frontale,Avispa Fukuoka,,,SCHEDULED,JPN_20270515_Kawasaki_Frontale_Avispa_Fukuoka
2027-05-15,16:15,SP1,Sociedad,Valencia,,,SCHEDULED,SP1_20270515_Sociedad_Valencia
2027-05-15,16:15,SP2,Celta B,Las Palmas,,,SCHEDULED,SP2_20270515_Celta_B_Las_Palmas
2027-05-15,16:15,SP2,Mallorca,Eldense,,,SCHEDULED,SP2_20270515_Mallorca_Eldense
2027-05-15,17:00,F1,Paris FC,Le Havre,,,SCHEDULED,F1_20270515_Paris_FC_Le_Havre
2027-05-15,17:00,F1,Paris SG,Lyon,,,SCHEDULED,F1_20270515_Paris_SG_Lyon
2027-05-15,17:30,E3,Northampton,Grimsby,,,SCHEDULED,E3_20270515_Northampton_Grimsby
2027-05-15,18:00,I1,Atalanta,Genoa,,,SCHEDULED,I1_20270515_Atalanta_Genoa
2027-05-15,18:00,I1,Cagliari,Frosinone,,,SCHEDULED,I1_20270515_Cagliari_Frosinone
2027-05-15,18:00,I2,Ascoli,Cesena,,,SCHEDULED,I2_20270515_Ascoli_Cesena
2027-05-15,18:00,I2,Sudtirol,Mantova,,,SCHEDULED,I2_20270515_Sudtirol_Mantova
2027-05-15,18:00,T1,Besiktas,Kasimpasa,,,SCHEDULED,T1_20270515_Besiktas_Kasimpasa
2027-05-15,18:00,T1,Kocaelispor,Genclerbirligi,,,SCHEDULED,T1_20270515_Kocaelispor_Genclerbirligi
2027-05-15,18:00,T1,Konyaspor,Samsunspor,,,SCHEDULED,T1_20270515_Konyaspor_Samsunspor
2027-05-15,18:30,D1,Bayern Munich,FC Koln,,,SCHEDULED,D1_20270515_Bayern_Munich_FC_Koln
2027-05-15,18:30,D2,Bielefeld,Karlsruhe,,,SCHEDULED,D2_20270515_Bielefeld_Karlsruhe
2027-05-15,18:30,SP1,Barcelona,Real Madrid,,,SCHEDULED,SP1_20270515_Barcelona_Real_Madrid
2027-05-15,18:30,SP2,Cordoba,Oviedo,,,SCHEDULED,SP2_20270515_Cordoba_Oviedo
2027-05-15,19:30,USA,Houston Dynamo,FC Dallas,,,SCHEDULED,USA_20270515_Houston_Dynamo_FC_Dallas
2027-05-15,19:30,USA,Inter Miami,DC United,,,SCHEDULED,USA_20270515_Inter_Miami_DC_United
2027-05-15,19:30,USA,Minnesota United,Colorado Rapids,,,SCHEDULED,USA_20270515_Minnesota_United_Colorado_Rapids
2027-05-15,19:30,USA,Philadelphia Union,Orlando City,,,SCHEDULED,USA_20270515_Philadelphia_Union_Orlando_City
2027-05-15,20:45,I1,Torino,Lazio,,,SCHEDULED,I1_20270515_Torino_Lazio
2027-05-15,20:45,I2,Vicenza,Verona,,,SCHEDULED,I2_20270515_Vicenza_Verona
2027-05-15,20:45,T1,Fenerbahce,Corum,,,SCHEDULED,T1_20270515_Fenerbahce_Corum
2027-05-15,21:00,F1,Strasbourg,Toulouse,,,SCHEDULED,F1_20270515_Strasbourg_Toulouse
2027-05-15,21:00,SP1,Villarreal,Malaga,,,SCHEDULED,SP1_20270515_Villarreal_Malaga
2027-05-15,21:00,SP2,Granada,Almeria,,,SCHEDULED,SP2_20270515_Granada_Almeria
2027-05-15,21:00,USA,Charlotte,Toronto FC,,,SCHEDULED,USA_20270515_Charlotte_Toronto_FC
2027-05-15,21:00,USA,Los Angeles FC,Sporting Kansas City,,,SCHEDULED,USA_20270515_Los_Angeles_FC_Sporting_Kansas_City
2027-05-16,12:30,I1,Lecce,Udinese,,,SCHEDULED,I1_20270516_Lecce_Udinese
2027-05-16,12:30,I2,Virtus Entella,Pisa,,,SCHEDULED,I2_20270516_Virtus_Entella_Pisa
2027-05-16,14:00,E3,Exeter,Colchester,,,SCHEDULED,E3_20270516_Exeter_Colchester
2027-05-16,14:00,JPN,Kashima Antlers,Nagoya Grampus,,,SCHEDULED,JPN_20270516_Kashima_Antlers_Nagoya_Grampus
2027-05-16,14:00,JPN,Sanfrecce Hiroshima,Cerezo Osaka,,,SCHEDULED,JPN_20270516_Sanfrecce_Hiroshima_Cerezo_Osaka
2027-05-16,14:00,JPN,V-Varen Nagasaki,Kashiwa Reysol,,,SCHEDULED,JPN_20270516_V_Varen_Nagasaki_Kashiwa_Reysol
2027-05-16,14:00,SP1,La Coruna,Celta,,,SCHEDULED,SP1_20270516_La_Coruna_Celta
2027-05-16,14:00,SP2,Andorra,Sp Gijon,,,SCHEDULED,SP2_20270516_Andorra_Sp_Gijon
2027-05-16,14:30,T1,Galatasaray,Gaziantep,,,SCHEDULED,T1_20270516_Galatasaray_Gaziantep
2027-05-16,14:30,T1,Rizespor,Eyupspor,,,SCHEDULED,T1_20270516_Rizespor_Eyupspor
2027-05-16,15:00,F1,Brest,Rennes,,,SCHEDULED,F1_20270516_Brest_Rennes
2027-05-16,15:00,F1,Le Mans,Troyes,,,SCHEDULED,F1_20270516_Le_Mans_Troyes
2027-05-16,15:00,F1,Nice,Marseille,,,SCHEDULED,F1_20270516_Nice_Marseille
2027-05-16,15:00,I1,Sassuolo,Inter,,,SCHEDULED,I1_20270516_Sassuolo_Inter
2027-05-16,15:00,I2,Catanzaro,Carrarese,,,SCHEDULED,I2_20270516_Catanzaro_Carrarese
2027-05-16,15:30,D1,Schalke 04,Werder Bremen,,,SCHEDULED,D1_20270516_Schalke_04_Werder_Bremen
2027-05-16,15:30,D2,Wolfsburg,Nurnberg,,,SCHEDULED,D2_20270516_Wolfsburg_Nurnberg
2027-05-16,16:00,JPN,Verdy,Chiba,,,SCHEDULED,JPN_20270516_Verdy_Chiba
2027-05-16,16:00,JPN,Yokohama F. Marinos,Okayama,,,SCHEDULED,JPN_20270516_Yokohama_F_Marinos_Okayama
2027-05-16,16:00,USA,CF Montreal,Nashville SC,,,SCHEDULED,USA_20270516_CF_Montreal_Nashville_SC
2027-05-16,16:00,USA,San Diego FC,Portland Timbers,,,SCHEDULED,USA_20270516_San_Diego_FC_Portland_Timbers
2027-05-16,16:15,SP1,Sevilla,Getafe,,,SCHEDULED,SP1_20270516_Sevilla_Getafe
2027-05-16,16:15,SP2,Burgos,Sociedad B,,,SCHEDULED,SP2_20270516_Burgos_Sociedad_B
2027-05-16,16:30,E3,Tranmere,Chesterfield,,,SCHEDULED,E3_20270516_Tranmere_Chesterfield
2027-05-16,16:30,T1,Amedspor,Alanyaspor,,,SCHEDULED,T1_20270516_Amedspor_Alanyaspor
2027-05-16,17:15,F1,Auxerre,Lens,,,SCHEDULED,F1_20270516_Auxerre_Lens
2027-05-16,17:30,D1,Dortmund,Ein Frankfurt,,,SCHEDULED,D1_20270516_Dortmund_Ein_Frankfurt
2027-05-16,17:30,D2,Bochum,Darmstadt,,,SCHEDULED,D2_20270516_Bochum_Darmstadt
2027-05-16,18:00,I1,Roma,Venezia,,,SCHEDULED,I1_20270516_Roma_Venezia
2027-05-16,18:00,I2,Benevento,Sampdoria,,,SCHEDULED,I2_20270516_Benevento_Sampdoria
2027-05-16,18:30,SP1,Santander,Espanol,,,SCHEDULED,SP1_20270516_Santander_Espanol
2027-05-16,18:30,SP2,Ceuta,Valladolid,,,SCHEDULED,SP2_20270516_Ceuta_Valladolid
2027-05-16,18:30,T1,Erzurumspor,Buyuksehyr,,,SCHEDULED,T1_20270516_Erzurumspor_Buyuksehyr
2027-05-16,18:30,USA,FC Cincinnati,Columbus Crew,,,SCHEDULED,USA_20270516_FC_Cincinnati_Columbus_Crew
2027-05-16,18:30,USA,Vancouver Whitecaps,Austin FC,,,SCHEDULED,USA_20270516_Vancouver_Whitecaps_Austin_FC
2027-05-16,20:45,F1,Lille,Monaco,,,SCHEDULED,F1_20270516_Lille_Monaco
2027-05-16,20:45,I1,Fiorentina,Monza,,,SCHEDULED,I1_20270516_Fiorentina_Monza
2027-05-16,20:45,I2,Palermo,Arezzo,,,SCHEDULED,I2_20270516_Palermo_Arezzo
2027-05-16,21:00,SP1,Alaves,Osasuna,,,SCHEDULED,SP1_20270516_Alaves_Osasuna
2027-05-16,21:00,SP2,Cadiz,Eibar,,,SCHEDULED,SP2_20270516_Cadiz_Eibar
2027-05-16,21:00,USA,New York Red Bulls,Atlanta Utd,,,SCHEDULED,USA_20270516_New_York_Red_Bulls_Atlanta_Utd
2027-05-16,21:00,USA,Real Salt Lake,San Jose Earthquakes,,,SCHEDULED,USA_20270516_Real_Salt_Lake_San_Jose_Earthquakes
2027-05-18,19:45,E3,Barnet,Grimsby,,,SCHEDULED,E3_20270518_Barnet_Grimsby
2027-05-18,19:45,E3,Crewe,Rochdale,,,SCHEDULED,E3_20270518_Crewe_Rochdale
2027-05-18,19:45,E3,Exeter,Gillingham,,,SCHEDULED,E3_20270518_Exeter_Gillingham
2027-05-18,19:45,E3,Fleetwood Town,Cheltenham,,,SCHEDULED,E3_20270518_Fleetwood_Town_Cheltenham
2027-05-18,19:45,E3,Newport County,Oldham,,,SCHEDULED,E3_20270518_Newport_County_Oldham
2027-05-18,19:45,E3,Northampton,Accrington,,,SCHEDULED,E3_20270518_Northampton_Accrington
2027-05-18,19:45,E3,Port Vale,Shrewsbury,,,SCHEDULED,E3_20270518_Port_Vale_Shrewsbury
2027-05-18,19:45,E3,Rotherham,Swindon,,,SCHEDULED,E3_20270518_Rotherham_Swindon
2027-05-18,19:45,E3,Salford,Chesterfield,,,SCHEDULED,E3_20270518_Salford_Chesterfield
2027-05-18,19:45,E3,Tranmere,Colchester,,,SCHEDULED,E3_20270518_Tranmere_Colchester
2027-05-18,19:45,E3,Walsall,Bristol Rvs,,,SCHEDULED,E3_20270518_Walsall_Bristol_Rvs
2027-05-18,19:45,E3,York,Crawley Town,,,SCHEDULED,E3_20270518_York_Crawley_Town
2027-05-18,20:30,D1,Augsburg,RB Leipzig,,,SCHEDULED,D1_20270518_Augsburg_RB_Leipzig
2027-05-18,20:30,D1,Bayern Munich,Ein Frankfurt,,,SCHEDULED,D1_20270518_Bayern_Munich_Ein_Frankfurt
2027-05-18,20:30,D1,Dortmund,Elversberg,,,SCHEDULED,D1_20270518_Dortmund_Elversberg
2027-05-18,20:30,D1,Hamburg,Union Berlin,,,SCHEDULED,D1_20270518_Hamburg_Union_Berlin
2027-05-18,20:30,D1,Hoffenheim,FC Koln,,,SCHEDULED,D1_20270518_Hoffenheim_FC_Koln
2027-05-18,20:30,D1,M'gladbach,Freiburg,,,SCHEDULED,D1_20270518_M_gladbach_Freiburg
2027-05-18,20:30,D1,Mainz,Leverkusen,,,SCHEDULED,D1_20270518_Mainz_Leverkusen
2027-05-18,20:30,D1,Paderborn,Werder Bremen,,,SCHEDULED,D1_20270518_Paderborn_Werder_Bremen
2027-05-18,20:30,D1,Schalke 04,Stuttgart,,,SCHEDULED,D1_20270518_Schalke_04_Stuttgart
2027-05-18,20:45,I1,Atalanta,Udinese,,,SCHEDULED,I1_20270518_Atalanta_Udinese
2027-05-18,20:45,I1,Cagliari,Juventus,,,SCHEDULED,I1_20270518_Cagliari_Juventus
2027-05-18,20:45,I1,Como,Genoa,,,SCHEDULED,I1_20270518_Como_Genoa
2027-05-18,20:45,I1,Fiorentina,Inter,,,SCHEDULED,I1_20270518_Fiorentina_Inter
2027-05-18,20:45,I1,Lecce,Venezia,,,SCHEDULED,I1_20270518_Lecce_Venezia
2027-05-18,20:45,I1,Milan,Frosinone,,,SCHEDULED,I1_20270518_Milan_Frosinone
2027-05-18,20:45,I1,Parma,Monza,,,SCHEDULED,I1_20270518_Parma_Monza
2027-05-18,20:45,I1,Roma,Bologna,,,SCHEDULED,I1_20270518_Roma_Bologna
2027-05-18,20:45,I1,Sassuolo,Lazio,,,SCHEDULED,I1_20270518_Sassuolo_Lazio
2027-05-18,20:45,I1,Torino,Napoli,,,SCHEDULED,I1_20270518_Torino_Napoli
2027-05-18,20:45,I2,Ascoli,Pisa,,,SCHEDULED,I2_20270518_Ascoli_Pisa
2027-05-18,20:45,I2,Benevento,Avellino,,,SCHEDULED,I2_20270518_Benevento_Avellino
2027-05-18,20:45,I2,Catanzaro,Verona,,,SCHEDULED,I2_20270518_Catanzaro_Verona
2027-05-18,20:45,I2,Cremonese,Arezzo,,,SCHEDULED,I2_20270518_Cremonese_Arezzo
2027-05-18,20:45,I2,Empoli,Cesena,,,SCHEDULED,I2_20270518_Empoli_Cesena
2027-05-18,20:45,I2,Padova,Mantova,,,SCHEDULED,I2_20270518_Padova_Mantova
2027-05-18,20:45,I2,Palermo,Carrarese,,,SCHEDULED,I2_20270518_Palermo_Carrarese
2027-05-18,20:45,I2,Sudtirol,Juve Stabia,,,SCHEDULED,I2_20270518_Sudtirol_Juve_Stabia
2027-05-18,20:45,I2,Vicenza,Modena,,,SCHEDULED,I2_20270518_Vicenza_Modena
2027-05-18,20:45,I2,Virtus Entella,Sampdoria,,,SCHEDULED,I2_20270518_Virtus_Entella_Sampdoria
2027-05-18,21:00,SP1,Alaves,Ath Madrid,,,SCHEDULED,SP1_20270518_Alaves_Ath_Madrid
2027-05-18,21:00,SP1,Barcelona,Vallecano,,,SCHEDULED,SP1_20270518_Barcelona_Vallecano
2027-05-18,21:00,SP1,Betis,Espanol,,,SCHEDULED,SP1_20270518_Betis_Espanol
2027-05-18,21:00,SP1,Elche,Ath Bilbao,,,SCHEDULED,SP1_20270518_Elche_Ath_Bilbao
2027-05-18,21:00,SP1,La Coruna,Real Madrid,,,SCHEDULED,SP1_20270518_La_Coruna_Real_Madrid
2027-05-18,21:00,SP1,Levante,Valencia,,,SCHEDULED,SP1_20270518_Levante_Valencia
2027-05-18,21:00,SP1,Santander,Celta,,,SCHEDULED,SP1_20270518_Santander_Celta
2027-05-18,21:00,SP1,Sevilla,Osasuna,,,SCHEDULED,SP1_20270518_Sevilla_Osasuna
2027-05-18,21:00,SP1,Sociedad,Malaga,,,SCHEDULED,SP1_20270518_Sociedad_Malaga
2027-05-18,21:00,SP1,Villarreal,Getafe,,,SCHEDULED,SP1_20270518_Villarreal_Getafe
2027-05-18,21:00,SP2,Albacete,Las Palmas,,,SCHEDULED,SP2_20270518_Albacete_Las_Palmas
2027-05-18,21:00,SP2,Andorra,Oviedo,,,SCHEDULED,SP2_20270518_Andorra_Oviedo
2027-05-18,21:00,SP2,Burgos,Eibar,,,SCHEDULED,SP2_20270518_Burgos_Eibar
2027-05-18,21:00,SP2,Cadiz,Sabadell,,,SCHEDULED,SP2_20270518_Cadiz_Sabadell
2027-05-18,21:00,SP2,Celta B,Castellon,,,SCHEDULED,SP2_20270518_Celta_B_Castellon
2027-05-18,21:00,SP2,Ceuta,Sp Gijon,,,SCHEDULED,SP2_20270518_Ceuta_Sp_Gijon
2027-05-18,21:00,SP2,Cordoba,Girona,,,SCHEDULED,SP2_20270518_Cordoba_Girona
2027-05-18,21:00,SP2,Granada,Sociedad B,,,SCHEDULED,SP2_20270518_Granada_Sociedad_B
2027-05-18,21:00,SP2,Leganes,Eldense,,,SCHEDULED,SP2_20270518_Leganes_Eldense
2027-05-18,21:00,SP2,Mallorca,Almeria,,,SCHEDULED,SP2_20270518_Mallorca_Almeria
2027-05-18,21:00,SP2,Tenerife,Valladolid,,,SCHEDULED,SP2_20270518_Tenerife_Valladolid
2027-05-21,20:00,E3,Northampton,Crawley Town,,,SCHEDULED,E3_20270521_Northampton_Crawley_Town
2027-05-21,20:30,D1,Dortmund,Werder Bremen,,,SCHEDULED,D1_20270521_Dortmund_Werder_Bremen
2027-05-21,20:30,D2,Kaiserslautern,Darmstadt,,,SCHEDULED,D2_20270521_Kaiserslautern_Darmstadt
2027-05-21,20:45,F1,Lille,Marseille,,,SCHEDULED,F1_20270521_Lille_Marseille
2027-05-21,20:45,I1,Roma,Frosinone,,,SCHEDULED,I1_20270521_Roma_Frosinone
2027-05-21,20:45,I2,Benevento,Mantova,,,SCHEDULED,I2_20270521_Benevento_Mantova
2027-05-21,21:00,SP1,Elche,Espanol,,,SCHEDULED,SP1_20270521_Elche_Espanol
2027-05-21,21:00,SP2,Celta B,Valladolid,,,SCHEDULED,SP2_20270521_Celta_B_Valladolid
2027-05-21,21:00,USA,New York Red Bulls,New York City,,,SCHEDULED,USA_20270521_New_York_Red_Bulls_New_York_City
2027-05-21,21:00,USA,Real Salt Lake,Seattle Sounders,,,SCHEDULED,USA_20270521_Real_Salt_Lake_Seattle_Sounders
2027-05-22,14:00,JPN,Kashima Antlers,Avispa Fukuoka,,,SCHEDULED,JPN_20270522_Kashima_Antlers_Avispa_Fukuoka
2027-05-22,14:00,JPN,Shimizu S-Pulse,Urawa Reds,,,SCHEDULED,JPN_20270522_Shimizu_S_Pulse_Urawa_Reds
2027-05-22,14:00,JPN,Yokohama F. Marinos,Nagoya Grampus,,,SCHEDULED,JPN_20270522_Yokohama_F_Marinos_Nagoya_Grampus
2027-05-22,14:00,SP1,Alaves,Ath Bilbao,,,SCHEDULED,SP1_20270522_Alaves_Ath_Bilbao
2027-05-22,14:00,SP1,Barcelona,Levante,,,SCHEDULED,SP1_20270522_Barcelona_Levante
2027-05-22,14:00,SP2,Cadiz,Las Palmas,,,SCHEDULED,SP2_20270522_Cadiz_Las_Palmas
2027-05-22,14:00,SP2,Cordoba,Leganes,,,SCHEDULED,SP2_20270522_Cordoba_Leganes
2027-05-22,15:00,E3,Cheltenham,Shrewsbury,,,SCHEDULED,E3_20270522_Cheltenham_Shrewsbury
2027-05-22,15:00,E3,Crewe,Chesterfield,,,SCHEDULED,E3_20270522_Crewe_Chesterfield
2027-05-22,15:00,E3,Exeter,Bristol Rvs,,,SCHEDULED,E3_20270522_Exeter_Bristol_Rvs
2027-05-22,15:00,E3,Newport County,Swindon,,,SCHEDULED,E3_20270522_Newport_County_Swindon
2027-05-22,15:00,E3,Port Vale,Grimsby,,,SCHEDULED,E3_20270522_Port_Vale_Grimsby
2027-05-22,15:00,E3,Rotherham,Rochdale,,,SCHEDULED,E3_20270522_Rotherham_Rochdale
2027-05-22,15:00,E3,Walsall,Fleetwood Town,,,SCHEDULED,E3_20270522_Walsall_Fleetwood_Town
2027-05-22,15:00,E3,York,Oldham,,,SCHEDULED,E3_20270522_York_Oldham
2027-05-22,15:00,I1,Cagliari,Monza,,,SCHEDULED,I1_20270522_Cagliari_Monza
2027-05-22,15:00,I1,Torino,Como,,,SCHEDULED,I1_20270522_Torino_Como
2027-05-22,15:00,I2,Sudtirol,Arezzo,,,SCHEDULED,I2_20270522_Sudtirol_Arezzo
2027-05-22,15:00,I2,Vicenza,Empoli,,,SCHEDULED,I2_20270522_Vicenza_Empoli
2027-05-22,15:30,D1,Augsburg,Freiburg,,,SCHEDULED,D1_20270522_Augsburg_Freiburg
2027-05-22,15:30,D1,M'gladbach,Hamburg,,,SCHEDULED,D1_20270522_M_gladbach_Hamburg
2027-05-22,15:30,D1,Mainz,FC Koln,,,SCHEDULED,D1_20270522_Mainz_FC_Koln
2027-05-22,15:30,D1,Schalke 04,RB Leipzig,,,SCHEDULED,D1_20270522_Schalke_04_RB_Leipzig
2027-05-22,15:30,D1,Union Berlin,Leverkusen,,,SCHEDULED,D1_20270522_Union_Berlin_Leverkusen
2027-05-22,15:30,D2,Bielefeld,Braunschweig,,,SCHEDULED,D2_20270522_Bielefeld_Braunschweig
2027-05-22,15:30,D2,Greuther Furth,Dresden,,,SCHEDULED,D2_20270522_Greuther_Furth_Dresden
2027-05-22,15:30,D2,Heidenheim,Cottbus,,,SCHEDULED,D2_20270522_Heidenheim_Cottbus
2027-05-22,15:30,D2,Osnabruck,Magdeburg,,,SCHEDULED,D2_20270522_Osnabruck_Magdeburg
2027-05-22,15:30,D2,St Pauli,Holstein Kiel,,,SCHEDULED,D2_20270522_St_Pauli_Holstein_Kiel
2027-05-22,16:00,JPN,Sanfrecce Hiroshima,FC Tokyo,,,SCHEDULED,JPN_20270522_Sanfrecce_Hiroshima_FC_Tokyo
2027-05-22,16:00,JPN,V-Varen Nagasaki,Kyoto,,,SCHEDULED,JPN_20270522_V_Varen_Nagasaki_Kyoto
2027-05-22,16:15,SP1,Valencia,Malaga,,,SCHEDULED,SP1_20270522_Valencia_Malaga
2027-05-22,16:15,SP2,Albacete,Castellon,,,SCHEDULED,SP2_20270522_Albacete_Castellon
2027-05-22,16:15,SP2,Eldense,Almeria,,,SCHEDULED,SP2_20270522_Eldense_Almeria
2027-05-22,17:00,F1,Nice,Rennes,,,SCHEDULED,F1_20270522_Nice_Rennes
2027-05-22,17:00,F1,Strasbourg,Paris FC,,,SCHEDULED,F1_20270522_Strasbourg_Paris_FC
2027-05-22,17:30,E3,Barnet,Accrington,,,SCHEDULED,E3_20270522_Barnet_Accrington
2027-05-22,18:00,I1,Genoa,Udinese,,,SCHEDULED,I1_20270522_Genoa_Udinese
2027-05-22,18:00,I1,Milan,Juventus,,,SCHEDULED,I1_20270522_Milan_Juventus
2027-05-22,18:00,I2,Cesena,Pisa,,,SCHEDULED,I2_20270522_Cesena_Pisa
2027-05-22,18:00,I2,Padova,Juve Stabia,,,SCHEDULED,I2_20270522_Padova_Juve_Stabia
2027-05-22,18:30,D1,Hoffenheim,Ein Frankfurt,,,SCHEDULED,D1_20270522_Hoffenheim_Ein_Frankfurt
2027-05-22,18:30,D2,Hertha,Nurnberg,,,SCHEDULED,D2_20270522_Hertha_Nurnberg
2027-05-22,18:30,SP1,La Coruna,Vallecano,,,SCHEDULED,SP1_20270522_La_Coruna_Vallecano
2027-05-22,18:30,SP2,Andorra,Girona,,,SCHEDULED,SP2_20270522_Andorra_Girona
2027-05-22,19:30,USA,FC Cincinnati,DC United,,,SCHEDULED,USA_20270522_FC_Cincinnati_DC_United
2027-05-22,19:30,USA,Houston Dynamo,Los Angeles Galaxy,,,SCHEDULED,USA_20270522_Houston_Dynamo_Los_Angeles_Galaxy
2027-05-22,19:30,USA,Philadelphia Union,New England Revolution,,,SCHEDULED,USA_20270522_Philadelphia_Union_New_England_Revolution
2027-05-22,19:30,USA,Vancouver Whitecaps,Colorado Rapids,,,SCHEDULED,USA_20270522_Vancouver_Whitecaps_Colorado_Rapids
2027-05-22,20:45,I1,Sassuolo,Napoli,,,SCHEDULED,I1_20270522_Sassuolo_Napoli
2027-05-22,20:45,I2,Catanzaro,Modena,,,SCHEDULED,I2_20270522_Catanzaro_Modena
2027-05-22,21:00,F1,Le Havre,Troyes,,,SCHEDULED,F1_20270522_Le_Havre_Troyes
2027-05-22,21:00,SP1,Sociedad,Getafe,,,SCHEDULED,SP1_20270522_Sociedad_Getafe
2027-05-22,21:00,SP2,Mallorca,Sociedad B,,,SCHEDULED,SP2_20270522_Mallorca_Sociedad_B
2027-05-22,21:00,USA,Charlotte,Orlando City,,,SCHEDULED,USA_20270522_Charlotte_Orlando_City
2027-05-22,21:00,USA,Los Angeles FC,FC Dallas,,,SCHEDULED,USA_20270522_Los_Angeles_FC_FC_Dallas
2027-05-23,12:30,I1,Atalanta,Venezia,,,SCHEDULED,I1_20270523_Atalanta_Venezia
2027-05-23,12:30,I2,Ascoli,Sampdoria,,,SCHEDULED,I2_20270523_Ascoli_Sampdoria
2027-05-23,14:00,E3,Tranmere,Gillingham,,,SCHEDULED,E3_20270523_Tranmere_Gillingham
2027-05-23,14:00,JPN,Gamba Osaka,Okayama,,,SCHEDULED,JPN_20270523_Gamba_Osaka_Okayama
2027-05-23,14:00,JPN,Kawasaki Frontale,Chiba,,,SCHEDULED,JPN_20270523_Kawasaki_Frontale_Chiba
2027-05-23,14:00,JPN,Mito,Machida,,,SCHEDULED,JPN_20270523_Mito_Machida
2027-05-23,14:00,SP1,Santander,Real Madrid,,,SCHEDULED,SP1_20270523_Santander_Real_Madrid
2027-05-23,14:00,SP2,Ceuta,Oviedo,,,SCHEDULED,SP2_20270523_Ceuta_Oviedo
2027-05-23,15:00,E0,Bournemouth,Chelsea,,,SCHEDULED,E0_20270523_Bournemouth_Chelsea
2027-05-23,15:00,E0,Brentford,Hull,,,SCHEDULED,E0_20270523_Brentford_Hull
2027-05-23,15:00,E0,Brighton,Liverpool,,,SCHEDULED,E0_20270523_Brighton_Liverpool
2027-05-23,15:00,E0,Everton,Arsenal,,,SCHEDULED,E0_20270523_Everton_Arsenal
2027-05-23,15:00,E0,Fulham,Coventry,,,SCHEDULED,E0_20270523_Fulham_Coventry
2027-05-23,15:00,E0,Leeds,Sunderland,,,SCHEDULED,E0_20270523_Leeds_Sunderland
2027-05-23,15:00,E0,Man City,Aston Villa,,,SCHEDULED,E0_20270523_Man_City_Aston_Villa
2027-05-23,15:00,E0,Newcastle,Crystal Palace,,,SCHEDULED,E0_20270523_Newcastle_Crystal_Palace
2027-05-23,15:00,E0,Nott'm Forest,Ipswich,,,SCHEDULED,E0_20270523_Nott_m_Forest_Ipswich
2027-05-23,15:00,E0,Tottenham,Man United,,,SCHEDULED,E0_20270523_Tottenham_Man_United
2027-05-23,15:00,F1,Auxerre,Toulouse,,,SCHEDULED,F1_20270523_Auxerre_Toulouse
2027-05-23,15:00,F1,Brest,Lyon,,,SCHEDULED,F1_20270523_Brest_Lyon
2027-05-23,15:00,F1,Paris SG,Angers,,,SCHEDULED,F1_20270523_Paris_SG_Angers
2027-05-23,15:00,I1,Fiorentina,Lazio,,,SCHEDULED,I1_20270523_Fiorentina_Lazio
2027-05-23,15:00,I2,Palermo,Verona,,,SCHEDULED,I2_20270523_Palermo_Verona
2027-05-23,15:30,D1,Paderborn,Stuttgart,,,SCHEDULED,D1_20270523_Paderborn_Stuttgart
2027-05-23,15:30,D2,Bochum,Karlsruhe,,,SCHEDULED,D2_20270523_Bochum_Karlsruhe
2027-05-23,16:00,JPN,Verdy,Cerezo Osaka,,,SCHEDULED,JPN_20270523_Verdy_Cerezo_Osaka
2027-05-23,16:00,JPN,Vissel Kobe,Kashiwa Reysol,,,SCHEDULED,JPN_20270523_Vissel_Kobe_Kashiwa_Reysol
2027-05-23,16:00,USA,CF Montreal,Toronto FC,,,SCHEDULED,USA_20270523_CF_Montreal_Toronto_FC
2027-05-23,16:00,USA,San Diego FC,Sporting Kansas City,,,SCHEDULED,USA_20270523_San_Diego_FC_Sporting_Kansas_City
2027-05-23,16:15,SP1,Villarreal,Osasuna,,,SCHEDULED,SP1_20270523_Villarreal_Osasuna
2027-05-23,16:15,SP2,Granada,Eibar,,,SCHEDULED,SP2_20270523_Granada_Eibar
2027-05-23,16:30,E3,Salford,Colchester,,,SCHEDULED,E3_20270523_Salford_Colchester
2027-05-23,17:15,F1,Le Mans,Monaco,,,SCHEDULED,F1_20270523_Le_Mans_Monaco
2027-05-23,17:30,D1,Bayern Munich,Elversberg,,,SCHEDULED,D1_20270523_Bayern_Munich_Elversberg
2027-05-23,17:30,D2,Wolfsburg,Hannover,,,SCHEDULED,D2_20270523_Wolfsburg_Hannover
2027-05-23,18:00,I1,Lecce,Bologna,,,SCHEDULED,I1_20270523_Lecce_Bologna
2027-05-23,18:00,I2,Virtus Entella,Avellino,,,SCHEDULED,I2_20270523_Virtus_Entella_Avellino
2027-05-23,18:30,SP1,Betis,Celta,,,SCHEDULED,SP1_20270523_Betis_Celta
2027-05-23,18:30,SP2,Tenerife,Sp Gijon,,,SCHEDULED,SP2_20270523_Tenerife_Sp_Gijon
2027-05-23,18:30,USA,Nashville SC,Columbus Crew,,,SCHEDULED,USA_20270523_Nashville_SC_Columbus_Crew
2027-05-23,18:30,USA,Portland Timbers,Austin FC,,,SCHEDULED,USA_20270523_Portland_Timbers_Austin_FC
2027-05-23,20:45,F1,Lorient,Lens,,,SCHEDULED,F1_20270523_Lorient_Lens
2027-05-23,20:45,I1,Parma,Inter,,,SCHEDULED,I1_20270523_Parma_Inter
2027-05-23,20:45,I2,Cremonese,Carrarese,,,SCHEDULED,I2_20270523_Cremonese_Carrarese
2027-05-23,21:00,SP1,Sevilla,Ath Madrid,,,SCHEDULED,SP1_20270523_Sevilla_Ath_Madrid
2027-05-23,21:00,SP2,Burgos,Sabadell,,,SCHEDULED,SP2_20270523_Burgos_Sabadell
2027-05-23,21:00,USA,Inter Miami,Atlanta Utd,,,SCHEDULED,USA_20270523_Inter_Miami_Atlanta_Utd
2027-05-23,21:00,USA,Minnesota United,San Jose Earthquakes,,,SCHEDULED,USA_20270523_Minnesota_United_San_Jose_Earthquakes
2027-05-28,21:00,USA,Inter Miami,New York City,,,SCHEDULED,USA_20270528_Inter_Miami_New_York_City
2027-05-28,21:00,USA,Minnesota United,Seattle Sounders,,,SCHEDULED,USA_20270528_Minnesota_United_Seattle_Sounders
2027-05-29,14:00,JPN,Mito,Kashiwa Reysol,,,SCHEDULED,JPN_20270529_Mito_Kashiwa_Reysol
2027-05-29,14:00,JPN,Sanfrecce Hiroshima,Machida,,,SCHEDULED,JPN_20270529_Sanfrecce_Hiroshima_Machida
2027-05-29,14:00,JPN,V-Varen Nagasaki,Shimizu S-Pulse,,,SCHEDULED,JPN_20270529_V_Varen_Nagasaki_Shimizu_S_Pulse
2027-05-29,16:00,JPN,Kashima Antlers,Chiba,,,SCHEDULED,JPN_20270529_Kashima_Antlers_Chiba
2027-05-29,16:00,JPN,Urawa Reds,Okayama,,,SCHEDULED,JPN_20270529_Urawa_Reds_Okayama
2027-05-29,19:30,USA,Houston Dynamo,St. Louis City,,,SCHEDULED,USA_20270529_Houston_Dynamo_St_Louis_City
2027-05-29,19:30,USA,Nashville SC,DC United,,,SCHEDULED,USA_20270529_Nashville_SC_DC_United
2027-05-29,19:30,USA,Philadelphia Union,Chicago Fire,,,SCHEDULED,USA_20270529_Philadelphia_Union_Chicago_Fire
2027-05-29,19:30,USA,Portland Timbers,Colorado Rapids,,,SCHEDULED,USA_20270529_Portland_Timbers_Colorado_Rapids
2027-05-29,21:00,USA,Charlotte,New England Revolution,,,SCHEDULED,USA_20270529_Charlotte_New_England_Revolution
2027-05-29,21:00,USA,Los Angeles FC,Los Angeles Galaxy,,,SCHEDULED,USA_20270529_Los_Angeles_FC_Los_Angeles_Galaxy
2027-05-30,14:00,JPN,Verdy,FC Tokyo,,,SCHEDULED,JPN_20270530_Verdy_FC_Tokyo
2027-05-30,14:00,JPN,Vissel Kobe,Kyoto,,,SCHEDULED,JPN_20270530_Vissel_Kobe_Kyoto
2027-05-30,14:00,JPN,Yokohama F. Marinos,Avispa Fukuoka,,,SCHEDULED,JPN_20270530_Yokohama_F_Marinos_Avispa_Fukuoka
2027-05-30,16:00,E0,Arsenal,Brighton,,,SCHEDULED,E0_20270530_Arsenal_Brighton
2027-05-30,16:00,E0,Aston Villa,Tottenham,,,SCHEDULED,E0_20270530_Aston_Villa_Tottenham
2027-05-30,16:00,E0,Chelsea,Brentford,,,SCHEDULED,E0_20270530_Chelsea_Brentford
2027-05-30,16:00,E0,Coventry,Nott'm Forest,,,SCHEDULED,E0_20270530_Coventry_Nott_m_Forest
2027-05-30,16:00,E0,Crystal Palace,Leeds,,,SCHEDULED,E0_20270530_Crystal_Palace_Leeds
2027-05-30,16:00,E0,Hull,Newcastle,,,SCHEDULED,E0_20270530_Hull_Newcastle
2027-05-30,16:00,E0,Ipswich,Everton,,,SCHEDULED,E0_20270530_Ipswich_Everton
2027-05-30,16:00,E0,Liverpool,Bournemouth,,,SCHEDULED,E0_20270530_Liverpool_Bournemouth
2027-05-30,16:00,E0,Man United,Fulham,,,SCHEDULED,E0_20270530_Man_United_Fulham
2027-05-30,16:00,E0,Sunderland,Man City,,,SCHEDULED,E0_20270530_Sunderland_Man_City
2027-05-30,16:00,JPN,Gamba Osaka,Nagoya Grampus,,,SCHEDULED,JPN_20270530_Gamba_Osaka_Nagoya_Grampus
2027-05-30,16:00,JPN,Kawasaki Frontale,Cerezo Osaka,,,SCHEDULED,JPN_20270530_Kawasaki_Frontale_Cerezo_Osaka
2027-05-30,16:00,USA,CF Montreal,Orlando City,,,SCHEDULED,USA_20270530_CF_Montreal_Orlando_City
2027-05-30,16:00,USA,San Diego FC,FC Dallas,,,SCHEDULED,USA_20270530_San_Diego_FC_FC_Dallas
2027-05-30,18:30,USA,Austin FC,Sporting Kansas City,,,SCHEDULED,USA_20270530_Austin_FC_Sporting_Kansas_City
2027-05-30,18:30,USA,Columbus Crew,Toronto FC,,,SCHEDULED,USA_20270530_Columbus_Crew_Toronto_FC
2027-05-30,21:00,USA,FC Cincinnati,Atlanta Utd,,,SCHEDULED,USA_20270530_FC_Cincinnati_Atlanta_Utd
2027-05-30,21:00,USA,Vancouver Whitecaps,San Jose Earthquakes,,,SCHEDULED,USA_20270530_Vancouver_Whitecaps_San_Jose_Earthquakes
2027-06-01,19:00,JPN,Gamba Osaka,Avispa Fukuoka,,,SCHEDULED,JPN_20270601_Gamba_Osaka_Avispa_Fukuoka
2027-06-01,19:00,JPN,Kashima Antlers,Cerezo Osaka,,,SCHEDULED,JPN_20270601_Kashima_Antlers_Cerezo_Osaka
2027-06-01,19:00,JPN,Kawasaki Frontale,FC Tokyo,,,SCHEDULED,JPN_20270601_Kawasaki_Frontale_FC_Tokyo
2027-06-01,19:00,JPN,Mito,Kyoto,,,SCHEDULED,JPN_20270601_Mito_Kyoto
2027-06-01,19:00,JPN,Sanfrecce Hiroshima,Kashiwa Reysol,,,SCHEDULED,JPN_20270601_Sanfrecce_Hiroshima_Kashiwa_Reysol
2027-06-01,19:00,JPN,Shimizu S-Pulse,Okayama,,,SCHEDULED,JPN_20270601_Shimizu_S_Pulse_Okayama
2027-06-01,19:00,JPN,Urawa Reds,Nagoya Grampus,,,SCHEDULED,JPN_20270601_Urawa_Reds_Nagoya_Grampus
2027-06-01,19:00,JPN,Verdy,Machida,,,SCHEDULED,JPN_20270601_Verdy_Machida
2027-06-01,19:00,JPN,Vissel Kobe,V-Varen Nagasaki,,,SCHEDULED,JPN_20270601_Vissel_Kobe_V_Varen_Nagasaki
2027-06-01,19:00,JPN,Yokohama F. Marinos,Chiba,,,SCHEDULED,JPN_20270601_Yokohama_F_Marinos_Chiba
2027-06-05,14:00,JPN,Sanfrecce Hiroshima,Kyoto,,,SCHEDULED,JPN_20270605_Sanfrecce_Hiroshima_Kyoto
2027-06-05,14:00,JPN,Verdy,Kashiwa Reysol,,,SCHEDULED,JPN_20270605_Verdy_Kashiwa_Reysol
2027-06-05,14:00,JPN,Vissel Kobe,Shimizu S-Pulse,,,SCHEDULED,JPN_20270605_Vissel_Kobe_Shimizu_S_Pulse
2027-06-05,16:00,JPN,Okayama,Nagoya Grampus,,,SCHEDULED,JPN_20270605_Okayama_Nagoya_Grampus
2027-06-05,16:00,JPN,Yokohama F. Marinos,Cerezo Osaka,,,SCHEDULED,JPN_20270605_Yokohama_F_Marinos_Cerezo_Osaka
2027-06-06,14:00,JPN,Gamba Osaka,Chiba,,,SCHEDULED,JPN_20270606_Gamba_Osaka_Chiba
2027-06-06,14:00,JPN,Kawasaki Frontale,Machida,,,SCHEDULED,JPN_20270606_Kawasaki_Frontale_Machida
2027-06-06,14:00,JPN,Mito,V-Varen Nagasaki,,,SCHEDULED,JPN_20270606_Mito_V_Varen_Nagasaki
2027-06-06,16:00,JPN,Kashima Antlers,FC Tokyo,,,SCHEDULED,JPN_20270606_Kashima_Antlers_FC_Tokyo
2027-06-06,16:00,JPN,Urawa Reds,Avispa Fukuoka,,,SCHEDULED,JPN_20270606_Urawa_Reds_Avispa_Fukuoka